Date,S&P 500 Buy Hold
2016-01-04,10000.0
2016-01-05,10016.914082495892
2016-01-06,9890.5568876795
2016-01-07,9653.270289445089
2016-01-08,9547.308959955457
2016-01-11,9556.760154825732
2016-01-12,9633.869475801745
2016-01-13,9393.595926394913
2016-01-14,9547.804689674993
2016-01-15,9342.851882785068
2016-01-19,9355.289130766676
2016-01-20,9235.401568014657
2016-01-21,9287.134376880316
2016-01-22,9477.664322727233
2016-01-25,9334.394841537121
2016-01-26,9461.746189975844
2016-01-27,9358.772709719717
2016-01-28,9407.523057718387
2016-01-29,9636.851936668734
2016-02-01,9633.369255776779
2016-02-02,9459.756984670099
2016-02-03,9516.46684807501
2016-02-04,9531.39082720407
2016-02-05,9349.819040691153
2016-02-08,9223.95847365538
2016-02-09,9224.456897558175
2016-02-10,9216.497382151938
2016-02-11,9096.608921338833
2016-02-12,9284.15191601333
2016-02-16,9440.852798807378
2016-02-17,9595.066052392887
2016-02-18,9555.764205081234
2016-02-19,9551.287370566952
2016-02-22,9689.581593339983
2016-02-23,9567.209095562685
2016-02-24,9610.980592899932
2016-02-25,9727.390863126513
2016-02-26,9705.005792494008
2016-02-29,9628.893319323584
2016-03-01,9855.239737406942
2016-03-02,9899.512352830243
2016-03-03,9938.314878178016
2016-03-04,9970.650465644678
2016-03-07,9978.60908298983
2016-03-08,9869.666190694295
2016-03-09,9918.416538692967
2016-03-10,9926.375156038119
2016-03-11,10086.560515846293
2016-03-14,10073.62484396189
2016-03-15,10057.209185368793
2016-03-16,10115.415218543169
2016-03-17,10179.582581207178
2016-03-18,10219.585814227088
2016-03-21,10234.087704645674
2016-03-22,10228.587080493218
2016-03-23,10161.08431895538
2016-03-24,10156.583236791772
2016-03-28,10162.585877091366
2016-03-29,10256.587727097203
2016-03-30,10301.594956488949
2016-03-31,10276.592935851506
2016-04-01,10346.592307208746
2016-04-04,10313.092832574483
2016-04-05,10210.08792018034
2016-04-06,10321.593878815645
2016-04-07,10198.084435703326
2016-04-08,10225.586658404512
2016-04-11,10201.585975878086
2016-04-12,10296.590960117113
2016-04-13,10400.599006744444
2016-04-14,10401.099226769411
2016-04-15,10389.595962317362
2016-04-18,10462.602042190914
2016-04-19,10495.603092922383
2016-04-20,10505.603003116275
2016-04-21,10449.102387944431
2016-04-22,10449.102387944431
2016-04-25,10431.098059289996
2016-04-26,10446.600389758516
2016-04-27,10468.100870221195
2016-04-28,10373.09319179891
2016-04-29,10317.094592774203
2016-05-02,10399.097448608456
2016-05-03,10308.593546533039
2016-05-04,10251.088001005832
2016-05-05,10249.087120905968
2016-05-06,10286.591947984305
2016-05-09,10295.092096164384
2016-05-10,10423.098131134882
2016-05-11,10325.593842893195
2016-05-12,10328.593366920819
2016-05-13,10238.588786809281
2016-05-16,10339.594615225731
2016-05-17,10243.087174789633
2016-05-18,10246.089393000517
2016-05-19,10210.585446022042
2016-05-20,10275.090479654431
2016-05-23,10261.089707321898
2016-05-24,10394.095248358799
2016-05-25,10464.600228107523
2016-05-26,10467.601548257318
2016-05-27,10512.604287343633
2016-05-31,10492.600874711505
2016-06-01,10514.103151296356
2016-06-02,10546.105558100067
2016-06-03,10514.603371321322
2016-06-06,10568.1071566488
2016-06-07,10584.609029106165
2016-06-08,10619.110739912534
2016-06-09,10604.60615531069
2016-06-10,10504.10413916355
2016-06-13,10423.098131134884
2016-06-14,10402.59719266105
2016-06-15,10388.097098364635
2016-06-16,10419.096370935154
2016-06-17,10380.292947526295
2016-06-20,10447.143716715616
2016-06-21,10476.800387962396
2016-06-22,10459.712081615797
2016-06-23,10595.921904607956
2016-06-24,10215.43587394815
2016-06-27,10032.474786935012
2016-06-28,10213.422420993082
2016-06-29,10387.332848380353
2016-06-30,10529.072033479722
2016-07-01,10551.18858384748
2016-07-05,10475.29164533772
2016-07-06,10538.121795044504
2016-07-07,10531.588400643017
2016-07-08,10688.406929439345
2016-07-11,10726.103043529025
2016-07-12,10804.010740810594
2016-07-13,10802.503794308093
2016-07-14,10862.815780729412
2016-07-15,10848.243841546107
2016-07-18,10877.394904401404
2016-07-19,10866.336180186983
2016-07-20,10911.573313216773
2016-07-21,10870.360391913868
2016-07-22,10919.11433215688
2016-07-25,10889.456762849015
2016-07-26,10894.48500687017
2016-07-27,10882.925164569699
2016-07-28,10895.492631408792
2016-07-29,10913.08025971927
2016-08-01,10904.035886521004
2016-08-02,10834.170326265596
2016-08-03,10865.833265978756
2016-08-04,10877.3949044014
2016-08-05,10966.360427836304
2016-08-08,10959.827931495902
2016-08-09,10966.360427836302
2016-08-10,10939.218327630646
2016-08-11,10989.985720828732
2016-08-12,10980.435739238985
2016-08-15,11012.100475074316
2016-08-16,10955.29990749971
2016-08-17,10975.909511364966
2016-08-18,11000.54153083493
2016-08-19,10984.455460660436
2016-08-22,10983.9534445133
2016-08-23,11006.067300697798
2016-08-24,10949.77503569793
2016-08-25,10942.235812879995
2016-08-26,10921.62620901474
2016-08-29,10975.40929134
2016-08-30,10957.314258515868
2016-08-31,10926.148844644415
2016-09-01,10926.654453035897
2016-09-02,10975.909511364966
2016-09-06,11009.0811937028
2016-09-07,11008.078957530694
2016-09-08,10982.94941221902
2016-09-09,10720.071665274672
2016-09-12,10873.878995249257
2016-09-13,10717.55978841681
2016-09-14,10713.5373728121
2016-09-15,10820.597929071137
2016-09-16,10778.76983592424
2016-09-19,10780.79226949017
2016-09-20,10781.292489515137
2016-09-21,10902.537022568276
2016-09-22,10971.237797594995
2016-09-23,10911.125180734794
2016-09-26,10822.720945478712
2016-09-27,10889.908487575325
2016-09-28,10943.96098822642
2016-09-29,10844.945263176802
2016-09-30,10926.784671893383
2016-10-03,10900.516385124516
2016-10-04,10844.945263176802
2016-10-05,10892.935851496619
2016-10-06,10900.516385124516
2016-10-07,10863.131898231719
2016-10-10,10919.711542779143
2016-10-11,10781.800792089882
2016-10-12,10795.94705031837
2016-10-13,10760.582302808243
2016-10-14,10766.141300931298
2016-10-17,10728.758610160672
2016-10-18,10795.947050318371
2016-10-19,10824.742480983565
2016-10-20,10804.53251430163
2016-10-21,10809.582311788858
2016-10-24,10855.55405878709
2016-10-25,10819.179890616171
2016-10-26,10797.461181309565
2016-10-27,10768.66754676654
2016-10-28,10736.841159935708
2016-10-31,10737.344074143934
2016-11-01,10659.553124803559
2016-11-02,10595.393844689324
2016-11-03,10546.897647978025
2016-11-04,10535.28032976804
2016-11-07,10767.656329983574
2016-11-08,10816.152526694876
2016-11-09,10930.825048719826
2016-11-10,10958.103654210568
2016-11-11,10932.847482285755
2016-11-14,10941.432946269017
2016-11-15,11026.807123420547
2016-11-16,11006.096936713648
2016-11-17,11062.6747851389
2016-11-18,11037.919731300137
2016-11-21,11121.273271007907
2016-11-22,11142.99557255886
2016-11-23,11149.057484890136
2016-11-25,11190.482348609368
2016-11-28,11137.943080888377
2016-11-29,11159.668076622587
2016-11-30,11132.895079523323
2016-12-01,11091.976722256662
2016-12-02,11097.530332013197
2016-12-05,11164.214959901587
2016-12-06,11199.576115167367
2016-12-07,11346.075922084234
2016-12-08,11373.856543722119
2016-12-09,11442.55821680992
2016-12-12,11429.42586954766
2016-12-13,11505.707178202274
2016-12-14,11410.736320284517
2016-12-15,11457.716589882457
2016-12-16,11435.304577417366
2016-12-19,11460.208709396424
2016-12-20,11504.412174116094
2016-12-21,11472.402582823695
2016-12-22,11452.585068836393
2016-12-23,11469.353665436334
2016-12-27,11497.807832888804
2016-12-28,11402.784887428055
2016-12-29,11400.24337455435
2016-12-30,11358.576932402953
2017-01-03,11445.472425034362
2017-01-04,11513.560722400349
2017-01-05,11504.412174116094
2017-01-06,11545.574803998177
2017-01-09,11507.4646837478
2017-01-10,11507.4646837478
2017-01-11,11539.9852717982
2017-01-12,11511.021005648814
2017-01-13,11537.441064741233
2017-01-17,11496.792125800408
2017-01-18,11522.200070048775
2017-01-19,11479.517022747897
2017-01-20,11521.692665535122
2017-01-23,11491.712692297342
2017-01-24,11565.393216046568
2017-01-25,11665.500085315816
2017-01-26,11653.300823522028
2017-01-27,11635.009115320036
2017-01-30,11562.850805111775
2017-01-31,11561.835098023379
2017-02-01,11566.408025073877
2017-02-02,11574.030767572822
2017-02-03,11653.808228035683
2017-02-06,11632.9741088989
2017-02-07,11633.484207595815
2017-02-08,11648.729692593703
2017-02-09,11717.836391231342
2017-02-10,11764.077556555409
2017-02-13,11828.103923628894
2017-02-14,11875.362592163527
2017-02-15,11937.354850876964
2017-02-16,11927.190595504313
2017-02-17,11945.993300464304
2017-02-21,12017.13141327874
2017-02-22,12006.462447575692
2017-02-23,12014.592594588294
2017-02-24,12029.83628346401
2017-02-27,12048.63449811857
2017-02-28,12016.117502312516
2017-03-01,12184.313567008836
2017-03-02,12107.58412587225
2017-03-03,12115.208664493366
2017-03-06,12079.12726423652
2017-03-07,12043.052150407279
2017-03-08,12020.69312354627
2017-03-09,12035.936812421987
2017-03-10,12078.108862964864
2017-03-13,12084.207595800672
2017-03-14,12037.96553241552
2017-03-15,12142.13792422161
2017-03-16,12118.253091575292
2017-03-17,12096.973534139797
2017-03-20,12083.705579653531
2017-03-21,11928.554750294117
2017-03-22,11956.623649540643
2017-03-23,11943.866691812376
2017-03-24,11935.191421720505
2017-03-27,11922.940072383723
2017-03-28,12009.700855852218
2017-03-29,12020.930211673
2017-03-30,12059.205575163225
2017-03-31,12031.13847203887
2017-04-03,12010.214546793477
2017-04-04,12017.865129186092
2017-04-05,11982.142953363693
2017-04-06,12015.827428581699
2017-04-07,12003.576977306004
2017-04-10,12010.721951307132
2017-04-11,11996.430207182697
2017-04-12,11943.866691812382
2017-04-13,11866.290379071588
2017-04-17,11971.426390423081
2017-04-18,11935.700622356338
2017-04-19,11913.754703594943
2017-04-20,12010.721951307132
2017-04-21,11972.445689755821
2017-04-24,12104.117610079844
2017-04-25,12174.546254636247
2017-04-26,12166.89207999929
2017-04-27,12177.098544242986
2017-04-28,12150.561737209371
2017-05-01,12181.181129940464
2017-05-02,12185.775610457029
2017-05-03,12170.971073452421
2017-05-04,12185.263715637942
2017-05-05,12233.23544467495
2017-05-08,12231.197744070556
2017-05-09,12219.967490188688
2017-05-10,12241.914307011168
2017-05-11,12216.905999946122
2017-05-12,12196.491275336553
2017-05-15,12263.858429650392
2017-05-16,12252.632666073952
2017-05-17,12035.220159675266
2017-05-18,12083.705579653535
2017-05-19,12162.295803360552
2017-05-22,12224.05007588617
2017-05-23,12251.099675799955
2017-05-24,12279.680469865569
2017-05-25,12338.370557965362
2017-05-26,12335.820962541882
2017-05-30,12325.102603479098
2017-05-31,12322.038419053271
2017-06-01,12420.026762220374
2017-06-02,12461.365412075336
2017-06-05,12452.179145225466
2017-06-06,12412.372587583415
2017-06-07,12435.337805677551
2017-06-08,12441.463480345943
2017-06-09,12422.579051827113
2017-06-12,12420.026762220376
2017-06-13,12480.762633474338
2017-06-14,12464.93879713699
2017-06-15,12440.954279710115
2017-06-16,12443.66911837344
2017-06-19,12547.266751084417
2017-06-20,12462.644251061965
2017-06-21,12459.569289903107
2017-06-22,12453.926772099047
2017-06-23,12468.803153990542
2017-06-26,12477.006043951118
2017-06-27,12376.486964643344
2017-06-28,12487.262799615637
2017-06-29,12377.513448464771
2017-06-30,12400.59092419467
2017-07-03,12421.621718709313
2017-07-05,12450.33542581567
2017-07-06,12336.48642580669
2017-07-07,12416.489299602164
2017-07-10,12429.82460866989
2017-07-11,12420.590744582454
2017-07-12,12513.928029384564
2017-07-13,12534.957925838122
2017-07-14,12593.4226006053
2017-07-17,12591.884221964785
2017-07-18,12598.550529407015
2017-07-19,12666.75737083637
2017-07-20,12672.400786701519
2017-07-21,12661.115751093397
2017-07-24,12658.039891873452
2017-07-25,12688.811056928098
2017-07-26,12689.323849808266
2017-07-27,12677.528715503233
2017-07-28,12662.655925856081
2017-07-31,12655.475029411506
2017-08-01,12683.682230065295
2017-08-02,12689.836642688439
2017-08-03,12665.220788318025
2017-08-04,12688.300060170097
2017-08-07,12711.88943071908
2017-08-08,12680.604574723175
2017-08-09,12680.092679904092
2017-08-10,12501.109105441357
2017-08-11,12519.575037494054
2017-08-14,12643.678997045383
2017-08-15,12642.141516465954
2017-08-16,12664.193406435512
2017-08-17,12466.748390225508
2017-08-18,12447.259566595725
2017-08-21,12457.006223563334
2017-08-22,12587.266391859981
2017-08-23,12542.137924221612
2017-08-24,12512.905137807482
2017-08-25,12542.137924221612
2017-08-28,12542.649819040698
2017-08-29,12557.008917746592
2017-08-30,12616.499178274114
2017-08-31,12692.399709028217
2017-09-01,12710.348357895311
2017-09-05,12619.064938797144
2017-09-06,12662.141336853738
2017-09-07,12660.604754335396
2017-09-08,12645.731066627159
2017-09-11,12780.611759211868
2017-09-12,12823.688157268465
2017-09-13,12829.842569891613
2017-09-14,12825.741124911325
2017-09-15,12843.005451230802
2017-09-18,12870.322673348252
2017-09-19,12883.20805381183
2017-09-20,12887.842049016183
2017-09-21,12853.315192499402
2017-09-22,12855.889035572207
2017-09-25,12829.603685642705
2017-09-26,12837.340481899586
2017-09-27,12887.32925613601
2017-09-28,12902.794766100002
2017-09-29,12948.144156765553
2017-10-02,13004.324164129652
2017-10-03,13032.15417912727
2017-10-04,13047.616994908
2017-10-05,13124.926583506216
2017-10-06,13109.979254788917
2017-10-09,13088.330594247027
2017-10-10,13122.863737191408
2017-10-11,13143.477831362094
2017-10-12,13123.893813257182
2017-10-13,13139.87031997917
2017-10-16,13157.395982074704
2017-10-17,13166.670258911015
2017-10-18,13179.555639374596
2017-10-19,13183.165844940779
2017-10-20,13251.194870275083
2017-10-23,13199.65694066511
2017-10-24,13222.850266275116
2017-10-25,13157.395982074706
2017-10-26,13174.401666801383
2017-10-27,13282.117807653283
2017-10-30,13232.64003017486
2017-10-31,13253.256818528802
2017-11-01,13270.781582563252
2017-11-02,13275.932860953208
2017-11-03,13320.257563919504
2017-11-06,13340.872556151278
2017-11-07,13331.59558513171
2017-11-08,13354.272525617203
2017-11-09,13305.8284164489
2017-11-10,13301.704519941457
2017-11-13,13314.074413341608
2017-11-14,13283.151475963408
2017-11-15,13216.664421513964
2017-11-16,13329.017251753477
2017-11-17,13289.851011665825
2017-11-20,13312.527054090233
2017-11-21,13399.625508527102
2017-11-22,13387.771102190385
2017-11-24,13418.698529874016
2017-11-27,13411.999892232685
2017-11-28,13548.05794290129
2017-11-29,13539.815538252926
2017-11-30,13658.3542132536
2017-12-01,13630.008711192551
2017-12-04,13613.514023223875
2017-12-05,13564.55173280888
2017-12-06,13567.12916812603
2017-12-07,13609.910104085295
2017-12-08,13684.125872241844
2017-12-11,13725.352264461044
2017-12-12,13749.576564197912
2017-12-13,13748.031001068708
2017-12-14,13691.85458594895
2017-12-15,13805.871523381034
2017-12-18,13893.421702544221
2017-12-19,13840.058014746177
2017-12-20,13832.809763720143
2017-12-21,13861.295363310626
2017-12-22,13857.672584889238
2017-12-26,13841.094377239553
2017-12-27,13847.831631507588
2017-12-28,13876.319925281328
2017-12-29,13824.000682526435
2018-01-02,13922.943664628077
2018-01-03,14011.006636671436
2018-01-04,14070.062235633279
2018-01-05,14163.82699751238
2018-01-08,14189.729773419198
2018-01-09,14221.847132041932
2018-01-10,14200.089806108623
2018-01-11,14303.695521369375
2018-01-12,14396.934019452014
2018-01-16,14347.719373871823
2018-01-17,14484.481504431946
2018-01-18,14460.135966448453
2018-01-19,14525.92612549507
2018-01-22,14644.031935052237
2018-01-23,14675.120115670285
2018-01-24,14669.416529712367
2018-01-25,14675.635602733711
2018-01-26,14845.54247379908
2018-01-29,14747.125755493902
2018-01-30,14595.859040331936
2018-01-31,14603.109985541229
2018-02-01,14586.528185647201
2018-02-02,14268.983664268857
2018-02-05,13672.220276423215
2018-02-06,13941.593699203431
2018-02-07,13865.96797514168
2018-02-08,13345.863979667907
2018-02-09,13546.33725786029
2018-02-12,13745.261380679125
2018-02-13,13779.452362349697
2018-02-14,13965.421055940236
2018-02-15,14143.62601144131
2018-02-16,14147.766971109386
2018-02-20,14059.185817819338
2018-02-21,13989.25290298247
2018-02-22,14007.382960188961
2018-02-23,14230.6517229302
2018-02-26,14395.902147264065
2018-02-27,14216.146240267271
2018-02-28,14072.137654803288
2018-03-01,13867.516232454138
2018-03-02,13939.003691031072
2018-03-05,14100.112257635772
2018-03-06,14135.854190802069
2018-03-07,14130.67327639627
2018-03-08,14199.050749431985
2018-03-09,14446.14956309329
2018-03-12,14428.02130200897
2018-03-13,14334.777415559814
2018-03-14,14261.213639751784
2018-03-15,14245.67089653439
2018-03-16,14261.123833643172
2018-03-19,14068.167326741572
2018-03-20,14092.088979892418
2018-03-21,14065.042972222976
2018-03-22,13713.454751192183
2018-03-23,13421.16191143322
2018-03-26,13788.351249652007
2018-03-27,13553.784878447437
2018-03-28,13513.736742373221
2018-03-29,13686.411437706
2018-04-02,13390.996937611704
2018-04-03,13562.627187901327
2018-04-04,13707.736796256888
2018-04-05,13815.919030812485
2018-04-06,13508.01878743793
2018-04-09,13574.591157690556
2018-04-10,13790.430261066369
2018-04-11,13718.137241695189
2018-04-12,13830.99747644836
2018-04-13,13790.430261066369
2018-04-16,13903.81226931057
2018-04-17,14052.563515370328
2018-04-18,14062.9657569308
2018-04-19,13984.947598135639
2018-04-20,13866.364020080662
2018-04-23,13864.286804788477
2018-04-24,13677.572720496462
2018-04-25,13711.375739777834
2018-04-26,13850.76020870941
2018-04-27,13863.764133236355
2018-04-30,13757.145423031685
2018-05-01,13781.587951612479
2018-05-02,13689.011324550307
2018-05-03,13658.84814685096
2018-05-04,13835.679966951362
2018-05-07,13882.487808820764
2018-05-08,13882.487808820764
2018-05-09,14016.672504063736
2018-05-10,14147.740927337889
2018-05-11,14190.908029564182
2018-05-14,14197.667735359371
2018-05-15,14099.893130730763
2018-05-16,14159.17863333065
2018-05-17,14147.22005190794
2018-05-18,14111.852610214557
2018-05-21,14217.954935294707
2018-05-22,14178.426776589353
2018-05-23,14217.42956955933
2018-05-24,14188.30724465879
2018-05-25,14154.498837010902
2018-05-29,13991.707303930823
2018-05-30,14178.426776589355
2018-05-31,14091.570798645735
2018-06-01,14229.91531283959
2018-06-04,14297.527637829937
2018-06-05,14307.93167551258
2018-06-06,14427.551616060937
2018-06-07,14425.994378137611
2018-06-08,14468.64060493396
2018-06-11,14487.88515594832
2018-06-12,14506.607933471647
2018-06-13,14460.322763154361
2018-06-14,14496.72477121895
2018-06-15,14478.232795394755
2018-06-18,14448.455783962438
2018-06-19,14393.075949026066
2018-06-20,14417.629837181541
2018-06-21,14327.245377230574
2018-06-22,14353.372668408923
2018-06-25,14157.978823719608
2018-06-26,14189.32474786937
2018-06-27,14071.781124552112
2018-06-28,14152.232130829558
2018-06-29,14172.607340751338
2018-07-02,14202.907023735774
2018-07-03,14152.751210137334
2018-07-05,14268.213127856976
2018-07-06,14388.896372731295
2018-07-09,14518.46144174729
2018-07-10,14570.701655126602
2018-07-11,14464.124255731896
2018-07-12,14595.255543282075
2018-07-13,14606.750725184347
2018-07-16,14593.686630564633
2018-07-17,14652.727860549096
2018-07-18,14683.552909268908
2018-07-19,14628.173074332535
2018-07-20,14611.450278847986
2018-07-23,14638.622015069483
2018-07-24,14712.278291169383
2018-07-25,14837.663783890595
2018-07-26,14802.659158876004
2018-07-27,14702.360104534326
2018-07-30,14625.558818510852
2018-07-31,14697.65246832091
2018-08-01,14673.095885982179
2018-08-02,14753.034997440542
2018-08-03,14816.246823108924
2018-08-06,14870.583111063232
2018-08-07,14919.686397068743
2018-08-08,14913.42242099309
2018-08-09,14893.044516888052
2018-08-10,14793.26005154872
2018-08-13,14737.87931855126
2018-08-14,14831.920683244887
2018-08-15,14721.167299799747
2018-08-16,14840.280733895535
2018-08-17,14892.521845335934
2018-08-20,14924.391339098896
2018-08-21,14959.395964113492
2018-08-22,14950.511445788554
2018-08-23,14930.665193846497
2018-08-24,15020.514409390138
2018-08-27,15139.109662239238
2018-08-28,15146.425267846733
2018-08-29,15227.920719167332
2018-08-30,15166.279602338564
2018-08-31,15166.804070012853
2018-09-04,15140.679473017766
2018-09-05,15099.93084929638
2018-09-06,15054.481773850266
2018-09-07,15025.222943664636
2018-09-10,15051.344846476464
2018-09-11,15100.970804034097
2018-09-12,15104.624116532415
2018-09-13,15193.968621745656
2018-09-14,15196.576591139734
2018-09-17,15116.12289067903
2018-09-18,15198.146401918262
2018-09-19,15214.340239423087
2018-09-20,15337.638638180171
2018-09-21,15323.621700748086
2018-09-24,15272.721394509257
2018-09-25,15258.54999057036
2018-09-26,15212.894361074443
2018-09-27,15255.404980646785
2018-09-28,15256.974791425315
2018-10-01,15309.981948972169
2018-10-02,15301.053425654014
2018-10-03,15309.453889053535
2018-10-04,15189.801618306077
2018-10-05,15104.785767527908
2018-10-08,15104.785767527908
2018-10-09,15082.743756230298
2018-10-10,14605.170137672765
2018-10-11,14283.472083771137
2018-10-12,14481.845695144184
2018-10-15,14400.501118086053
2018-10-16,14715.377499977549
2018-10-17,14718.005226715522
2018-10-18,14505.460211403582
2018-10-19,14497.588705983784
2018-10-22,14432.511607439543
2018-10-23,14359.03853580121
2018-10-24,13923.983619365794
2018-10-25,14173.788291079563
2018-10-26,13924.509883162256
2018-10-29,13847.361047498456
2018-10-30,14052.562617309235
2018-10-31,14202.651974387303
2018-11-01,14353.799247424815
2018-11-02,14268.778906341213
2018-11-05,14347.496654722458
2018-11-06,14438.287936345432
2018-11-07,14747.395173819728
2018-11-08,14720.63474957567
2018-11-09,14576.838106528012
2018-11-12,14304.464261659085
2018-11-13,14277.701143231769
2018-11-14,14180.085495415404
2018-11-15,14328.08147210174
2018-11-16,14365.342026564653
2018-11-19,14122.360822983186
2018-11-20,13861.009779885233
2018-11-21,13908.2406085262
2018-11-23,13815.350558144972
2018-11-26,14038.387621125996
2018-11-27,14085.620245889133
2018-11-28,14409.946924589816
2018-11-29,14378.461800971707
2018-11-30,14466.097295938074
2018-12-03,14657.650133362074
2018-12-04,14182.711426031203
2018-12-06,14161.1929843468
2018-12-07,13832.14699463858
2018-12-10,13858.385645391607
2018-12-11,13861.533349498439
2018-12-12,13931.332453233474
2018-12-13,13926.606855798336
2018-12-14,13669.456942461231
2018-12-17,13401.285125414235
2018-12-18,13386.589253801047
2018-12-19,13186.113281425405
2018-12-20,12971.47219153847
2018-12-21,12705.693707285973
2018-12-24,12369.972429524658
2018-12-26,12994.964571490154
2018-12-27,13094.729279485593
2018-12-28,13077.83585239468
2018-12-31,13192.382645867572
2019-01-02,13206.10771344667
2019-01-03,12890.974486084546
2019-01-04,13322.764950471932
2019-01-07,13427.812053775899
2019-01-08,13553.97077709226
2019-01-09,13617.3146177403
2019-01-10,13665.350109114424
2019-01-11,13670.629810239696
2019-01-14,13587.225081050019
2019-01-15,13742.949771443458
2019-01-16,13776.199585095783
2019-01-17,13880.715934297854
2019-01-18,14065.471347361052
2019-01-22,13875.438927355843
2019-01-23,13904.474140331029
2019-01-24,13911.862488886498
2019-01-25,14029.577641871205
2019-01-28,13922.94635881133
2019-01-29,13904.474140331029
2019-01-30,14124.591606721093
2019-01-31,14248.640784546167
2019-02-01,14255.501073182999
2019-02-04,14355.795637219244
2019-02-05,14415.976506721989
2019-02-06,14396.969043834362
2019-02-07,14259.725552532085
2019-02-08,14277.14075311403
2019-02-11,14285.062549954653
2019-02-12,14468.76094511949
2019-02-13,14515.742112778513
2019-02-14,14483.538540291513
2019-02-15,14641.371878115153
2019-02-19,14666.708875537717
2019-02-20,14696.265862003936
2019-02-21,14644.013075769417
2019-02-22,14734.804357392393
2019-02-25,14754.862551750773
2019-02-26,14744.303149500232
2019-02-27,14737.969124659865
2019-02-28,14710.5234798071
2019-03-01,14802.371779328436
2019-03-04,14748.526730788233
2019-03-05,14728.470332552026
2019-03-06,14639.25784231844
2019-03-07,14516.791946188185
2019-03-08,14487.763019640603
2019-03-11,14697.857226248538
2019-03-12,14753.28106617813
2019-03-13,14850.93263643794
2019-03-14,14841.431150146842
2019-03-15,14914.758735889223
2019-03-18,14968.834586128558
2019-03-19,14972.546272597474
2019-03-20,14927.477975051876
2019-03-21,15096.085351725636
2019-03-22,14805.535648534824
2019-03-25,14794.4059774946
2019-03-26,14904.684286625186
2019-03-27,14826.746055266689
2019-03-28,14882.947616096855
2019-03-29,14976.794101534797
2019-04-01,15154.409030902292
2019-04-02,15161.82342322926
2019-04-03,15185.683110165164
2019-04-04,15225.979111099148
2019-04-05,15299.675799947923
2019-04-08,15311.339817334385
2019-04-09,15232.870831873995
2019-04-10,15284.829054072268
2019-04-11,15280.58661350146
2019-04-12,15383.974997979372
2019-04-15,15373.904140959678
2019-04-16,15383.974997979372
2019-04-17,15346.32827724943
2019-04-18,15376.549828919375
2019-04-22,15389.805210550434
2019-04-23,15528.187443309904
2019-04-24,15493.727043313496
2019-04-25,15484.177061723749
2019-04-26,15556.287774694447
2019-04-29,15580.675521548985
2019-04-30,15588.62875052762
2019-05-01,15471.456924500013
2019-05-02,15438.052644340876
2019-05-03,15589.162198812772
2019-05-06,15525.008307065056
2019-05-07,15265.747052114495
2019-05-08,15244.534849260459
2019-05-09,15198.408635755415
2019-05-10,15274.75460480823
2019-05-13,14890.895456708975
2019-05-14,15025.565104938447
2019-05-15,15113.577785560983
2019-05-16,15253.553178687222
2019-05-17,15154.933498576582
2019-05-20,15054.727842587861
2019-05-21,15190.462591265466
2019-05-22,15143.799337230925
2019-05-23,14958.761932986688
2019-05-24,14992.69427306446
2019-05-28,14853.255022406629
2019-05-29,14753.578324397631
2019-05-30,14793.874325331615
2019-05-31,14594.523623496876
2019-06-03,14557.409452990996
2019-06-04,14873.40571705688
2019-06-05,15002.23437598226
2019-06-06,15099.79254788911
2019-06-07,15250.893121750145
2019-06-10,15320.882614435435
2019-06-11,15317.168233783264
2019-06-12,15290.134798969028
2019-06-13,15353.21999802427
2019-06-14,15336.25742022973
2019-06-17,15342.085836678614
2019-06-18,15502.732799885052
2019-06-19,15537.730240410958
2019-06-20,15686.179737945782
2019-06-21,15663.376170847148
2019-06-24,15644.200770536418
2019-06-25,15490.768830095829
2019-06-26,15475.313198803788
2019-06-27,15530.190119531935
2019-06-28,15610.101391096629
2019-07-01,15751.819022729931
2019-07-02,15792.84424926584
2019-07-03,15919.106249607104
2019-07-05,15900.994153622336
2019-07-08,15813.627178920717
2019-07-09,15833.332435272256
2019-07-10,15908.98330504442
2019-07-11,15946.281578072952
2019-07-12,16017.666657686068
2019-07-15,16022.999344415419
2019-07-16,15971.321317276013
2019-07-17,15862.63437239002
2019-07-18,15920.71018670691
2019-07-19,15832.270927068468
2019-07-22,15871.158768219422
2019-07-23,15984.637767060924
2019-07-24,16059.758780792276
2019-07-25,15983.039218327634
2019-07-26,16090.133002846858
2019-07-29,16060.822085118234
2019-07-30,16021.402591804299
2019-07-31,15846.11902901636
2019-08-01,15708.131943134778
2019-08-02,15589.860890337766
2019-08-05,15121.026304209216
2019-08-06,15333.069303374019
2019-08-07,15342.11637075554
2019-08-08,15643.133873966108
2019-08-09,15536.584314465072
2019-08-12,15347.449057484891
2019-08-13,15586.126752341695
2019-08-14,15125.281317635227
2019-08-15,15165.243239845177
2019-08-16,15389.000547817264
2019-08-19,15574.405259045721
2019-08-20,15455.061921311888
2019-08-21,15580.801250101033
2019-08-22,15576.002011656834
2019-08-23,15175.897836570844
2019-08-26,15343.72030785534
2019-08-27,15283.516088764358
2019-08-28,15391.134340957871
2019-08-29,15587.725301074977
2019-08-30,15580.801250101029
2019-09-03,15489.698341281171
2019-09-04,15665.513556232092
2019-09-05,15866.89836642688
2019-09-06,15879.149715763662
2019-09-09,15887.144255552257
2019-09-10,15883.417302044878
2019-09-11,15996.35746423471
2019-09-12,16051.764241003668
2019-09-13,16041.115032644515
2019-09-16,15991.5654102792
2019-09-17,16032.05898465213
2019-09-18,16041.648480929669
2019-09-19,16040.574399870675
2019-09-20,15964.792413179941
2019-09-23,15961.045702328669
2019-09-24,15835.803899381232
2019-09-25,15929.462690052173
2019-09-26,15896.28112904239
2019-09-27,15810.645616114802
2019-09-30,15883.970507673926
2019-10-01,15695.038212499208
2019-10-02,15417.794182360278
2019-10-03,15544.104678000193
2019-10-04,15754.453933956582
2019-10-07,15686.472505859845
2019-10-08,15442.93809664933
2019-10-09,15589.595064256268
2019-10-10,15695.03821249921
2019-10-11,15857.745327837198
2019-10-14,15840.084058517657
2019-10-15,15996.903485375073
2019-10-16,15971.215346067838
2019-10-17,16018.315057790229
2019-10-18,15948.199836552882
2019-10-21,16056.315614588102
2019-10-22,16003.85986654812
2019-10-23,16050.42612998536
2019-10-24,16076.64951369992
2019-10-25,16142.486371923018
2019-10-28,16233.472532801678
2019-10-29,16228.660721502274
2019-10-30,16278.433063016946
2019-10-31,16235.081858267999
2019-11-01,16385.48733284838
2019-11-04,16451.311618216274
2019-11-05,16433.118696733753
2019-11-06,16436.861815340682
2019-11-07,16494.671803576082
2019-11-08,16535.35037853275
2019-11-11,16503.769162378427
2019-11-12,16538.558252732353
2019-11-13,16543.910696805597
2019-11-14,16567.99489901303
2019-11-15,16687.887850131563
2019-11-18,16700.196675377858
2019-11-19,16695.37767958976
2019-11-20,16633.294716706627
2019-11-21,16606.530700218227
2019-11-22,16643.467952690142
2019-11-25,16772.45467036668
2019-11-26,16810.45163492021
2019-11-27,16885.382259701306
2019-11-29,16822.76225628867
2019-12-02,16679.859184021698
2019-12-03,16567.99489901303
2019-12-04,16670.219396323337
2019-12-05,16700.196675377858
2019-12-06,16852.737739221022
2019-12-09,16799.748542895886
2019-12-10,16781.014988639527
2019-12-11,16828.651740891415
2019-12-12,16973.69938303203
2019-12-13,16983.867230649026
2019-12-16,17100.5433269571
2019-12-17,17104.293630052718
2019-12-18,17105.35873050085
2019-12-19,17175.477543982546
2019-12-20,17250.781762175466
2019-12-23,17277.132670564253
2019-12-24,17277.671507215928
2019-12-26,17369.645535289317
2019-12-27,17365.33843432031
2019-12-30,17269.599734173928
2019-12-31,17311.55355587288
2020-01-02,17473.45062011119
2020-01-03,17341.139280293857
2020-01-06,17407.301236630126
2020-01-07,17358.349722948165
2020-01-08,17450.862587673222
2020-01-09,17569.191116379745
2020-01-10,17518.630277231467
2020-01-13,17639.112356422494
2020-01-14,17612.222611382036
2020-01-15,17652.02108647431
2020-01-16,17798.861258542816
2020-01-17,17854.260850823084
2020-01-21,17819.29394437411
2020-01-22,17821.443902614268
2020-01-23,17841.890957422933
2020-01-24,17683.21254411726
2020-01-27,17399.761115751102
2020-01-28,17582.101642553735
2020-01-29,17567.57460642474
2020-01-30,17624.59070866001
2020-01-31,17304.561252256386
2020-02-03,17433.113308367243
2020-02-04,17698.813661305252
2020-02-05,17903.197995527666
2020-02-06,17963.44352542861
2020-02-07,17867.70841752657
2020-02-10,18001.090246158554
2020-02-11,18032.29248053454
2020-02-12,18148.467458756557
2020-02-13,18129.103465617743
2020-02-14,18158.15214950922
2020-02-18,18111.355982433935
2020-02-19,18197.94523623498
2020-02-20,18123.18703918242
2020-02-21,17936.546595899465
2020-02-24,17341.674524701182
2020-02-25,16816.186653016146
2020-02-26,16754.333593771058
2020-02-27,16001.871559303474
2020-02-28,15934.631929663865
2020-03-02,16624.705660479034
2020-03-03,16148.702750761115
2020-03-04,16827.47887311296
2020-03-05,16268.110748893148
2020-03-06,15999.177376045127
2020-03-09,14749.732826826888
2020-03-10,15512.954531167221
2020-03-11,14756.726028504469
2020-03-12,13344.839291968647
2020-03-13,14485.642697416286
2020-03-16,12900.566676545344
2020-03-17,13597.096568508596
2020-03-18,12908.638449587346
2020-03-19,12936.067031279472
2020-03-20,12378.597408195708
2020-03-23,12062.097331860516
2020-03-24,13154.962236531332
2020-03-25,13351.89535792225
2020-03-26,14131.512065450695
2020-03-27,13710.594426632902
2020-03-30,14155.85760343419
2020-03-31,13944.858151251452
2020-04-01,13317.26881662491
2020-04-02,13624.57364549937
2020-04-03,13427.63872798628
2020-04-06,14329.52465626712
2020-04-07,14344.130721771697
2020-04-08,14825.640542069674
2020-04-09,15051.247855879159
2020-04-13,14913.824752359658
2020-04-14,15353.681601422533
2020-04-15,15027.445644852769
2020-04-16,15099.938033785065
2020-04-17,15507.878689908493
2020-04-20,15234.65797343536
2020-04-21,14772.081975015946
2020-04-22,15099.938033785065
2020-04-23,15098.8621566039
2020-04-24,15309.313791524108
2020-04-27,15530.048225880335
2020-04-28,15458.63800055681
2020-04-29,15863.322287181987
2020-04-30,15715.6271609595
2020-05-01,15299.57701322845
2020-05-04,15341.776903664999
2020-05-05,15483.526865497404
2020-05-06,15378.566874118791
2020-05-07,15564.138624709265
2020-05-08,15821.664825641452
2020-05-11,15824.910418406671
2020-05-12,15509.500588230023
2020-05-13,15235.195013964862
2020-05-14,15417.522967912288
2020-05-15,15488.392560461973
2020-05-18,15960.16560246429
2020-05-19,15796.2299395605
2020-05-20,16064.581368824718
2020-05-21,15953.670824689505
2020-05-22,15983.969609612855
2020-05-26,16180.90362906486
2020-05-27,16421.657641152764
2020-05-28,16391.358856229414
2020-05-29,16464.401756607494
2020-06-01,16530.94449084428
2020-06-02,16667.823369345595
2020-06-03,16889.646253738192
2020-06-04,16845.27485159542
2020-06-05,17277.014126500897
2020-06-08,17485.849251466097
2020-06-09,17355.46694686174
2020-06-10,17258.621835457263
2020-06-11,16263.681511616433
2020-06-12,16458.445815484378
2020-06-15,16612.093290585635
2020-06-16,16931.837163563876
2020-06-17,16861.50820378803
2020-06-18,16868.00118544064
2020-06-19,16771.60330845705
2020-06-22,16879.198211062325
2020-06-23,16956.90384459952
2020-06-24,16524.352722472195
2020-06-25,16701.500660074908
2020-06-26,16304.818097727017
2020-06-29,16544.46210631248
2020-06-30,16756.39015365826
2020-07-01,16873.761349246986
2020-07-02,16966.68911819383
2020-07-06,17228.603245592774
2020-07-07,17050.912879094045
2020-07-08,17181.329310019675
2020-07-09,17083.516088764365
2020-07-10,17257.95008576484
2020-07-13,17108.516313279637
2020-07-14,17330.22424585321
2020-07-15,17489.441495810555
2020-07-16,17431.841653869305
2020-07-17,17482.373755062825
2020-07-20,17623.660317374794
2020-07-21,17661.150775475755
2020-07-22,17761.68332569982
2020-07-23,17549.758870598384
2020-07-24,17436.736086788627
2020-07-27,17563.879983116454
2020-07-28,17452.48448599474
2020-07-29,17667.130066187103
2020-07-30,17604.093362430514
2020-07-31,17743.20661691408
2020-08-03,17866.560695458502
2020-08-04,17935.5730976821
2020-08-05,18046.966798681642
2020-08-06,18167.605140501655
2020-08-07,18180.64857971639
2020-08-10,18234.988459915043
2020-08-11,18084.466237393466
2020-08-12,18336.604071808964
2020-08-13,18303.45484099828
2020-08-14,18304.000862138637
2020-08-17,18362.144929098074
2020-08-18,18401.815879516118
2020-08-19,18325.19151152661
2020-08-20,18382.25251681619
2020-08-21,18447.462528401174
2020-08-24,18634.392147353854
2020-08-25,18699.602158938844
2020-08-26,18887.07420678754
2020-08-27,18928.372443893626
2020-08-28,19050.634480157332
2020-08-31,18981.622077933735
2020-09-01,19160.406282835353
2020-09-02,19437.542545643948
2020-09-03,18768.607376673757
2020-09-04,18615.37121354994
2020-09-08,18106.743540695632
2020-09-09,18464.308358254522
2020-09-10,18143.696958267094
2020-09-11,18152.9326184767
2020-09-14,18392.035994288326
2020-09-15,18484.952986502136
2020-09-16,18411.597560866085
2020-09-17,18249.659185817814
2020-09-18,18039.555998599022
2020-09-21,17838.78186994279
2020-09-22,18020.461423786044
2020-09-23,17602.552289606734
2020-09-24,17649.47059298973
2020-09-25,17934.809745758903
2020-09-28,18232.69301577893
2020-09-29,18133.399789853698
2020-09-30,18270.882165404884
2020-10-01,18388.18331222889
2020-10-02,18213.596644843776
2020-10-05,18536.58072222072
2020-10-06,18273.06265772197
2020-10-07,18591.14152544655
2020-10-08,18755.901608427394
2020-10-09,18923.39538935437
2020-10-12,19227.82911693652
2020-10-13,19102.346633618003
2020-10-14,18982.320769458725
2020-10-15,18958.85802552288
2020-10-16,18947.40415443057
2020-10-19,18659.334895959608
2020-10-20,18734.08231627914
2020-10-21,18698.617883988452
2020-10-22,18801.185440633653
2020-10-23,18865.01603039037
2020-10-26,18516.39230900484
2020-10-27,18452.55992312595
2020-10-28,17821.8731758134
2020-10-29,18003.006708516295
2020-10-30,17815.326310495624
2020-11-02,18015.00839687114
2020-11-03,18333.078283984858
2020-11-04,18742.811470036173
2020-11-05,19108.345681673243
2020-11-06,19103.979308672555
2020-11-09,19344.0382214798
2020-11-10,19315.668471769426
2020-11-11,19459.15528374238
2020-11-12,19270.379251196646
2020-11-13,19537.17344253754
2020-11-16,19781.049114960777
2020-11-17,19674.657614210897
2020-11-18,19437.873032123625
2020-11-19,19519.71154277912
2020-11-20,19386.04233459958
2020-11-23,19502.255031387216
2020-11-24,19816.50995500712
2020-11-25,19785.95252849097
2020-11-27,19841.05935285716
2020-11-30,19753.223590268586
2020-12-01,19969.271941877465
2020-12-02,20011.27605499724
2020-12-03,20005.824824204523
2020-12-04,20178.22381478386
2020-12-07,20136.760334437928
2020-12-08,20195.687510664455
2020-12-09,20014.548589595044
2020-12-10,20008.00890876595
2020-12-11,19984.54796095228
2020-12-14,19895.074134942635
2020-12-15,20164.03804186758
2020-12-16,20195.68751066445
2020-12-17,20308.620488365592
2020-12-18,20227.5255722894
2020-12-21,20155.204713024552
2020-12-22,20121.234654381165
2020-12-23,20139.31980853335
2020-12-24,20217.670249930376
2020-12-28,20391.355263985028
2020-12-29,20352.451257734523
2020-12-30,20381.48916489297
2020-12-31,20485.04279261073
2021-01-04,20206.16608741724
2021-01-05,20345.327837199464
2021-01-06,20466.961230702887
2021-01-07,20771.050102827972
2021-01-08,20889.400185000562
2021-01-11,20748.586002819888
2021-01-12,20752.96854092013
2021-01-13,20808.858474553417
2021-01-14,20735.984409659522
2021-01-15,20584.763495612948
2021-01-19,20746.392937647593
2021-01-20,21033.499474634238
2021-01-21,21052.673078822798
2021-01-22,20978.159154385656
2021-01-25,21060.888541638575
2021-01-26,21028.021302008936
2021-01-27,20514.08429201352
2021-01-28,20690.508392380823
2021-01-29,20276.293881509795
2021-02-01,20613.79960664922
2021-02-02,20905.28508949176
2021-02-03,20921.724995734185
2021-02-04,21159.515406237904
2021-02-05,21242.796202997702
2021-02-08,21396.206589972226
2021-02-09,21381.965137268613
2021-02-10,21372.648651561256
2021-02-11,21407.164731344998
2021-02-12,21512.911424235048
2021-02-16,21494.283841186847
2021-02-17,21499.215992671794
2021-02-18,21407.717936974048
2021-02-19,21369.911361370774
2021-02-22,21205.53924077913
2021-02-23,21231.288448240222
2021-02-24,21465.245934028404
2021-02-25,20948.022020457807
2021-02-26,20840.084058517637
2021-03-01,21345.2541961904
2021-03-02,21178.690806548635
2021-03-03,20898.167057323215
2021-03-04,20639.555998599
2021-03-05,21019.250837441934
2021-03-08,20914.599779076943
2021-03-09,21213.21227469889
2021-03-10,21345.25419619039
2021-03-11,21561.67614121109
2021-03-12,21590.71045612519
2021-03-15,21719.47625077454
2021-03-16,21692.081795403687
2021-03-17,21766.04251421178
2021-03-18,21449.357437292845
2021-03-19,21409.6667295309
2021-03-22,21580.621637883767
2021-03-23,21410.765956300307
2021-03-24,21301.922748785335
2021-03-25,21421.76361236087
2021-03-26,21766.97649774134
2021-03-29,21755.97884168077
2021-03-30,21698.26225179833
2021-03-31,21786.211170083752
2021-04-01,22021.485213424177
2021-04-05,22337.561404926728
2021-04-06,22324.365295327352
2021-04-07,22350.20071665271
2021-04-08,22456.294061122
2021-04-09,22619.557974333376
2021-04-12,22627.798582859567
2021-04-13,22694.863988648467
2021-04-14,22617.35952079456
2021-04-15,22860.324559276476
2021-04-16,22936.729800360976
2021-04-19,22824.0446875196
2021-04-20,22656.93527673748
2021-04-21,22871.31323472618
2021-04-22,22662.431410584504
2021-04-23,22908.14990435645
2021-04-26,22955.97165719208
2021-04-27,22951.023340607586
2021-04-28,22944.42618386898
2021-04-29,23090.646693788065
2021-04-30,22938.928253899783
2021-05-03,22988.40243913386
2021-05-04,22846.578836292396
2021-05-05,22853.727402537872
2021-05-06,23036.227784213832
2021-05-07,23203.881420014142
2021-05-10,22974.10710276508
2021-05-11,22769.07436843849
2021-05-12,22285.33915276912
2021-05-13,22553.03858968482
2021-05-14,22899.35070183469
2021-05-17,22841.084498567543
2021-05-18,22644.288780522802
2021-05-19,22584.923350486253
2021-05-20,22827.88838896817
2021-05-21,22809.197941643943
2021-05-24,23041.723918060856
2021-05-25,22990.600892672668
2021-05-26,23036.227784213832
2021-05-27,23048.319278677285
2021-05-28,23089.545670896485
2021-06-01,23069.208179540325
2021-06-02,23105.484459052856
2021-06-03,23019.737586550586
2021-06-04,23230.26825084637
2021-06-07,23207.7323059514
2021-06-08,23212.678826413718
2021-06-09,23178.047794810944
2021-06-10,23285.788183312172
2021-06-11,23324.268304730034
2021-06-14,23376.488760765456
2021-06-15,23333.617120636492
2021-06-16,23203.331806629434
2021-06-17,23195.6372192436
2021-06-18,22882.720406642005
2021-06-21,23210.309741268542
2021-06-22,23334.396637659233
2021-06-23,23306.274752808626
2021-06-24,23444.148682993356
2021-06-25,23527.416906897946
2021-06-28,23574.854289588715
2021-06-29,23587.531319880316
2021-06-30,23607.389246616494
2021-07-01,23738.096649334027
2021-07-02,23919.533726684025
2021-07-06,23875.966987274405
2021-07-07,23960.34162243709
2021-07-08,23765.115715170876
2021-07-09,24018.800010776667
2021-07-12,24104.839651193008
2021-07-13,24022.663469569135
2021-07-14,24058.50867976033
2021-07-15,23976.3360903808
2021-07-16,23788.28030282613
2021-07-19,23436.974971037464
2021-07-20,23772.83544826712
2021-07-21,23965.3079002433
2021-07-22,24015.493349857585
2021-07-23,24262.564323625218
2021-07-26,24322.125530978545
2021-07-27,24211.279647241532
2021-07-28,24201.347091629097
2021-07-29,24301.719786979836
2021-07-30,24183.70019128694
2021-08-02,24132.96333216578
2021-08-03,24329.29565069008
2021-08-04,24209.62362259873
2021-08-05,24362.93881509812
2021-08-06,24403.202485833008
2021-08-09,24383.34096685249
2021-08-10,24413.677470341452
2021-08-11,24474.339700586355
2021-08-12,24547.69153397806
2021-08-13,24592.3628885236
2021-08-16,24650.268071234128
2021-08-17,24488.67814388727
2021-08-18,24220.651812736225
2021-08-19,24258.156639814566
2021-08-20,24451.1751129311
2021-08-23,24666.260743055664
2021-08-24,24705.419798654624
2021-08-25,24757.25768066736
2021-08-26,24611.114404001684
2021-08-27,24831.159127443774
2021-08-30,24940.359763271026
2021-08-31,24903.406345699565
2021-09-01,24916.641969986726
2021-09-02,24993.298668175343
2021-09-03,24987.23136747755
2021-09-07,24897.890454508648
2021-09-08,24867.561135508367
2021-09-09,24761.12113945984
2021-09-10,24565.886251582768
2021-09-13,24628.757712099512
2021-09-14,24495.846467476655
2021-09-15,24700.457113092772
2021-09-16,24661.294465249463
2021-09-17,24421.070309202372
2021-09-20,24013.871451536073
2021-09-21,23991.18822462298
2021-09-22,24225.21575917588
2021-09-23,24519.5552801501
2021-09-24,24559.941087192692
2021-09-27,24489.68038005939
2021-09-28,23996.165279162225
2021-09-29,24036.552882326992
2021-09-30,23742.77015922617
2021-10-01,24024.935564117008
2021-10-04,23715.10808165165
2021-10-05,23961.862937916972
2021-10-06,24061.44893175627
2021-10-07,24269.481190110484
2021-10-08,24225.21575917587
2021-10-11,24049.829817424114
2021-10-12,23990.63142674958
2021-10-13,24076.942281613927
2021-10-14,24481.933705130552
2021-10-15,24668.38196334108
2021-10-18,24741.412290863955
2021-10-19,24932.291582473375
2021-10-20,25030.217959425536
2021-10-21,25095.503408141758
2021-10-22,25069.49735521004
2021-10-25,25203.937099801464
2021-10-26,25226.62212283673
2021-10-27,25114.865605158397
2021-10-28,25357.194816391348
2021-10-29,25408.646532137052
2021-11-01,25452.35696132045
2021-11-02,25555.26218893403
2021-11-03,25711.28413754697
2021-11-04,25832.448743163444
2021-11-05,25922.077035679904
2021-11-08,25944.207056963947
2021-11-09,25858.45299997299
2021-11-10,25650.427926107463
2021-11-11,25658.72062217665
2021-11-12,25852.3659419313
2021-11-15,25861.217231996045
2021-11-16,25963.56925398058
2021-11-17,25900.50381226923
2021-11-18,25988.472487898547
2021-11-19,25941.992438325575
2021-11-22,25868.960314680524
2021-11-23,25903.262655925773
2021-11-24,25972.422340167497
2021-11-26,25393.15497840155
2021-11-29,25704.649262242736
2021-11-30,25204.49389767484
2021-12-01,24924.543111422365
2021-12-02,25306.298102396846
2021-12-03,25086.098912447942
2021-12-06,25383.197277078703
2021-12-07,25908.248691075885
2021-12-08,25976.851577444213
2021-12-09,25801.465635692457
2021-12-10,26044.34984867662
2021-12-13,25813.632567287143
2021-12-14,25636.037395263545
2021-12-15,26036.60137762562
2021-12-16,25806.997691982924
2021-12-17,25532.338281649834
2021-12-20,25260.84004633987
2021-12-21,25709.450296809107
2021-12-22,25966.511302098686
2021-12-23,26128.07787985731
2021-12-27,26497.84195920999
2021-12-28,26476.19150254593
2021-12-29,26510.05558998116
2021-12-30,26436.77380535417
2021-12-31,26370.148449497465
2022-01-03,26522.82961087006
2022-01-04,26513.945990606207
2022-01-05,26004.817199665853
2022-01-06,25980.391734245695
2022-01-07,25877.675099460197
2022-01-10,25845.477813400797
2022-01-11,26080.882973659798
2022-01-12,26151.396934019383
2022-01-13,25791.06069994874
2022-01-14,25801.614713832765
2022-01-18,25344.67764097307
2022-01-19,25081.50802417574
2022-01-20,24803.90117735802
2022-01-21,24316.988621565975
2022-01-24,24420.26025810269
2022-01-25,24122.109365879005
2022-01-26,24061.592621530057
2022-01-27,23942.773751470515
2022-01-28,24537.40693841989
2022-01-31,24979.34998338581
2022-02-01,25148.131583910275
2022-02-02,25392.425752799645
2022-02-03,24795.57794721191
2022-02-04,24912.16782965571
2022-02-07,24832.224227891922
2022-02-08,25036.53492110527
2022-02-09,25402.974378317147
2022-02-10,24946.595899453016
2022-02-11,24454.679347289137
2022-02-14,24374.73035715883
2022-02-15,24767.81887904009
2022-02-16,24795.577947211903
2022-02-17,24265.912295354265
2022-02-18,24108.785731605396
2022-02-22,23850.05972106216
2022-02-23,23426.99032788204
2022-02-24,23779.545760702582
2022-02-25,24304.21819292142
2022-02-28,24242.038239440986
2022-03-01,23872.821977350843
2022-03-02,24311.990013560662
2022-03-03,24190.95472874059
2022-03-04,23994.412263922135
2022-03-07,23287.079595154006
2022-03-08,23110.52078562378
2022-03-09,23730.13264362236
2022-03-10,23622.981383193623
2022-03-11,23322.608687842883
2022-03-14,23152.16387818693
2022-03-15,23661.290873005117
2022-03-16,24185.961509101784
2022-03-17,24488.547026968714
2022-03-18,24756.765543192185
2022-03-21,24749.525374715926
2022-03-22,25039.130317644143
2022-03-23,24716.663523452804
2022-03-24,25089.252902982396
2022-03-25,25211.777173083246
2022-03-28,25391.112787491737
2022-03-29,25705.220429093515
2022-03-30,25546.49352048919
2022-03-31,25153.299027399775
2022-04-01,25224.590708659936
2022-04-04,25440.67498271226
2022-04-05,25119.332561000734
2022-04-06,24868.148467458694
2022-04-07,24993.458523048674
2022-04-08,24926.63020538651
2022-04-11,24500.57745327831
2022-04-12,24409.796050327284
2022-04-13,24689.373243167942
2022-04-14,24381.948972169033
2022-04-18,24391.971333890073
2022-04-19,24785.72621709723
2022-04-20,24767.3464989088
2022-04-21,24396.98790311711
2022-04-22,23727.560596671727
2022-04-25,23865.118409354145
2022-04-26,23173.96520911347
2022-04-27,23239.124929277637
2022-04-28,23826.131781483728
2022-04-29,22945.62060511351
2022-05-02,23083.738807913665
2022-05-03,23189.555549568435
2022-05-04,23895.75127300154
2022-05-05,23046.426165907757
2022-05-06,22908.857576492304
2022-05-09,22175.385941751712
2022-05-10,22226.620326714576
2022-05-11,21873.524261120197
2022-05-12,21850.691956066807
2022-05-13,22373.094089859947
2022-05-16,22282.312686908917
2022-05-17,22740.6669001625
2022-05-18,21823.954881410988
2022-05-19,21690.29285772014
2022-05-20,21699.760217689964
2022-05-23,22105.76465411173
2022-05-24,21937.01538378636
2022-05-25,22130.833131269548
2022-05-26,22573.027633339574
2022-05-27,23127.18341101557
2022-05-31,22997.415380194114
2022-06-01,22811.396395182754
2022-06-02,23245.80470763616
2022-06-03,22864.30835825448
2022-06-06,22933.924257527942
2022-06-07,23153.913301182693
2022-06-08,22902.18139037812
2022-06-09,22357.501953282805
2022-06-10,21709.23296602629
2022-06-13,20884.96915160164
2022-06-14,20822.038419053213
2022-06-15,21118.88353045769
2022-06-16,20419.929771623018
2022-06-17,20463.94913382003
2022-06-21,20979.10211852605
2022-06-22,20941.067435406905
2022-06-23,21146.346238471087
2022-06-24,21818.66709773593
2022-06-27,21735.328825066626
2022-06-28,21291.216064516655
2022-06-29,21273.878097188117
2022-06-30,21101.035464432236
2022-07-01,21324.214421064866
2022-07-05,21364.487072410604
2022-07-06,21436.63909619126
2022-07-07,21757.699526721743
2022-07-08,21739.804761519816
2022-07-11,21491.454948765557
2022-07-12,21301.277940925484
2022-07-13,21189.411859794647
2022-07-14,21137.954755682425
2022-07-15,21541.80025325317
2022-07-18,21363.928478415044
2022-07-19,21941.164426004198
2022-07-20,22080.999721601
2022-07-21,22305.84907185381
2022-07-22,22098.89807904728
2022-07-25,22125.744717155605
2022-07-26,21863.977871774783
2022-07-27,22431.706944706322
2022-07-28,22713.04972564228
2022-07-29,23044.177420948112
2022-08-01,22975.939147380745
2022-08-02,22824.3608050219
2022-08-03,23181.77654444049
2022-08-04,23166.11795134299
2022-08-05,23126.964284110545
2022-08-08,23100.11584988005
2022-08-09,23008.380706055566
2022-08-10,23491.65072608233
2022-08-11,23491.65072608233
2022-08-12,23889.337320724495
2022-08-15,23987.78277698443
2022-08-16,24034.76933300997
2022-08-17,23864.16646460286
2022-08-18,23933.5255184057
2022-08-19,23611.910086123997
2022-08-22,23120.248583308578
2022-08-23,23064.315542743156
2022-08-24,23138.150532999196
2022-08-25,23464.802291851833
2022-08-26,22670.53730994777
2022-08-29,22520.641934064304
2022-08-30,22273.414697667682
2022-08-31,22103.932609496045
2022-09-01,22173.291663298885
2022-09-02,21939.485051773165
2022-09-06,21856.705373099423
2022-09-07,22249.359233415005
2022-09-08,22394.787653456133
2022-09-09,22742.698314339286
2022-09-12,22987.127192391574
2022-09-13,21987.586999667667
2022-09-14,22071.489254699052
2022-09-15,21820.905065962535
2022-09-16,21654.43507467373
2022-09-19,21822.3689055329
2022-09-20,21571.876319027167
2022-09-21,21195.58153945626
2022-09-22,21017.54092913395
2022-09-23,20665.39860441302
2022-09-26,20460.960386525443
2022-09-27,20408.72915375699
2022-09-28,20810.295372291177
2022-09-29,20375.59429192369
2022-09-30,20060.51135598239
2022-10-03,20590.137493152237
2022-10-04,21228.150622805315
2022-10-05,21178.72852511423
2022-10-06,20960.255408572844
2022-10-07,20375.59429192369
2022-10-10,20220.019577731633
2022-10-11,20091.963251340316
2022-10-12,20025.693527673713
2022-10-13,20554.188107875056
2022-10-14,20085.786387190015
2022-10-17,20601.93262745728
2022-10-18,20843.997808730914
2022-10-19,20696.286517408877
2022-10-20,20522.741600883655
2022-10-21,21021.476232813315
2022-10-24,21278.70248134274
2022-10-25,21618.4892816409
2022-10-26,21455.61692306307
2022-10-27,21341.042289696506
2022-10-28,21848.759328609493
2022-10-31,21690.94305394649
2022-11-01,21596.028773877162
2022-11-02,21054.048908406716
2022-11-03,20837.26055446288
2022-11-04,21137.171646415354
2022-11-07,21339.361119343306
2022-11-08,21454.492550583258
2022-11-09,21012.488437463482
2022-11-10,22167.211789745903
2022-11-11,22381.756787096623
2022-11-14,22191.360652351534
2022-11-15,22380.628822372462
2022-11-16,22209.89663316895
2022-11-17,22141.93855466045
2022-11-18,22242.469308762345
2022-11-21,22161.591723468995
2022-11-22,22459.81984894609
2022-11-23,22601.354276117825
2022-11-25,22596.29998832517
2022-11-28,22235.732054494314
2022-11-29,22197.541108746183
2022-11-30,22896.77865488407
2022-12-01,22879.929232786377
2022-12-02,22853.529829098934
2022-12-05,22442.415425097177
2022-12-06,22118.908676168117
2022-12-07,22081.278120537718
2022-12-08,22254.266239189554
2022-12-09,22088.0189670501
2022-12-12,22406.469632064338
2022-12-13,22576.08283715455
2022-12-14,22431.746459394133
2022-12-15,21883.025747411306
2022-12-16,21624.66973803555
2022-12-19,21441.296440983882
2022-12-20,21470.64148503378
2022-12-21,21791.6803620982
2022-12-22,21480.794963673397
2022-12-23,21604.35559626763
2022-12-27,21519.16013327224
2022-12-28,21251.724726315853
2022-12-29,21634.26282655743
2022-12-30,21577.27366615474
2023-01-03,21486.434787294198
2023-01-04,21652.31385438834
2023-01-05,21405.190793077712
2023-01-06,21896.056613770837
2023-01-09,21883.64361343855
2023-01-10,22037.111476322585
2023-01-11,22315.833715009263
2023-01-12,22397.07950534792
2023-01-13,22483.968711551726
2023-01-17,22442.78003789814
2023-01-18,22088.45183249361
2023-01-19,21927.653995024706
2023-01-20,22336.14606065501
2023-01-23,22604.145449973472
2023-01-24,22579.883431670987
2023-01-25,22588.35035159088
2023-01-26,22836.60317374784
2023-01-27,22889.073290765198
2023-01-30,22601.88952052515
2023-01-31,22934.211637075514
2023-02-01,23177.950804213662
2023-02-02,23515.35415038927
2023-02-03,23265.405788901724
2023-02-06,23123.22116550364
2023-02-07,23425.64144013072
2023-02-08,23169.487476538117
2023-02-09,22968.630726261967
2023-02-10,23022.230604125656
2023-02-13,23292.485922892436
2023-02-14,23281.772054135083
2023-02-15,23357.370836364247
2023-02-16,23035.76977305992
2023-02-17,22978.22561090601
2023-02-21,22517.259836014004
2023-02-22,22486.226437122208
2023-02-23,22605.837397059702
2023-02-24,22364.35056712553
2023-02-27,22440.524108449812
2023-02-28,22357.588167147085
2023-03-01,22271.825129545265
2023-03-02,22445.03417122428
2023-03-03,22805.00579249396
2023-03-06,22820.809871487414
2023-03-07,22470.989932735178
2023-03-08,22507.66674749212
2023-03-09,22092.401505150337
2023-03-10,21773.623945900756
2023-03-13,21742.592343131135
2023-03-14,22101.992797550043
2023-03-15,21963.765031297382
2023-03-16,22349.121247227187
2023-03-17,22087.79984014508
2023-03-20,22300.18769476695
2023-03-21,22593.00230801694
2023-03-22,22207.868811236494
2023-03-23,22267.90419484329
2023-03-24,22414.0259180429
2023-03-27,22455.93842893189
2023-03-28,22405.530260168252
2023-03-29,22731.195947948338
2023-03-30,22864.290397032768
2023-03-31,23186.55602554082
2023-04-03,23274.909071314993
2023-04-04,23145.77866386468
2023-04-05,23085.175705651458
2023-04-06,23175.226086878392
2023-04-10,23199.015725049583
2023-04-11,23205.242880620706
2023-04-12,23110.65908703106
2023-04-13,23417.634327486918
2023-04-14,23360.42604017922
2023-04-17,23444.254654201548
2023-04-18,23459.539653887226
2023-04-19,23455.581000619633
2023-04-20,23327.578557893477
2023-04-21,23345.70143061128
2023-04-24,23370.058643388893
2023-04-25,22999.085773814306
2023-04-26,22901.667699436886
2023-04-27,23357.59894388013
2023-04-28,23556.957728264646
2023-05-01,23533.173478459976
2023-05-02,23268.676527377364
2023-05-03,23108.961751578314
2023-05-04,22945.27934190081
2023-05-05,23370.058643388893
2023-05-08,23376.28759508219
2023-05-09,23273.77392210216
2023-05-10,23382.51834289766
2023-05-11,23341.739185099344
2023-05-12,23311.15302062844
2023-05-15,23391.583371500907
2023-05-16,23235.259674363027
2023-05-17,23517.313719679187
2023-05-18,23743.860405384752
2023-05-19,23709.313791524073
2023-05-22,23718.942802489397
2023-05-23,23452.74851595403
2023-05-24,23282.835358461056
2023-05-25,23484.464441271266
2023-05-26,23788.605400939345
2023-05-30,23797.66683729825
2023-05-31,23665.705741304497
2023-06-01,23890.549703190783
2023-06-02,24236.03559914142
2023-06-05,24189.591472011896
2023-06-06,24242.260958590377
2023-06-07,24158.439529056737
2023-06-08,24304.564844500692
2023-06-09,24348.1710985981
2023-06-12,24569.061795583304
2023-06-13,24731.041481441534
2023-06-14,24760.49429282176
2023-06-15,25067.464144911104
2023-06-16,24982.076496843285
2023-06-20,24852.466524772986
2023-06-21,24725.128647250556
2023-06-22,24814.379754110843
2023-06-23,24626.783773832267
2023-06-26,24526.166805866105
2023-06-27,24795.051683415473
2023-06-28,24807.559878222888
2023-06-29,24905.33538091258
2023-06-30,25199.233055832425
2023-07-03,25228.227856058737
2023-07-05,25190.712252247366
2023-07-06,24993.447746315673
2023-07-07,24930.348178283053
2023-07-10,24993.447746315665
2023-07-11,25152.620093218702
2023-07-12,25354.996362852562
2023-07-13,25556.235687151395
2023-07-14,25540.31845246109
2023-07-17,25629.00018859278
2023-07-18,25819.437634147827
2023-07-19,25876.854271627508
2023-07-20,25705.17732216141
2023-07-21,25705.17732216141
2023-07-24,25820.005208754254
2023-07-25,25890.499411769943
2023-07-26,25894.476026259257
2023-07-27,25722.79728067098
2023-07-28,25974.63157043937
2023-07-31,26024.08779445173
2023-08-01,25949.616976946723
2023-08-02,25588.6395272606
2023-08-03,25515.305655090615
2023-08-04,25399.904805524828
2023-08-07,25621.610941976232
2023-08-08,25510.190299144106
2023-08-09,25339.648498890856
2023-08-10,25348.744061571026
2023-08-11,25333.967364460084
2023-08-14,25473.8080484234
2023-08-15,25177.067112104913
2023-08-16,24992.312597102802
2023-08-17,24801.87515154776
2023-08-18,24813.810383382228
2023-08-21,24975.256620955308
2023-08-22,24907.611067704776
2023-08-23,25185.0239333279
2023-08-24,24835.983511598413
2023-08-25,25011.069500947408
2023-08-28,25169.676069366193
2023-08-29,25533.496780450965
2023-08-30,25638.663325879385
2023-08-31,25601.14412982367
2023-09-01,25648.89583389458
2023-09-05,25538.044561791052
2023-09-06,25366.36581620278
2023-09-07,25288.485958814883
2023-09-08,25326.572729477022
2023-09-11,25493.136119118786
2023-09-12,25353.288250666774
2023-09-13,25382.85062549951
2023-09-14,25601.709908307927
2023-09-15,25293.256459304328
2023-09-18,25308.088836202605
2023-09-19,25255.60435020787
2023-09-20,25023.419637003677
2023-09-21,24609.82838052641
2023-09-22,24554.48806027783
2023-09-25,24657.74712395934
2023-09-26,24295.490835286582
2023-09-27,24305.189895016625
2023-09-28,24446.095679428083
2023-09-29,24386.766171834974
2023-10-02,24377.068908227102
2023-10-03,24050.754820342845
2023-10-04,24225.89648947918
2023-10-05,24216.76320823339
2023-10-06,24504.284649441823
2023-10-09,24661.170532819608
2023-10-10,24789.52501549152
2023-10-11,24891.072374742896
2023-10-12,24739.323400777685
2023-10-13,24616.102235274007
2023-10-16,24875.097664143083
2023-10-17,24873.953534319375
2023-10-18,24542.50612926688
2023-10-19,24326.86729351327
2023-10-20,24027.936884266837
2023-10-23,23986.290199459334
2023-10-24,24167.13276037033
2023-10-25,23820.283607690963
2023-10-26,23535.045037763437
2023-10-27,23428.36436134383
2023-10-30,23708.471410225295
2023-10-31,23857.36634605883
2023-11-01,24111.797828488263
2023-11-02,24573.886179737918
2023-11-03,24798.079945397858
2023-11-06,24855.128377832232
2023-11-07,24925.866853463347
2023-11-08,24944.124435344067
2023-11-09,24749.593627358507
2023-11-10,25135.803001320124
2023-11-13,25111.84632378692
2023-11-14,25599.031890149137
2023-11-15,25653.22628445184
2023-11-16,25684.6045388007
2023-11-17,25716.550367755986
2023-11-20,25914.50638072399
2023-11-21,25858.02552289604
2023-11-22,25957.861177717277
2023-11-24,25973.835888317088
2023-11-27,25927.057682463528
2023-11-28,25952.726064426868
2023-11-29,25934.472074790494
2023-11-30,26036.588804770465
2023-12-01,26190.615261650062
2023-12-04,26053.1310899767
2023-12-05,26047.99956893064
2023-12-06,25943.03239306334
2023-12-07,26140.984813787
2023-12-08,26253.369974225614
2023-12-11,26355.481315839068
2023-12-12,26475.85383157759
2023-12-13,26840.964158382023
2023-12-14,26927.10617776218
2023-12-15,26882.767105818508
2023-12-18,27033.984427620737
2023-12-19,27198.37810167845
2023-12-20,26821.479825057675
2023-12-21,27075.79994791243
2023-12-22,27130.213469120143
2023-12-26,27244.773733509326
2023-12-27,27294.032384082737
2023-12-28,27304.342125351337
2023-12-29,27225.296584673662
2024-01-02,27072.933336925547
2024-01-03,26851.837882012707
2024-01-04,26765.347414931137
2024-01-05,26802.008064588525
2024-01-08,27184.62699032785
2024-01-09,27143.389821375622
2024-01-10,27296.89719894745
2024-01-11,27284.868568760023
2024-01-12,27303.7691623784
2024-01-16,27203.53117619058
2024-01-17,27052.31565051052
2024-01-18,27292.886458136854
2024-01-19,27633.12408510024
2024-01-22,27691.550143240718
2024-01-23,27772.312776715044
2024-01-24,27802.66903754791
2024-01-25,27953.886359350134
2024-01-26,27918.3734317608
2024-01-29,28139.470682795818
2024-01-30,28117.70347819056
2024-01-31,27658.898438271743
2024-02-01,28020.90326984039
2024-02-02,28315.889394796613
2024-02-05,28212.786593744084
2024-02-06,28294.69874540864
2024-02-07,28530.685849251444
2024-02-08,28543.28923853398
2024-02-09,28708.25407944246
2024-02-12,28695.65069015992
2024-02-13,28300.422986771537
2024-02-14,28557.607924491007
2024-02-15,28754.647915151167
2024-02-16,28611.450278847944
2024-02-20,28453.933956587705
2024-02-21,28479.710105881382
2024-02-22,29069.10939282088
2024-02-23,29089.155912385144
2024-02-26,28982.61533349497
2024-02-27,29036.459483974086
2024-02-28,28998.081741520044
2024-02-29,29102.33226464063
2024-03-01,29375.55298111376
2024-03-04,29344.048998212846
2024-03-05,29050.779966053276
2024-03-06,29197.986547044915
2024-03-07,29487.819597489008
2024-03-08,29310.827922515273
2024-03-11,29285.62294007237
2024-03-12,29600.660972959366
2024-03-13,29554.25995276197
2024-03-14,29495.841079110185
2024-03-15,29293.304954602998
2024-03-18,29467.39948451292
2024-03-19,29631.151942955144
2024-03-20,29905.21683684923
2024-03-21,30004.048459376198
2024-03-22,29947.165270181667
2024-03-25,29864.426902317886
2024-03-26,29809.26439816435
2024-03-27,30059.78033425832
2024-03-28,30054.030947185012
2024-04-01,30001.745830751395
2024-04-02,29810.994063816208
2024-04-03,29843.74096326031
2024-04-04,29479.465833265967
2024-04-05,29787.43073703872
2024-04-08,29804.0933624305
2024-04-09,29838.568131404285
2024-04-10,29539.795780909004
2024-04-11,29762.726872681866
2024-04-12,29351.90882883853
2024-04-15,28984.183348151328
2024-04-16,28931.32526874477
2024-04-17,28760.10273818824
2024-04-18,28700.922308735426
2024-04-19,28450.408168763624
2024-04-22,28712.412102271184
2024-04-23,29053.1328860989
2024-04-24,29039.344056182694
2024-04-25,28929.02802848649
2024-04-26,29203.09831074709
2024-04-29,29306.51543317976
2024-04-30,28842.266346956916
2024-05-01,28748.61294465249
2024-05-02,29017.510395057066
2024-05-03,29377.191044534844
2024-05-06,29680.56326391321
2024-05-07,29713.315551723823
2024-05-08,29716.183958832873
2024-05-09,29887.404693267228
2024-05-10,29925.906368151154
2024-05-13,29929.92788569478
2024-05-14,30067.243221883942
2024-05-15,30439.572163698565
2024-05-16,30376.9413835529
2024-05-17,30420.608705804163
2024-05-20,30455.661826117408
2024-05-21,30530.351770527428
2024-05-22,30442.442366929794
2024-05-23,30220.078849763355
2024-05-24,30420.033946709056
2024-05-28,30441.29644098392
2024-05-29,30228.125477094953
2024-05-30,30027.60819390935
2024-05-31,30301.098328708318
2024-06-03,30325.80578530952
2024-06-04,30359.70220294385
2024-06-05,30720.532370611854
2024-06-06,30719.964796005428
2024-06-07,30682.616231556072
2024-06-10,30777.411967562035
2024-06-11,30851.537929609975
2024-06-12,31104.924068935168
2024-06-13,31167.54766459215
2024-06-14,31186.518306975246
2024-06-17,31434.72442995573
2024-06-18,31514.59079846612
2024-06-20,31428.98043124894
2024-06-21,31386.84340508842
2024-06-24,31284.820073461407
2024-06-25,31405.29317204157
2024-06-26,31444.488150083984
2024-06-27,31494.05752979319
2024-06-28,31370.12869215366
2024-07-01,31434.692099756645
2024-07-02,31646.232184713223
2024-07-03,31787.457678871335
2024-07-05,31970.759131036113
2024-07-08,32007.655072698064
2024-07-09,32038.778277698468
2024-07-10,32355.811802318807
2024-07-11,32076.81655306195
2024-07-12,32279.146123519335
2024-07-15,32367.917665759633
2024-07-16,32559.86565006153
2024-07-17,32103.338093057104
2024-07-18,31856.626343723914
2024-07-19,31645.082666522987
2024-07-22,31971.33748237556
2024-07-23,31921.189751326896
2024-07-24,31197.772808506445
2024-07-25,31035.22734416396
2024-07-26,31382.805722445257
2024-07-29,31401.255489398405
2024-07-30,31242.1585796266
2024-07-31,31749.990570358612
2024-08-01,31300.381675961613
2024-08-02,30717.619060448505
2024-08-05,29823.00652890411
2024-08-06,30097.96229939562
2024-08-07,29896.78943161716
2024-08-08,30587.917486147424
2024-08-09,30722.799076793224
2024-08-12,30738.946215121574
2024-08-13,31244.461208251403
2024-08-14,31343.03957755208
2024-08-15,31880.26690375481
2024-08-16,31951.741789476542
2024-08-19,32257.244209751167
2024-08-20,32204.790257833356
2024-08-21,32315.46012159749
2024-08-22,32061.833301901213
2024-08-23,32402.503794308108
2024-08-26,32325.26335641352
2024-08-27,32369.652719778023
2024-08-28,32181.731641386268
2024-08-29,32184.612621350527
2024-08-30,32491.85009564353
2024-09-03,31823.19691785438
2024-09-04,31758.062343400627
2024-09-05,31680.825497750386
2024-09-06,31147.625077457793
2024-09-09,31496.360158418
2024-09-10,31633.54796993294
2024-09-11,31958.07491625583
2024-09-12,32227.270522940995
2024-09-13,32395.585131700685
2024-09-16,32443.426641880204
2024-09-17,32456.6856157556
2024-09-18,32360.427836301442
2024-09-19,32912.638413664914
2024-09-20,32855.74444773735
2024-09-23,32937.845192229994
2024-09-24,33032.091314851255
2024-09-25,32959.23700730126
2024-09-26,33089.91207981969
2024-09-27,33041.91610313335
2024-09-30,33174.32622967016
2024-10-01,32877.13626280861
2024-10-02,32891.01310271126
2024-10-03,32830.88252462934
2024-10-04,33129.229194169806
2024-10-07,32829.72222970608
2024-10-08,33140.21427737516
2024-10-09,33369.755098741836
2024-10-10,33311.355982433946
2024-10-11,33510.829718637484
2024-10-14,33784.89640865374
2024-10-15,33522.40033767099
2024-10-16,33668.1017682823
2024-10-17,33670.99352497959
2024-10-18,33800.508302574766
2024-10-21,33745.000942964165
2024-10-22,33727.075643685304
2024-10-23,33418.897001374055
2024-10-24,33491.176549828946
2024-10-25,33479.60952303978
2024-10-28,33583.10926709237
2024-10-29,33637.456331779715
2024-10-30,33535.702418478526
2024-10-31,32878.29296548753
2024-11-01,33017.05418002535
2024-11-04,32945.93851873807
2024-11-05,33344.31482429437
2024-11-06,34173.44074143926
2024-11-07,34437.675458684724
2024-11-08,34586.85058957713
2024-11-11,34619.805839193206
2024-11-12,34512.264820253105
2024-11-13,34529.0298246087
2024-11-14,34307.00397841064
2024-11-15,33867.575504485845
2024-11-18,34006.343903512345
2024-11-19,34130.65351905239
2024-11-20,34142.22054584155
2024-11-21,34325.50762902895
2024-11-22,34431.89194529015
2024-11-25,34548.690177905926
2024-11-26,34729.08550439603
2024-11-27,34623.857890813764
2024-11-29,34838.93992869397
2024-12-02,34901.38750437807
2024-12-03,34917.56697290552
2024-12-04,35134.39484153714
2024-12-05,35076.57407656871
2024-12-06,35143.070111629015
2024-12-09,34962.0928415551
2024-12-10,34853.395119936074
2024-12-11,35122.83499923667
2024-12-12,34941.85772916276
2024-12-13,34934.92469757795
2024-12-16,35084.08905173732
2024-12-17,34939.540731560584
2024-12-18,33898.22453323278
2024-12-19,33887.81420912253
2024-12-20,34294.840639060305
2024-12-23,34500.2092482331
2024-12-24,34883.67414751554
2024-12-26,34886.00551409509
2024-12-27,34518.77037476092
2024-12-30,34124.85563668043
2024-12-31,34000.70767213588
2025-01-02,33917.17002990546
2025-01-03,34341.248843746376
2025-01-06,34539.07373979581
2025-01-07,34148.6398864851
2025-01-08,34198.539752674
2025-01-10,33676.410629451035
2025-01-13,33728.627493242115
2025-01-14,33775.03569792819
2025-01-15,34389.40647142821
2025-01-16,34323.266068558005
2025-01-17,34667.873660766425
2025-01-21,34985.20174942302
2025-01-22,35181.86994279353
2025-01-23,35373.89336422666
2025-01-24,35270.62711605646
2025-01-27,34771.71466803174
2025-01-28,35070.48522240485
2025-01-29,34913.267056425204
2025-01-30,35100.645705920935
2025-01-31,34913.84540776466
2025-02-03,34678.89107417089
2025-02-04,34911.52481791814
2025-02-05,35053.0772063116
2025-02-06,35174.90817325398
2025-02-07,34852.93531266
2025-02-10,35089.62829251649
2025-02-11,35116.31507575149
2025-02-12,35003.188116855745
2025-02-13,35372.73306930342
2025-02-14,35370.9944230407
2025-02-18,35474.83902255036
2025-02-19,35558.38025702513
2025-02-20,35410.44445043156
2025-02-21,34804.781277222515
2025-02-24,34646.402816319605
2025-02-25,34474.100816337566
2025-02-26,34491.50524018648
2025-02-27,33940.954279710146
2025-02-28,34470.61993156778
2025-03-03,33866.6989968658
2025-03-04,33465.82248924575
2025-03-05,33825.50673096788
2025-03-06,33225.06308879134
2025-03-07,33411.28862785251
2025-03-10,32521.356790688948
2025-03-11,32251.011665813552
2025-03-12,32422.15696311668
2025-03-13,31989.948900324245
2025-03-14,32650.731470754687
2025-03-17,32902.51187685791
2025-03-18,32546.886871245028
2025-03-19,32901.35158193465
2025-03-20,32806.21099047161
2025-03-21,32817.03083043713
2025-03-24,33404.73637416821
2025-03-25,33485.030219755594
2025-03-26,33085.27808461536
2025-03-27,32997.41178794986
2025-03-28,32332.904060134213
2025-03-31,32549.947463426506
2025-04-01,32641.883772934285
2025-04-02,32848.45578396247
2025-04-03,31229.657569307907
2025-04-04,29401.377625706136
2025-04-07,29349.008091530428
2025-04-08,28889.322951747217
2025-04-09,31923.258884069335
2025-04-10,30524.410198381735
2025-04-11,31069.04832466708
2025-04-14,31370.466363122057
2025-04-15,31282.603658700904
2025-04-16,30587.249328699374
2025-04-17,30630.89509748457
2025-04-21,29901.797020233353
2025-04-22,30679.774766279643
2025-04-23,31155.17238282552
2025-04-24,31810.958141372816
2025-04-25,32040.80071126442
2025-04-28,32053.01793427993
2025-04-29,32254.930804393352
2025-04-30,32267.729970992666
2025-05-01,32496.412245961008
2025-05-02,32978.79318551252
2025-05-05,32789.67948199841
2025-05-06,32515.61279198216
2025-05-07,32652.358757442733
2025-05-08,32879.87714524347
2025-05-09,32837.97720720968
2025-05-12,33923.1906314268
2025-05-13,34147.21735772472
2025-05-14,34190.855942021226
2025-05-15,34357.85578935084
2025-05-16,34575.4775439826
2025-05-19,34613.30028468542
2025-05-20,34496.925936902284
2025-05-21,33915.62536483737
2025-05-22,33929.010067264826
2025-05-23,33697.41448213313
2025-05-27,34398.00630438888
2025-05-28,34199.00315219447
2025-05-29,34333.99969465928
2025-05-30,34295.59501037266
2025-06-02,34488.77872672904
2025-06-03,34685.45410458824
2025-06-04,34676.14659949175
2025-06-05,34508.56480857833
2025-06-06,34862.92893642631
2025-06-09,34894.3502977073
2025-06-10,35092.19315497846
2025-06-11,34992.10963529745
2025-06-12,35131.176190604536
2025-06-13,34738.40737846993
2025-06-16,35068.915411626345
2025-06-17,34769.25038841147
2025-06-18,34764.0093039129
2025-06-20,34682.36836669635
2025-06-23,35024.93556411711
2025-06-24,35411.86697919197
2025-06-25,35431.70694470642
2025-06-26,35708.924033012765
2025-06-27,35886.33779669697
2025-06-30,36057.91416332143
2025-07-01,36046.246553690624
2025-07-02,36209.65415667578
2025-07-03,36495.040008621436
2025-07-07,36223.07478154669
2025-07-08,36203.234816032236
2025-07-09,36420.33210298969
2025-07-10,36523.04514553084
2025-07-11,36394.654740415484
2025-07-14,36464.10360032693
2025-07-15,36308.28281739728
2025-07-16,36429.66834604094
2025-07-17,36652.60662230249
2025-07-18,36625.76178031634
2025-07-21,36695.21064022779
2025-07-22,36700.4625014594
2025-07-23,37012.68960314686
2025-07-24,37024.946340850154
2025-07-25,37181.34906736361
2025-07-28,37172.016416556704
2025-07-29,37073.969699419
2025-07-30,37027.28129967405
2025-07-31,36888.38357985114
2025-08-01,36283.76934199068
2025-08-04,36835.27224721829
2025-08-05,36648.52224048283
2025-08-06,36929.23817478069
2025-08-07,36898.30535873053
2025-08-08,37186.02257725574
2025-08-11,37112.48574328029
2025-08-12,37507.58592199445
2025-08-13,37635.97991935415
2025-08-14,37639.48235759
2025-08-15,37551.3574193317
2025-08-18,37543.1886556924
2025-08-19,37339.5084013615
2025-08-20,37240.29420481185
2025-08-21,37090.89276252575
2025-08-22,37660.48980251641
2025-08-25,37494.74364846301
2025-08-26,37651.73550304896
2025-08-27,37737.52548248336
2025-08-28,37871.17134107466
2025-08-29,37645.31616240541
2025-09-02,37366.35324334766
2025-09-03,37568.862426022264
2025-09-04,37882.84613519416
2025-09-05,37773.12103169262
2025-09-08,37865.92307208741
2025-09-09,37953.45888227322
2025-09-10,38063.17680128607
2025-09-11,38379.48828479317
2025-09-12,38366.64601126173
2025-09-15,38570.91180142077
2025-09-16,38517.80406103227
2025-09-17,38469.94818187537
2025-09-18,38649.696904383476
2025-09-19,38841.12401325542
2025-09-22,39024.88168045195
2025-09-23,38812.45071889794
2025-09-24,38688.963727312774
2025-09-25,38510.47229032523
2025-09-26,38731.10434571764
2025-09-29,38839.95294159913
2025-09-30,38986.25786926031
2025-10-01,39119.106249607146
2025-10-02,39164.16017817537
2025-10-03,39163.581826835914
2025-10-06,39304.03139621563
2025-10-07,39158.3120043826
2025-10-08,39391.815071261204
2025-10-09,39277.69665292639
2025-10-10,38216.10582751844
2025-10-13,38802.496609819456
2025-10-14,38755.093353449956
2025-10-15,38927.15108081658
2025-10-16,38662.04704043975
2025-10-17,38881.50443193151
2025-10-20,39285.8905622761
2025-10-21,39285.301434203604
2025-10-22,39081.06438199931
2025-10-23,39312.81084139349
2025-10-24,39634.09758331768
2025-10-27,40101.689252903045
2025-10-28,40208.19929771629
2025-10-29,40227.51120331211
2025-10-30,39785.08320535969
2025-10-31,39915.58944239393
2025-11-03,39990.49851370897
2025-11-04,39516.469542258325
2025-11-05,39653.4094889135
2025-11-06,39227.95484548866
2025-11-07,39266.57506443594
2025-11-10,39879.30777451489
2025-11-11,39970.59748004066
2025-11-12,39992.83706477722
2025-11-13,39329.19506784858
2025-11-14,39322.76135822765
2025-11-17,38956.409911002214
2025-11-18,38629.27499528525
2025-11-19,38778.50760208716
2025-11-20,38187.43253316097
2025-11-21,38567.82606352891
2025-11-24,39135.48688381791
2025-11-25,39503.59134628344
2025-11-26,39776.307352426185
2025-11-28,39993.422600605365
2025-12-01,39810.83600506513
2025-12-02,39884.574004723865
2025-12-03,40022.68502303534
2025-12-04,40051.94385322096
2025-12-05,40128.02399619229
2025-12-08,40007.46827599221
2025-12-09,39972.936031108904
2025-12-10,40238.047255974416
2025-12-11,40331.67910481278
2025-12-12,39898.03055203822
2025-12-15,39837.75269193818
2025-12-16,39728.904096056685
2025-12-17,39291.742328313245
2025-12-18,39588.44734218829
2025-12-19,39947.255076290356
2025-12-22,40196.12217223022
2025-12-23,40379.83673249461
2025-12-24,40521.87766611892
2025-12-26,40517.768138588865
2025-12-29,40373.377877163286
2025-12-30,40324.07791577992
2025-12-31,40025.31813813984
2026-01-02,40098.6861366311
2026-01-05,40365.74795017565
2026-01-06,40605.81045522725
2026-01-07,40474.9234402925
2026-01-08,40470.81391276244
2026-01-09,40738.46126213514
2026-01-12,40802.439133909975
2026-01-13,40720.855672602935
2026-01-14,40520.703002218295
2026-01-15,40631.04956399143
2026-01-16,40597.00586433898
2026-01-20,39770.58131494113
2026-01-21,40229.57674381021
2026-01-22,40439.70507673942
2026-01-23,40454.37580264219
2026-01-26,40659.80907221319
2026-01-27,40821.808515415316
2026-01-28,40817.698987885255
2026-01-29,40736.70106240637
2026-01-30,40615.20058194368
2026-02-02,40817.11345205711
2026-02-03,40471.98857666308
2026-02-04,40275.94543380851
2026-02-05,39772.93064274242
2026-02-06,40535.96285619358
2026-02-09,40731.42046322001
2026-02-10,40624.00517283196
2026-02-11,40614.61863835988
2026-02-12,39987.16850320169
2026-02-13,40015.338883350945
2026-02-17,40079.90229095393
2026-02-18,40281.81516106736
2026-02-19,40175.574534579944
2026-02-20,40466.11884940424
2026-02-23,40052.90657470532
2026-02-24,40344.02924086907
2026-02-25,40684.46623739358
2026-02-26,40458.48533017227
2026-02-27,40264.20597929082
2026-03-02,40287.099352498066
2026-03-03,39931.99522231513
2026-03-04,40213.727761762464
2026-03-05,39989.51423875863
2026-03-06,39465.36627421408
2026-03-09,39811.08386992494
2026-03-10,39747.10240590576
2026-03-11,39697.21331644989
2026-03-12,39094.413161983386
2026-03-13,38873.13450260897
2026-03-16,39268.741187775704
2026-03-17,39372.039766145004
2026-03-18,38822.65628508062
2026-03-19,38726.984041454605
2026-03-20,38171.80267801826
2026-03-23,38572.60734075143
2026-03-24,38443.12489335535
2026-03-25,38657.359161570275
2026-03-26,37966.987274474515
2026-03-27,37319.5786297385
2026-03-30,37194.802022433665
2026-03-31,38275.97776400761
2026-04-01,38564.36673222524
2026-04-02,38599.09295830313
2026-04-06,38781.54304855827
2026-04-07,38798.609801438804
2026-04-08,39786.7931136677
2026-04-09,40016.32675054568
2026-04-10,39989.84472523833
2026-04-13,40380.64139522782
2026-04-14,40872.67469533289
2026-04-15,41195.20076155592
2026-04-16,41296.43020718281
2026-04-17,41795.52585966909
2026-04-20,41711.94870275087
2026-04-21,41438.86269544066
2026-04-22,41858.50149527182
2026-04-23,41696.060206015325
2026-04-24,42019.17540031084
2026-04-27,42091.566308340414
2026-04-28,41886.75090479667
2026-04-29,41880.277680487954
