Total Return,CAGR,Annual Vol,Sharpe,Sortino,Max Drawdown,Hit Rate,Strategy,Universe,Bucket,Top N,Funding,Gold Boost,Start,End,Active Rate,Average Gold Exposure,Latest SPY Weight,Latest Gold Weight,Latest BTC Weight,Latest BIL Weight,Latest ETF Weight,Latest ETF Assets
4.8633387296886745,0.13589466721639054,0.08296135924083999,1.2166330532502045,1.481209190862597,-0.13768511975705156,0.4824134972833858,current_best country_only bucket8% top2 boost16,country_only,0.08,2,spy,0.16,2016-10-01,2026-04-29,0.9652173913043478,0.8724985706117782,0.2,0.16,0.1,0.3,0.08,"EWZ,NORW"
4.936145036286366,0.1369049742209678,0.0837729919715315,1.216278779808429,1.4765545019769972,-0.14142671806545837,0.4852730912210466,current_best country_only bucket10% top2 boost16,country_only,0.1,2,spy,0.16,2016-10-01,2026-04-29,0.9652173913043478,0.8724985706117782,0.2,0.15000000000000002,0.1,0.3,0.1,"EWZ,NORW"
4.746543063974504,0.13424935754534983,0.08193634730455765,1.2131104884961459,1.4819590869242192,-0.13324366888932515,0.4824134972833858,current_best country_only bucket5% top2 boost16,country_only,0.05,2,spy,0.16,2016-10-01,2026-04-29,0.9652173913043478,0.8724985706117782,0.2,0.17500000000000002,0.1,0.3,0.05,"EWZ,NORW"
5.081955214504524,0.138894217469685,0.08558066941610817,1.2128127342622206,1.4781456195451292,-0.1270969926278721,0.48269945667715186,current_best momentum_core bucket10% top1 boost16,momentum_core,0.1,1,spy,0.16,2016-10-01,2026-04-29,0.8347826086956521,0.8724985706117782,0.19999999999999996,0.15000000000000002,0.09999999999999999,0.3,0.09999999999999999,EWY
4.973415485600872,0.13741772121607543,0.08449343204953826,1.2119561251047641,1.479579400051973,-0.12671914629135972,0.4844152130397484,current_best momentum_core bucket8% top1 boost16,momentum_core,0.08,1,spy,0.16,2016-10-01,2026-04-29,0.8347826086956521,0.8724985706117782,0.2,0.16000000000000003,0.10000000000000002,0.30000000000000004,0.08000000000000002,EWY
4.897285877461833,0.13636717962184464,0.08383861537277625,1.209731720297915,1.4801645715911012,-0.12917571009731,0.48384329425221617,current_best momentum_core bucket10% top3 boost16,momentum_core,0.1,3,spy,0.16,2016-10-01,2026-04-29,0.8347826086956521,0.8724985706117782,0.19999999999999996,0.15000000000000002,0.09999999999999999,0.3,0.09999999999999999,EWY
4.813247523879715,0.13519278726276251,0.08298191309344398,1.208888045689284,1.4810789772973478,-0.1261545411944267,0.483271375464684,current_best momentum_core bucket5% top1 boost16,momentum_core,0.05,1,spy,0.16,2016-10-01,2026-04-29,0.8347826086956521,0.8724985706117782,0.2,0.17500000000000002,0.1,0.3,0.05,EWY
4.827429389546944,0.13539207189921565,0.08314992871812629,1.2087257251473935,1.4809381868982499,-0.12838362803877057,0.48412925364598225,current_best momentum_core bucket8% top3 boost16,momentum_core,0.08,3,spy,0.16,2016-10-01,2026-04-29,0.8347826086956521,0.8724985706117782,0.2,0.16000000000000003,0.10000000000000002,0.30000000000000004,0.08000000000000002,EWY
4.904254635095021,0.1364638658454218,0.08416904569593882,1.2063229930742105,1.4785921577251306,-0.12934193468481658,0.48498713182728054,current_best momentum_core bucket10% top2 boost16,momentum_core,0.1,2,spy,0.16,2016-10-01,2026-04-29,0.8347826086956521,0.8724985706117782,0.19999999999999996,0.15000000000000002,0.09999999999999999,0.3,0.09999999999999999,EWY
4.8330213999105,0.1354705275544028,0.08340412630024432,1.206123971664124,1.479956335414206,-0.12851671554774458,0.48470117243351446,current_best momentum_core bucket8% top2 boost16,momentum_core,0.08,2,spy,0.16,2016-10-01,2026-04-29,0.8347826086956521,0.8724985706117782,0.2,0.16000000000000003,0.10000000000000002,0.30000000000000004,0.08000000000000002,EWY
4.723635040659378,0.13392301415500052,0.08219142354489219,1.206090512069408,1.4807726634597547,-0.12737957152658852,0.4835573348584501,current_best momentum_core bucket5% top3 boost16,momentum_core,0.05,3,spy,0.16,2016-10-01,2026-04-29,0.8347826086956521,0.8724985706117782,0.2,0.17500000000000002,0.1,0.3,0.05,EWY
4.699153712817179,0.13357291526182835,0.08196822905922233,1.2053769030829617,1.4888092420974135,-0.12609184886734526,0.4844152130397484,current_best sector_only bucket8% top2 boost16,sector_only,0.08,2,spy,0.16,2016-10-01,2026-04-29,0.9304347826086956,0.8724985706117782,0.2,0.16,0.1,0.3,0.08,"XLE,XLU"
4.644829603690395,0.13279103414353477,0.08140425969994994,1.2046791728461648,1.4863441441175698,-0.12588954639807948,0.48412925364598225,current_best sector_only bucket5% top2 boost16,sector_only,0.05,2,spy,0.16,2016-10-01,2026-04-29,0.9304347826086956,0.8724985706117782,0.2,0.17500000000000002,0.1,0.3,0.05,"XLE,XLU"
4.727144226293175,0.13397308387960805,0.08234043080119634,1.2045930110975627,1.4806248181454025,-0.12746283476759024,0.483271375464684,current_best momentum_core bucket5% top2 boost16,momentum_core,0.05,2,spy,0.16,2016-10-01,2026-04-29,0.8347826086956521,0.8724985706117782,0.2,0.17500000000000002,0.1,0.3,0.05,EWY
4.814644530671336,0.1352124381263744,0.08334398559066886,1.2042026254139933,1.4842803395638358,-0.1262837171847585,0.48498713182728054,current_best momentum_sector bucket8% top2 boost16,momentum_sector,0.08,2,spy,0.16,2016-10-01,2026-04-29,0.9304347826086956,0.8724985706117782,0.2,0.16,0.1,0.3,0.08,"EWY,XLE"
4.729927949729865,0.13401278232726743,0.08241561579055925,1.2039910079994705,1.4886453419303138,-0.12703139191278412,0.48412925364598225,current_best sector_only bucket10% top2 boost16,sector_only,0.1,2,spy,0.16,2016-10-01,2026-04-29,0.9304347826086956,0.8724985706117782,0.2,0.15000000000000002,0.1,0.3,0.1,"XLE,XLU"
4.716104527174313,0.13381547113664505,0.08226506957549086,1.2039288285588605,1.4832803991163577,-0.1260088739699281,0.4852730912210466,current_best momentum_sector bucket5% top2 boost16,momentum_sector,0.05,2,spy,0.16,2016-10-01,2026-04-29,0.9304347826086956,0.8724985706117782,0.2,0.17500000000000002,0.1,0.3,0.05,"EWY,XLE"
4.875367802846436,0.136062390333886,0.08413260374398188,1.202603996973014,1.4822270513494344,-0.12727179229996322,0.4855590506148127,current_best momentum_sector bucket10% top2 boost16,momentum_sector,0.1,2,spy,0.16,2016-10-01,2026-04-29,0.9304347826086956,0.8724985706117782,0.2,0.15000000000000002,0.1,0.3,0.1,"EWY,XLE"
4.5841338631605,0.13190914457954883,0.0810788615506868,1.19957457817795,1.4798963113320827,-0.12800972367963537,0.483271375464684,current_best sector_only bucket5% top3 boost16,sector_only,0.05,3,spy,0.16,2016-10-01,2026-04-29,0.9304347826086956,0.8724985706117782,0.2,0.17500000000000002,0.1,0.3,0.05,"XLE,XLU"
4.682493753354449,0.13333386814120707,0.0822207764385192,1.199371296092611,1.4644621505008106,-0.13149309629514916,0.4812696597083214,current_best momentum_country bucket5% top2 boost16,momentum_country,0.05,2,spy,0.16,2016-10-01,2026-04-29,0.9652173913043478,0.8724985706117782,0.2,0.17500000000000002,0.1,0.3,0.05,"EWZ,NORW"
4.632927398798849,0.13261879479827687,0.08173591809284281,1.1982690093034154,1.4650999351517096,-0.1312055712389656,0.483271375464684,current_best country_only bucket5% top3 boost16,country_only,0.05,3,spy,0.16,2016-10-01,2026-04-29,0.9652173913043478,0.8724985706117782,0.2,0.17500000000000002,0.1,0.3,0.05,"EWZ,NORW,THD"
4.601644236093095,0.1321644739820007,0.0814156344725366,1.1977209361576577,1.479243444146266,-0.12947561420382236,0.48412925364598225,current_best sector_only bucket8% top3 boost16,sector_only,0.08,3,spy,0.16,2016-10-01,2026-04-29,0.9304347826086956,0.8724985706117782,0.2,0.16,0.1,0.3,0.08,"XLE,XLU"
4.6416889732806155,0.1327456181655975,0.08195893477914087,1.1965916569855533,1.4738259643791876,-0.1273656301196341,0.4844152130397484,current_best momentum_sector bucket5% top3 boost16,momentum_sector,0.05,3,spy,0.16,2016-10-01,2026-04-29,0.9304347826086956,0.8724985706117782,0.2,0.17500000000000002,0.1,0.3,0.05,"EWY,XLE,XLU"
4.7592008520079085,0.13442916056610477,0.08339928732670002,1.1951920697144396,1.4539576095109334,-0.13489611379187805,0.48012582213325705,current_best momentum_country bucket8% top2 boost16,momentum_country,0.08,2,spy,0.16,2016-10-01,2026-04-29,0.9652173913043478,0.8724985706117782,0.2,0.16,0.1,0.3,0.08,"EWZ,NORW"
4.607829530699037,0.13225448853465926,0.08169927603993137,1.1948197691189808,1.4772357609423392,-0.13128185291651207,0.4835573348584501,current_best sector_only bucket10% top3 boost16,sector_only,0.1,3,spy,0.16,2016-10-01,2026-04-29,0.9304347826086956,0.8724985706117782,0.2,0.15000000000000002,0.1,0.3,0.1,"XLE,XLU"
4.679402286872829,0.13328943839552743,0.0825769362117895,1.1940812627330595,1.4551200036583796,-0.13442937889457884,0.48412925364598225,current_best country_only bucket8% top3 boost16,country_only,0.08,3,spy,0.16,2016-10-01,2026-04-29,0.9652173913043478,0.8724985706117782,0.19999999999999996,0.16000000000000003,0.1,0.3,0.08,"EWZ,NORW,THD"
4.694269253235957,0.13350289735790266,0.08281900049654363,1.193098052756218,1.469237908299138,-0.12844705739629037,0.48498713182728054,current_best momentum_sector bucket8% top3 boost16,momentum_sector,0.08,3,spy,0.16,2016-10-01,2026-04-29,0.9304347826086956,0.8724985706117782,0.19999999999999996,0.16000000000000003,0.1,0.3,0.08,"EWY,XLE,XLU"
4.622303545726519,0.1324647692590719,0.08201605915639532,1.1927980381862822,1.4568078985067217,-0.12846281050395003,0.48298541607091794,current_best momentum_country bucket5% top3 boost16,momentum_country,0.05,3,spy,0.16,2016-10-01,2026-04-29,0.9652173913043478,0.8724985706117782,0.2,0.17500000000000002,0.1,0.3,0.05,"EWZ,NORW,THD"
4.622982959538389,0.13247462753952188,0.08215961159121664,1.1909616719175926,1.4562906271212035,-0.13437077887159443,0.48412925364598225,current_best sector_country bucket5% top3 boost16,sector_country,0.05,3,spy,0.16,2016-10-01,2026-04-29,0.9652173913043478,0.8724985706117782,0.2,0.17500000000000002,0.1,0.3,0.05,"XLE,EWZ,NORW"
4.60002314981741,0.1321408670697488,0.0819611222135585,1.19003841400149,1.4708071302071961,-0.12620370900409406,0.48670288818987706,current_best sector_only bucket5% top1 boost16,sector_only,0.05,1,spy,0.16,2016-10-01,2026-04-29,0.9304347826086956,0.8724985706117782,0.2,0.17500000000000002,0.1,0.3,0.05,XLE
4.804712033389487,0.13507262832811073,0.08430562122031997,1.1899812230910545,1.4434853968476757,-0.13795355829277445,0.4812696597083214,current_best momentum_country bucket10% top2 boost16,momentum_country,0.1,2,spy,0.16,2016-10-01,2026-04-29,0.9652173913043478,0.8724985706117782,0.2,0.15000000000000002,0.1,0.3,0.1,"EWZ,NORW"
4.6268270742965925,0.13253038475476608,0.08233225817932013,1.189236474083857,1.4516789285214138,-0.14040236744141865,0.48269945667715186,current_best country_only bucket5% top1 boost16,country_only,0.05,1,spy,0.16,2016-10-01,2026-04-29,0.9652173913043478,0.8724985706117782,0.2,0.17500000000000002,0.1,0.3,0.05,NORW
4.7239461045223194,0.13392745362352998,0.08344835735166657,1.1892191307453497,1.4648606488698013,-0.1299674931174063,0.48269945667715186,current_best momentum_sector bucket10% top3 boost16,momentum_sector,0.1,3,spy,0.16,2016-10-01,2026-04-29,0.9304347826086956,0.8724985706117782,0.19999999999999996,0.15000000000000002,0.09999999999999999,0.3,0.1,"EWY,XLE,XLU"
4.704651272105113,0.13365165526870615,0.08324210219418916,1.1890480950603997,1.4456009336897004,-0.1373661625661492,0.48498713182728054,current_best country_only bucket10% top3 boost16,country_only,0.1,3,spy,0.16,2016-10-01,2026-04-29,0.9652173913043478,0.8724985706117782,0.19999999999999996,0.15000000000000002,0.09999999999999999,0.3,0.1,"EWZ,NORW,THD"
4.616119258234283,0.13237498451221286,0.08229612080820141,1.1880533693457878,1.4517201533398891,-0.13217611199516166,0.48498713182728054,current_best momentum_sector_country bucket5% top3 boost16,momentum_sector_country,0.05,3,spy,0.16,2016-10-01,2026-04-29,0.9652173913043478,0.8724985706117782,0.2,0.17500000000000002,0.1,0.3,0.05,"XLE,EWZ,NORW"
4.616119258234283,0.13237498451221286,0.08229612080820141,1.1880533693457878,1.4517201533398891,-0.13217611199516166,0.48498713182728054,current_best all_with_region bucket5% top3 boost16,all_with_region,0.05,3,spy,0.16,2016-10-01,2026-04-29,0.9652173913043478,0.8724985706117782,0.2,0.17500000000000002,0.1,0.3,0.05,"XLE,EWZ,NORW"
4.662378767310395,0.13304437805424407,0.08300398129357875,1.1857592095315381,1.4430581932066422,-0.13005199207744422,0.48212753788961965,current_best momentum_country bucket8% top3 boost16,momentum_country,0.08,3,spy,0.16,2016-10-01,2026-04-29,0.9652173913043478,0.8724985706117782,0.19999999999999996,0.16000000000000003,0.1,0.3,0.08,"EWZ,NORW,THD"
4.610232425181466,0.1322894329965021,0.08245636855582385,1.1849872344005954,1.4500698466601543,-0.14048149482684147,0.48298541607091794,current_best sector_country bucket5% top2 boost16,sector_country,0.05,2,spy,0.16,2016-10-01,2026-04-29,0.9652173913043478,0.8724985706117782,0.2,0.17500000000000002,0.1,0.3,0.05,"XLE,NORW"
4.608982227145659,0.13227125353327462,0.08249232307338154,1.1843150586077373,1.4417161080653655,-0.13859989029857822,0.4835573348584501,current_best momentum_country bucket5% top1 boost16,momentum_country,0.05,1,spy,0.16,2016-10-01,2026-04-29,0.9652173913043478,0.8724985706117782,0.2,0.17500000000000002,0.1,0.3,0.05,NORW
4.619712927094958,0.13242716928923182,0.08263718175595577,1.1840499332043237,1.4471325437924654,-0.13776817859915014,0.483271375464684,current_best momentum_sector_country bucket5% top2 boost16,momentum_sector_country,0.05,2,spy,0.16,2016-10-01,2026-04-29,0.9652173913043478,0.8724985706117782,0.2,0.17500000000000002,0.1,0.3,0.05,"XLE,NORW"
4.619712927094958,0.13242716928923182,0.08263718175595577,1.1840499332043237,1.4471325437924654,-0.13776817859915014,0.483271375464684,current_best all_with_region bucket5% top2 boost16,all_with_region,0.05,2,spy,0.16,2016-10-01,2026-04-29,0.9652173913043478,0.8724985706117782,0.2,0.17500000000000002,0.1,0.3,0.05,"XLE,NORW"
4.638141441428893,0.1326942898479646,0.08289979589815306,1.183403487207242,1.4526074410490175,-0.12441265995977291,0.48498713182728054,current_best momentum_sector bucket5% top1 boost16,momentum_sector,0.05,1,spy,0.16,2016-10-01,2026-04-29,0.9304347826086956,0.8724985706117782,0.2,0.17500000000000002,0.1,0.3,0.05,XLE
4.663415311512813,0.13305931905479906,0.08323976012240802,1.1827917497488343,1.4426029343928548,-0.13947401536867243,0.48212753788961965,current_best sector_country bucket8% top3 boost16,sector_country,0.08,3,spy,0.16,2016-10-01,2026-04-29,0.9652173913043478,0.8724985706117782,0.19999999999999996,0.16000000000000003,0.1,0.3,0.08,"XLE,EWZ,NORW"
4.625777940840036,0.1325151710375292,0.08303156804486837,1.17974404960496,1.4602780841689607,-0.1265001223547516,0.4875607663711753,current_best sector_only bucket8% top1 boost16,sector_only,0.08,1,spy,0.16,2016-10-01,2026-04-29,0.9304347826086956,0.8724985706117782,0.2,0.16000000000000003,0.10000000000000002,0.30000000000000004,0.08000000000000002,XLE
4.683373228120576,0.13334650362382172,0.08375796179756577,1.1790260251234759,1.4308829927729214,-0.1319086241289691,0.48298541607091794,current_best momentum_country bucket10% top3 boost16,momentum_country,0.1,3,spy,0.16,2016-10-01,2026-04-29,0.9652173913043478,0.8724985706117782,0.19999999999999996,0.15000000000000002,0.09999999999999999,0.3,0.1,"EWZ,NORW,THD"
4.652364000733454,0.13289989190422036,0.08345432950280993,1.178278927773764,1.4356365301622769,-0.1359802362538517,0.48298541607091794,current_best momentum_sector_country bucket8% top3 boost16,momentum_sector_country,0.08,3,spy,0.16,2016-10-01,2026-04-29,0.9652173913043478,0.8724985706117782,0.19999999999999996,0.16000000000000003,0.1,0.3,0.08,"XLE,EWZ,NORW"
4.652364000733454,0.13289989190422036,0.08345432950280993,1.178278927773764,1.4356365301622769,-0.1359802362538517,0.48298541607091794,current_best all_with_region bucket8% top3 boost16,all_with_region,0.08,3,spy,0.16,2016-10-01,2026-04-29,0.9652173913043478,0.8724985706117782,0.19999999999999996,0.16000000000000003,0.1,0.3,0.08,"XLE,EWZ,NORW"
4.573234626607752,0.13174984076433294,0.08265279696289743,1.1765955143581297,1.43838833016877,-0.13709936583323168,0.4818415784958536,current_best sector_country bucket5% top1 boost16,sector_country,0.05,1,spy,0.16,2016-10-01,2026-04-29,0.9652173913043478,0.8724985706117782,0.2,0.17500000000000002,0.1,0.3,0.05,XLE
4.66736930359139,0.13311628956708632,0.0838532203952932,1.1753516766137948,1.4305858934615057,-0.1490697598919538,0.4852730912210466,current_best country_only bucket8% top1 boost16,country_only,0.08,1,spy,0.16,2016-10-01,2026-04-29,0.9652173913043478,0.8724985706117782,0.2,0.16000000000000003,0.10000000000000002,0.30000000000000004,0.08000000000000002,NORW
4.684643561183275,0.13336475139530757,0.08405451333107487,1.175350623089243,1.4302058553530488,-0.1436470060326953,0.48269945667715186,current_best sector_country bucket10% top3 boost16,sector_country,0.1,3,spy,0.16,2016-10-01,2026-04-29,0.9652173913043478,0.8724985706117782,0.19999999999999996,0.15000000000000002,0.09999999999999999,0.3,0.1,"XLE,EWZ,NORW"
4.557021296776303,0.13151233017728559,0.08270038766667792,1.1734280681657039,1.4322268711464454,-0.13528996267678073,0.4818415784958536,current_best momentum_sector_country bucket5% top1 boost16,momentum_sector_country,0.05,1,spy,0.16,2016-10-01,2026-04-29,0.9652173913043478,0.8724985706117782,0.2,0.17500000000000002,0.1,0.3,0.05,XLE
4.557021296776303,0.13151233017728559,0.08270038766667792,1.1734280681657039,1.4322268711464454,-0.13528996267678073,0.4818415784958536,current_best all_with_region bucket5% top1 boost16,all_with_region,0.05,1,spy,0.16,2016-10-01,2026-04-29,0.9652173913043478,0.8724985706117782,0.2,0.17500000000000002,0.1,0.3,0.05,XLE
4.642311431186224,0.1327546212587265,0.0837948084687808,1.1722990542869394,1.4306584675835083,-0.14918654963110545,0.4824134972833858,current_best sector_country bucket8% top2 boost16,sector_country,0.08,2,spy,0.16,2016-10-01,2026-04-29,0.9652173913043478,0.8724985706117782,0.2,0.16,0.1,0.3,0.08,"XLE,NORW"
4.657589375991166,0.13297530962836013,0.08407709872169264,1.1709664684724324,1.4268384139777963,-0.14488525711445965,0.4812696597083214,current_best momentum_sector_country bucket8% top2 boost16,momentum_sector_country,0.08,2,spy,0.16,2016-10-01,2026-04-29,0.9652173913043478,0.8724985706117782,0.2,0.16,0.1,0.3,0.08,"XLE,NORW"
4.657589375991166,0.13297530962836013,0.08407709872169264,1.1709664684724324,1.4268384139777963,-0.14488525711445965,0.4812696597083214,current_best all_with_region bucket8% top2 boost16,all_with_region,0.08,2,spy,0.16,2016-10-01,2026-04-29,0.9652173913043478,0.8724985706117782,0.2,0.16,0.1,0.3,0.08,"XLE,NORW"
4.636913046222584,0.13267650953098276,0.08388015165057466,1.1703531013409776,1.4501850040075042,-0.12751855307487647,0.4864169287961109,current_best sector_only bucket10% top1 boost16,sector_only,0.1,1,spy,0.16,2016-10-01,2026-04-29,0.9304347826086956,0.8724985706117782,0.19999999999999996,0.15000000000000002,0.09999999999999999,0.3,0.09999999999999999,XLE
4.670785622416151,0.13316548339999668,0.08431929602544301,1.1698389303246695,1.4220653567382953,-0.13929845846368882,0.48269945667715186,current_best momentum_sector_country bucket10% top3 boost16,momentum_sector_country,0.1,3,spy,0.16,2016-10-01,2026-04-29,0.9652173913043478,0.8724985706117782,0.19999999999999996,0.15000000000000002,0.09999999999999999,0.3,0.1,"XLE,EWZ,NORW"
4.670785622416151,0.13316548339999668,0.08431929602544301,1.1698389303246695,1.4220653567382953,-0.13929845846368882,0.48269945667715186,current_best all_with_region bucket10% top3 boost16,all_with_region,0.1,3,spy,0.16,2016-10-01,2026-04-29,0.9652173913043478,0.8724985706117782,0.19999999999999996,0.15000000000000002,0.09999999999999999,0.3,0.1,"XLE,EWZ,NORW"
4.686923066977828,0.13339748600074963,0.08454647119179588,1.1693360444502785,1.4306595601497458,-0.12363298276011159,0.48698884758364314,current_best momentum_sector bucket8% top1 boost16,momentum_sector,0.08,1,spy,0.16,2016-10-01,2026-04-29,0.9304347826086956,0.8724985706117782,0.2,0.16000000000000003,0.10000000000000002,0.30000000000000004,0.08000000000000002,XLE
4.638677032121995,0.13270204109112171,0.08409879867166199,1.1678172144669852,1.4155637010233613,-0.14621300789779257,0.4864169287961109,current_best momentum_country bucket8% top1 boost16,momentum_country,0.08,1,spy,0.16,2016-10-01,2026-04-29,0.9652173913043478,0.8724985706117782,0.2,0.16000000000000003,0.10000000000000002,0.30000000000000004,0.08000000000000002,NORW
4.6877144476054236,0.13340884769251815,0.08509545971516902,1.1624671518289227,1.413862483506944,-0.1555874446621851,0.48498713182728054,current_best country_only bucket10% top1 boost16,country_only,0.1,1,spy,0.16,2016-10-01,2026-04-29,0.9652173913043478,0.8724985706117782,0.19999999999999996,0.15000000000000002,0.09999999999999999,0.3,0.09999999999999999,NORW
4.657704711723092,0.1329769735371884,0.08481198284135053,1.1615707216660547,1.4142609821889567,-0.1557223625457521,0.48412925364598225,current_best sector_country bucket10% top2 boost16,sector_country,0.1,2,spy,0.16,2016-10-01,2026-04-29,0.9652173913043478,0.8724985706117782,0.2,0.15000000000000002,0.1,0.3,0.1,"XLE,NORW"
4.6768764570124315,0.13325312116937904,0.08515814877509559,1.160061935883094,1.4098970527168937,-0.15038325827176824,0.48212753788961965,current_best momentum_sector_country bucket10% top2 boost16,momentum_sector_country,0.1,2,spy,0.16,2016-10-01,2026-04-29,0.9652173913043478,0.8724985706117782,0.2,0.15000000000000002,0.1,0.3,0.1,"XLE,NORW"
4.6768764570124315,0.13325312116937904,0.08515814877509559,1.160061935883094,1.4098970527168937,-0.15038325827176824,0.48212753788961965,current_best all_with_region bucket10% top2 boost16,all_with_region,0.1,2,spy,0.16,2016-10-01,2026-04-29,0.9652173913043478,0.8724985706117782,0.2,0.15000000000000002,0.1,0.3,0.1,"XLE,NORW"
4.713390404379754,0.1337766786033392,0.085781295556591,1.1576351500935973,1.4141455904430391,-0.12393677981619966,0.48412925364598225,current_best momentum_sector bucket10% top1 boost16,momentum_sector,0.1,1,spy,0.16,2016-10-01,2026-04-29,0.9304347826086956,0.8724985706117782,0.19999999999999996,0.15000000000000002,0.09999999999999999,0.3,0.09999999999999999,XLE
4.581167050659636,0.13186581009204756,0.08436892655521841,1.1555823256032853,1.4072567875019963,-0.1438421050576435,0.4855590506148127,current_best sector_country bucket8% top1 boost16,sector_country,0.08,1,spy,0.16,2016-10-01,2026-04-29,0.9652173913043478,0.8724985706117782,0.2,0.16000000000000003,0.10000000000000002,0.30000000000000004,0.08000000000000002,XLE
4.651774774393264,0.13289138355496766,0.08539313817871536,1.1533646709662881,1.3958203933621818,-0.15204231036332116,0.48613096940234485,current_best momentum_country bucket10% top1 boost16,momentum_country,0.1,1,spy,0.16,2016-10-01,2026-04-29,0.9652173913043478,0.8724985706117782,0.19999999999999996,0.15000000000000002,0.09999999999999999,0.3,0.09999999999999999,NORW
4.555340280139296,0.13148766802699163,0.08442373360823312,1.1509288889915132,1.3984783829025604,-0.14096780272542941,0.48498713182728054,current_best momentum_sector_country bucket8% top1 boost16,momentum_sector_country,0.08,1,spy,0.16,2016-10-01,2026-04-29,0.9652173913043478,0.8724985706117782,0.2,0.16000000000000003,0.10000000000000002,0.30000000000000004,0.08000000000000002,XLE
4.555340280139296,0.13148766802699163,0.08442373360823312,1.1509288889915132,1.3984783829025604,-0.14096780272542941,0.48498713182728054,current_best all_with_region bucket8% top1 boost16,all_with_region,0.08,1,spy,0.16,2016-10-01,2026-04-29,0.9652173913043478,0.8724985706117782,0.2,0.16000000000000003,0.10000000000000002,0.30000000000000004,0.08000000000000002,XLE
4.579716970363822,0.13184462184312817,0.08573983196501046,1.1382509846627014,1.3842881004731113,-0.14910530825631185,0.4844152130397484,current_best sector_country bucket10% top1 boost16,sector_country,0.1,1,spy,0.16,2016-10-01,2026-04-29,0.9652173913043478,0.8724985706117782,0.19999999999999996,0.15000000000000002,0.09999999999999999,0.3,0.09999999999999999,XLE
4.547567769895093,0.13137354762703324,0.08579102038822226,1.1327705356616031,1.373781167820062,-0.1478084721485715,0.48412925364598225,current_best momentum_sector_country bucket10% top1 boost16,momentum_sector_country,0.1,1,spy,0.16,2016-10-01,2026-04-29,0.9652173913043478,0.8724985706117782,0.19999999999999996,0.15000000000000002,0.09999999999999999,0.3,0.09999999999999999,XLE
4.547567769895093,0.13137354762703324,0.08579102038822226,1.1327705356616031,1.373781167820062,-0.1478084721485715,0.48412925364598225,current_best all_with_region bucket10% top1 boost16,all_with_region,0.1,1,spy,0.16,2016-10-01,2026-04-29,0.9652173913043478,0.8724985706117782,0.19999999999999996,0.15000000000000002,0.09999999999999999,0.3,0.09999999999999999,XLE
