Total Return,CAGR,Annual Vol,Sharpe,Sortino,Max Drawdown,Hit Rate,Strategy,Model Type,Allocation Profile,Equity Budget,Gold Budget,BTC Budget,Start,End,Average US Weight,Average TH Weight,Average JP Weight,Average Gold Weight,Average BTC Weight,Average Cash Weight,JP Sleeve Mode,JP Assets,JP Internal Cap,JP Objective,Latest JP Internal Max Weight,Average JP Internal Max Weight
0.5895835229095014,0.32683512742373866,0.11565671717217386,2.2508894958169723,3.1569568759728335,-0.0696705625733055,0.5849514563106796,Stock60/Gold30/BTC10 Index signal leaves inactive equity in cash + weekly exposure all assets + gold drawdown 252d warn10 crash20,Index signal assignment + exposure,Stock60/Gold30/BTC10,0.6,0.3,0.1,2024-07-01,2026-01-30,0.13232445520581113,0.07869249394673124,0.11452784503631959,0.29999999999999993,0.05641646489104116,0.31803874092009693,JP optimized mean_variance top10 cap20%,10,0.2,mean_variance,0.19999999999999996,0.19999999999999998
0.592747797177753,0.3284461062469817,0.11643814922569876,2.247011355082293,3.233641188707831,-0.06967056257330562,0.5849514563106796,Stock60/Gold30/BTC10 Index signal leaves inactive equity in cash + daily exposure all assets + gold drawdown 252d warn10 crash20,Index signal assignment + exposure,Stock60/Gold30/BTC10,0.6,0.3,0.1,2024-07-01,2026-01-30,0.13292978208232442,0.0791767554479419,0.12082324455205809,0.29999999999999993,0.05641646489104116,0.3106537530266344,JP optimized mean_variance top10 cap20%,10,0.2,mean_variance,0.19999999999999996,0.19999999999999998
0.5843425390538362,0.32416411224194297,0.11547852870020414,2.236673867160075,3.1275274065551932,-0.0697338099070941,0.5849514563106796,Stock60/Gold30/BTC10 Index signal leaves inactive equity in cash + weekly exposure all assets + gold drawdown 252d warn10 crash20,Index signal assignment + exposure,Stock60/Gold30/BTC10,0.6,0.3,0.1,2024-07-01,2026-01-30,0.13232445520581113,0.07869249394673124,0.11452784503631959,0.29999999999999993,0.05641646489104116,0.31803874092009693,JP optimized min_vol_mom_tilt top10 cap20%,10,0.2,min_vol_mom_tilt,0.20000000000000007,0.20000000000000007
0.5874727009182836,0.32575978155587904,0.11626846482154495,2.2326504958300544,3.202455419243882,-0.06973380990709366,0.5849514563106796,Stock60/Gold30/BTC10 Index signal leaves inactive equity in cash + daily exposure all assets + gold drawdown 252d warn10 crash20,Index signal assignment + exposure,Stock60/Gold30/BTC10,0.6,0.3,0.1,2024-07-01,2026-01-30,0.13292978208232442,0.0791767554479419,0.12082324455205809,0.29999999999999993,0.05641646489104116,0.3106537530266344,JP optimized min_vol_mom_tilt top10 cap20%,10,0.2,min_vol_mom_tilt,0.20000000000000007,0.20000000000000007
0.5452870581302494,0.30415024575842486,0.11322481278370229,2.1439366345491204,3.0665892349505866,-0.07032880612504466,0.5655339805825242,Stock60/Gold30/BTC10 Index signal leaves inactive equity in cash + daily exposure all assets + gold drawdown 252d warn10 crash20,Index signal assignment + exposure,Stock60/Gold30/BTC10,0.6,0.3,0.1,2024-07-01,2026-01-30,0.13292978208232442,0.0791767554479419,0.12082324455205809,0.29999999999999993,0.05641646489104116,0.3106537530266344,JP optimized min_vol_mom_tilt top10 cap15%,10,0.15,min_vol_mom_tilt,0.15,0.15
0.5434304886728034,0.30319397274870763,0.11319373469454111,2.1379925724170605,3.0577329103703943,-0.07033709204988525,0.5655339805825242,Stock60/Gold30/BTC10 Index signal leaves inactive equity in cash + daily exposure all assets + gold drawdown 252d warn10 crash20,Index signal assignment + exposure,Stock60/Gold30/BTC10,0.6,0.3,0.1,2024-07-01,2026-01-30,0.13292978208232442,0.0791767554479419,0.12082324455205809,0.29999999999999993,0.05641646489104116,0.3106537530266344,JP optimized mean_variance top10 cap15%,10,0.15,mean_variance,0.15,0.15
0.5378879635599256,0.30033648399027757,0.11257625885199822,2.1295439297090346,2.969945248770537,-0.06920835887884125,0.5679611650485437,Stock60/Gold30/BTC10 Index signal leaves inactive equity in cash + weekly exposure all assets + gold drawdown 252d warn10 crash20,Index signal assignment + exposure,Stock60/Gold30/BTC10,0.6,0.3,0.1,2024-07-01,2026-01-30,0.13232445520581113,0.07869249394673124,0.11452784503631959,0.29999999999999993,0.05641646489104116,0.31803874092009693,JP optimized min_vol_mom_tilt top10 cap15%,10,0.15,min_vol_mom_tilt,0.15,0.15
0.5357027983234544,0.2992088032493656,0.112527099603249,2.1226894030799044,2.958964574713498,-0.06921665583973635,0.5679611650485437,Stock60/Gold30/BTC10 Index signal leaves inactive equity in cash + weekly exposure all assets + gold drawdown 252d warn10 crash20,Index signal assignment + exposure,Stock60/Gold30/BTC10,0.6,0.3,0.1,2024-07-01,2026-01-30,0.13232445520581113,0.07869249394673124,0.11452784503631959,0.29999999999999993,0.05641646489104116,0.31803874092009693,JP optimized mean_variance top10 cap15%,10,0.15,mean_variance,0.15,0.15
0.5300793409599875,0.2963038706139596,0.11398590691228526,2.0772564090902432,2.8861306563789135,-0.0710762616227355,0.5776699029126213,Stock60/Gold30/BTC10 Index signal leaves inactive equity in cash + weekly exposure all assets + gold drawdown 252d warn10 crash20,Index signal assignment + exposure,Stock60/Gold30/BTC10,0.6,0.3,0.1,2024-07-01,2026-01-30,0.13232445520581113,0.07869249394673124,0.11452784503631959,0.29999999999999993,0.05641646489104116,0.31803874092009693,JP optimized mean_variance top15 cap15%,15,0.15,mean_variance,0.14999999999999952,0.1499999999999999
0.528285332276498,0.29537625683461877,0.11467321936082756,2.059216875483707,2.9398188160041596,-0.0710762616227355,0.5776699029126213,Stock60/Gold30/BTC10 Index signal leaves inactive equity in cash + daily exposure all assets + gold drawdown 252d warn10 crash20,Index signal assignment + exposure,Stock60/Gold30/BTC10,0.6,0.3,0.1,2024-07-01,2026-01-30,0.13292978208232442,0.0791767554479419,0.12082324455205809,0.29999999999999993,0.05641646489104116,0.3106537530266344,JP optimized mean_variance top15 cap15%,15,0.15,mean_variance,0.14999999999999952,0.1499999999999999
0.4828247653665052,0.2717267164609767,0.10948043674826323,1.9826961661984122,2.8525980709764442,-0.06854201678680805,0.5703883495145631,Stock60/Gold30/BTC10 Index signal leaves inactive equity in cash + daily exposure all assets + gold drawdown 252d warn10 crash20,Index signal assignment + exposure,Stock60/Gold30/BTC10,0.6,0.3,0.1,2024-07-01,2026-01-30,0.13292978208232442,0.0791767554479419,0.12082324455205809,0.29999999999999993,0.05641646489104116,0.3106537530266344,JP optimized mean_variance top15 cap10%,15,0.1,mean_variance,0.10000000000000009,0.10000000000000005
0.4862199990011018,0.2735026653180226,0.1106993037914344,1.9747390593739012,2.7488631769779284,-0.06998766793123057,0.5703883495145631,Stock60/Gold30/BTC10 Index signal leaves inactive equity in cash + weekly exposure all assets + gold drawdown 252d warn10 crash20,Index signal assignment + exposure,Stock60/Gold30/BTC10,0.6,0.3,0.1,2024-07-01,2026-01-30,0.13232445520581113,0.07869249394673124,0.11452784503631959,0.29999999999999993,0.05641646489104116,0.31803874092009693,JP optimized min_vol_mom_tilt top15 cap12%,15,0.12,min_vol_mom_tilt,0.12000000000000002,0.12000000000000004
0.4883304015146994,0.27460575901242934,0.11132823704569969,1.9720031951214838,2.817170643980216,-0.07110678032425721,0.5679611650485437,Stock60/Gold30/BTC10 Index signal leaves inactive equity in cash + daily exposure all assets + gold drawdown 252d warn10 crash20,Index signal assignment + exposure,Stock60/Gold30/BTC10,0.6,0.3,0.1,2024-07-01,2026-01-30,0.13292978208232442,0.0791767554479419,0.12082324455205809,0.29999999999999993,0.05641646489104116,0.3106537530266344,JP optimized min_vol_mom_tilt top15 cap12%,15,0.12,min_vol_mom_tilt,0.12000000000000002,0.12000000000000004
0.4860773529145095,0.27342808311063616,0.11088905371734954,1.971021182210431,2.740518548031747,-0.07000153831806244,0.5679611650485437,Stock60/Gold30/BTC10 Index signal leaves inactive equity in cash + weekly exposure all assets + gold drawdown 252d warn10 crash20,Index signal assignment + exposure,Stock60/Gold30/BTC10,0.6,0.3,0.1,2024-07-01,2026-01-30,0.13232445520581113,0.07869249394673124,0.11452784503631959,0.29999999999999993,0.05641646489104116,0.31803874092009693,JP optimized mean_variance top15 cap12%,15,0.12,mean_variance,0.12000000000000005,0.11999999999999998
0.488796579728223,0.274849345096877,0.11153174282576128,1.9703289009442282,2.8104709680908697,-0.07112063225204845,0.5655339805825242,Stock60/Gold30/BTC10 Index signal leaves inactive equity in cash + daily exposure all assets + gold drawdown 252d warn10 crash20,Index signal assignment + exposure,Stock60/Gold30/BTC10,0.6,0.3,0.1,2024-07-01,2026-01-30,0.13292978208232442,0.0791767554479419,0.12082324455205809,0.29999999999999993,0.05641646489104116,0.3106537530266344,JP optimized mean_variance top15 cap12%,15,0.12,mean_variance,0.12000000000000005,0.11999999999999998
0.47577997626457624,0.2680367253566329,0.10888948120177158,1.9661001562428495,2.7522750402866416,-0.0674194177135875,0.5728155339805825,Stock60/Gold30/BTC10 Index signal leaves inactive equity in cash + weekly exposure all assets + gold drawdown 252d warn10 crash20,Index signal assignment + exposure,Stock60/Gold30/BTC10,0.6,0.3,0.1,2024-07-01,2026-01-30,0.13232445520581113,0.07869249394673124,0.11452784503631959,0.29999999999999993,0.05641646489104116,0.31803874092009693,JP optimized mean_variance top15 cap10%,15,0.1,mean_variance,0.10000000000000009,0.10000000000000005
0.457894690052975,0.25863760785123313,0.10654740817716189,1.9368842676212374,2.7238312221123686,-0.06565532288359,0.5728155339805825,Stock60/Gold30/BTC10 Index signal leaves inactive equity in cash + weekly exposure all assets + gold drawdown 252d warn10 crash20,Index signal assignment + exposure,Stock60/Gold30/BTC10,0.6,0.3,0.1,2024-07-01,2026-01-30,0.13232445520581113,0.07869249394673124,0.11452784503631959,0.29999999999999993,0.05641646489104116,0.31803874092009693,JP optimized mean_variance top20 cap8%,20,0.08,mean_variance,0.08000000000000004,0.08000000000000004
0.45987332046474116,0.2596796250561373,0.10712625664341051,1.9347354146228177,2.79809330946969,-0.0667800126271828,0.5679611650485437,Stock60/Gold30/BTC10 Index signal leaves inactive equity in cash + daily exposure all assets + gold drawdown 252d warn10 crash20,Index signal assignment + exposure,Stock60/Gold30/BTC10,0.6,0.3,0.1,2024-07-01,2026-01-30,0.13292978208232442,0.0791767554479419,0.12082324455205809,0.29999999999999993,0.05641646489104116,0.3106537530266344,JP optimized mean_variance top20 cap8%,20,0.08,mean_variance,0.08000000000000004,0.08000000000000004
0.4661091264181281,0.26296002650853767,0.11028701501352889,1.9060811082873066,2.6505431480264288,-0.07094480037632889,0.5703883495145631,Stock60/Gold30/BTC10 Index signal leaves inactive equity in cash + weekly exposure all assets + gold drawdown 252d warn10 crash20,Index signal assignment + exposure,Stock60/Gold30/BTC10,0.6,0.3,0.1,2024-07-01,2026-01-30,0.13232445520581113,0.07869249394673124,0.11452784503631959,0.29999999999999993,0.05641646489104116,0.31803874092009693,JP optimized mean_variance top20 cap12%,20,0.12,mean_variance,0.11999999999999994,0.11999999999999987
0.45429243866204283,0.25673911744896394,0.10880054837980443,1.885088410179158,2.629250165874072,-0.07090641122936292,0.5655339805825242,Stock60/Gold30/BTC10 Index signal leaves inactive equity in cash + weekly exposure all assets + gold drawdown 252d warn10 crash20,Index signal assignment + exposure,Stock60/Gold30/BTC10,0.6,0.3,0.1,2024-07-01,2026-01-30,0.13232445520581113,0.07869249394673124,0.11452784503631959,0.29999999999999993,0.05641646489104116,0.31803874092009693,JP optimized min_vol_mom_tilt top20 cap10%,20,0.1,min_vol_mom_tilt,0.10000000000000003,0.09999999999999999
0.46206864004170445,0.2608351144061323,0.11097133118985725,1.8797730714389456,2.6889728841285354,-0.07206257588163911,0.5703883495145631,Stock60/Gold30/BTC10 Index signal leaves inactive equity in cash + daily exposure all assets + gold drawdown 252d warn10 crash20,Index signal assignment + exposure,Stock60/Gold30/BTC10,0.6,0.3,0.1,2024-07-01,2026-01-30,0.13292978208232442,0.0791767554479419,0.12082324455205809,0.29999999999999993,0.05641646489104116,0.3106537530266344,JP optimized mean_variance top20 cap12%,20,0.12,mean_variance,0.11999999999999994,0.11999999999999987
0.45232226497945605,0.25570000361826106,0.10885176765961384,1.8766295496867167,2.615007980594494,-0.07133472845717959,0.5679611650485437,Stock60/Gold30/BTC10 Index signal leaves inactive equity in cash + weekly exposure all assets + gold drawdown 252d warn10 crash20,Index signal assignment + exposure,Stock60/Gold30/BTC10,0.6,0.3,0.1,2024-07-01,2026-01-30,0.13232445520581113,0.07869249394673124,0.11452784503631959,0.29999999999999993,0.05641646489104116,0.31803874092009693,JP optimized mean_variance top20 cap10%,20,0.1,mean_variance,0.0999999999999999,0.09999999999999996
0.45207717427222827,0.2555706988558706,0.10944828684184246,1.8660406801850653,2.6751036993547492,-0.07202471314062842,0.5679611650485437,Stock60/Gold30/BTC10 Index signal leaves inactive equity in cash + daily exposure all assets + gold drawdown 252d warn10 crash20,Index signal assignment + exposure,Stock60/Gold30/BTC10,0.6,0.3,0.1,2024-07-01,2026-01-30,0.13292978208232442,0.0791767554479419,0.12082324455205809,0.29999999999999993,0.05641646489104116,0.3106537530266344,JP optimized min_vol_mom_tilt top20 cap10%,20,0.1,min_vol_mom_tilt,0.10000000000000003,0.09999999999999999
0.4497855439190017,0.25436127035416645,0.109499182664262,1.8563952984761574,2.658411493085101,-0.07245251343564119,0.5703883495145631,Stock60/Gold30/BTC10 Index signal leaves inactive equity in cash + daily exposure all assets + gold drawdown 252d warn10 crash20,Index signal assignment + exposure,Stock60/Gold30/BTC10,0.6,0.3,0.1,2024-07-01,2026-01-30,0.13292978208232442,0.0791767554479419,0.12082324455205809,0.29999999999999993,0.05641646489104116,0.3106537530266344,JP optimized mean_variance top20 cap10%,20,0.1,mean_variance,0.0999999999999999,0.09999999999999996
