,US/TH one-model stockcap5 penalty0.02 assets50 all US segments cap 30% each + daily exposure
2017-05-31,10000.0
2017-06-01,10078.887680536998
2017-06-02,10205.657027412692
2017-06-03,10216.647849429173
2017-06-04,10215.209984675932
2017-06-05,10278.490700771443
2017-06-06,10339.370212633228
2017-06-07,10296.10055489207
2017-06-08,10334.4506598564
2017-06-09,10212.595831471363
2017-06-10,10257.405489342813
2017-06-11,10261.024519744462
2017-06-12,10096.741589040816
2017-06-13,10164.54808424398
2017-06-14,10036.68319904182
2017-06-15,9945.646189032464
2017-06-16,9974.73168705953
2017-06-17,10029.117064816255
2017-06-18,9988.489055058097
2017-06-19,10080.244194797842
2017-06-20,10061.428929335421
2017-06-21,10095.923096050945
2017-06-22,10097.782923170173
2017-06-23,10113.775026524356
2017-06-24,10063.595076276013
2017-06-25,10056.145882312345
2017-06-26,9980.631922381834
2017-06-27,9926.30120401913
2017-06-28,10020.8633764539
2017-06-29,9895.566560484549
2017-06-30,9832.051325991632
2017-07-01,9813.705684038883
2017-07-02,9842.69670627891
2017-07-03,9797.271183496408
2017-07-04,9829.85199576756
2017-07-05,9905.651144910882
2017-07-06,9869.57982622267
2017-07-07,9887.933531692466
2017-07-08,9908.615088343226
2017-07-09,9888.230107293883
2017-07-10,9937.947183500271
2017-07-11,9948.075765592235
2017-07-12,9996.616854651293
2017-07-13,9938.863836583778
2017-07-14,10001.216329225766
2017-07-15,10001.216329225766
2017-07-16,10001.216329225766
2017-07-17,9956.975725936907
2017-07-18,9945.913206795947
2017-07-19,9948.954100631376
2017-07-20,9985.434315795806
2017-07-21,9936.856150446434
2017-07-22,9989.882356095928
2017-07-23,9961.542088261085
2017-07-24,9897.107768176427
2017-07-25,9846.2942829838
2017-07-26,9865.511231148474
2017-07-27,9828.209259936417
2017-07-28,9869.963586162014
2017-07-29,9840.954619687745
2017-07-30,9852.046418498387
2017-07-31,9859.926190670634
2017-08-01,9863.832737611167
2017-08-02,9862.687264578
2017-08-03,9892.113746824713
2017-08-04,9932.514967648618
2017-08-05,10054.968058728935
2017-08-06,10042.922173006406
2017-08-07,10097.278551396827
2017-08-08,10109.343292086973
2017-08-09,10012.866988776701
2017-08-10,9907.655508606205
2017-08-11,9959.969166016588
2017-08-12,10023.835784590528
2017-08-13,10072.487929683326
2017-08-14,10212.528007646704
2017-08-15,10180.34147795607
2017-08-16,10245.244489422072
2017-08-17,10117.094060309922
2017-08-18,10047.11055086042
2017-08-19,10055.098763977496
2017-08-20,10029.67382964959
2017-08-21,9989.655306066516
2017-08-22,10094.642215396545
2017-08-23,10098.531544919102
2017-08-24,10203.11414861644
2017-08-25,10197.755431137793
2017-08-26,10193.276547167323
2017-08-27,10200.414927762888
2017-08-28,10237.958078035384
2017-08-29,10363.85397786039
2017-08-30,10439.950079270277
2017-08-31,10600.106760701205
2017-09-01,10653.306653490261
2017-09-02,10585.09258133843
2017-09-03,10586.061202114453
2017-09-04,10480.66679597569
2017-09-05,10475.378800080618
2017-09-06,10541.604997235609
2017-09-07,10586.41277879658
2017-09-08,10457.801545847058
2017-09-09,10457.136316798367
2017-09-10,10431.61985211299
2017-09-11,10522.337414195714
2017-09-12,10515.996759444713
2017-09-13,10430.538596037208
2017-09-14,10218.5498161158
2017-09-15,10248.909943732046
2017-09-16,10248.909943732046
2017-09-17,10248.909943732046
2017-09-18,10267.61923464033
2017-09-19,10231.05669305344
2017-09-20,10223.811360430484
2017-09-21,10146.269389005192
2017-09-22,10149.449922016698
2017-09-23,10149.449922016698
2017-09-24,10149.449922016698
2017-09-25,10071.138412277083
2017-09-26,10076.364644664149
2017-09-27,10127.380237736685
2017-09-28,10129.110863061824
2017-09-29,10182.995812857975
2017-09-30,10225.957926209328
2017-10-01,10241.284989923863
2017-10-02,10337.612718252609
2017-10-03,10392.885035122354
2017-10-04,10312.643665583877
2017-10-05,10390.685678767402
2017-10-06,10401.206674029909
2017-10-07,10414.552037361977
2017-10-08,10457.742763181133
2017-10-09,10548.800663529975
2017-10-10,10627.766547775482
2017-10-11,10617.066376587389
2017-10-12,10706.00119972233
2017-10-13,10754.059128170791
2017-10-14,10789.208964776284
2017-10-15,10760.79190004105
2017-10-16,10854.400077056413
2017-10-17,10843.290945417748
2017-10-18,10821.564744374477
2017-10-19,10799.482230621836
2017-10-20,10888.277166562011
2017-10-21,10891.92683036142
2017-10-22,10887.740929863436
2017-10-23,10880.000404544653
2017-10-24,10882.764949066051
2017-10-25,10957.94151351507
2017-10-26,10959.558971224473
2017-10-27,11024.730390824056
2017-10-28,11019.426746005283
2017-10-29,11096.188075665865
2017-10-30,11052.400710827622
2017-10-31,11136.137843768336
2017-11-01,11180.924575971556
2017-11-02,11190.73878669061
2017-11-03,11230.389097213276
2017-11-04,11257.218036954435
2017-11-05,11261.406720609184
2017-11-06,11266.000312042917
2017-11-07,11184.729580629937
2017-11-08,11232.272689021233
2017-11-09,11143.703428889417
2017-11-10,11026.597275232703
2017-11-11,10983.188250560102
2017-11-12,10912.784613303704
2017-11-13,11159.726038347932
2017-11-14,11201.39232887553
2017-11-15,11242.640932140821
2017-11-16,11418.141947975137
2017-11-17,11338.179719899934
2017-11-18,11350.116470024921
2017-11-19,11386.007839188154
2017-11-20,11456.602023187043
2017-11-21,11492.083081356415
2017-11-22,11529.250845797393
2017-11-23,11420.037106247257
2017-11-24,11356.914686567487
2017-11-25,11430.836401488317
2017-11-26,11501.004494959796
2017-11-27,11585.981122021014
2017-11-28,11682.883648526751
2017-11-29,11427.98254644222
2017-11-30,11491.107080083586
2017-12-01,11521.556297392508
2017-12-02,11531.948750780362
2017-12-03,11557.835458359556
2017-12-04,11506.271395192347
2017-12-05,11506.27564900766
2017-12-06,11758.22294591832
2017-12-07,12120.64399551719
2017-12-08,12070.678798007437
2017-12-09,11969.330950134537
2017-12-10,11991.190596432798
2017-12-11,12138.879534615271
2017-12-12,12090.044862153585
2017-12-13,12065.335778274572
2017-12-14,12082.485653674306
2017-12-15,12263.291501567664
2017-12-16,12387.296397676877
2017-12-17,12364.64053090426
2017-12-18,12462.662094217769
2017-12-19,12438.191191138469
2017-12-20,12395.86741808036
2017-12-21,12308.118336297257
2017-12-22,12172.087952163241
2017-12-23,12248.41983950628
2017-12-24,12183.974614170591
2017-12-25,12260.06251117183
2017-12-26,12448.127144012476
2017-12-27,12426.26674138366
2017-12-28,12297.619581156807
2017-12-29,12254.606708406227
2017-12-30,12112.128784027145
2017-12-31,12224.738438197362
2018-01-01,11879.195991720953
2018-01-02,12376.513521577719
2018-01-03,12364.651295241074
2018-01-04,12415.269810088796
2018-01-05,12592.595990484055
2018-01-06,12599.640243670161
2018-01-07,12524.201963340147
2018-01-08,12398.36528339125
2018-01-09,12357.51573981516
2018-01-10,12431.635879836826
2018-01-11,12352.215872475832
2018-01-12,12404.762228580115
2018-01-13,12404.762228580115
2018-01-14,12404.762228580115
2018-01-15,12373.014920221958
2018-01-16,12343.316924781933
2018-01-17,12428.478603851552
2018-01-18,12423.5238848712
2018-01-19,12465.256750755932
2018-01-20,12465.256750755932
2018-01-21,12465.256750755932
2018-01-22,12541.80628962358
2018-01-23,12522.46125320056
2018-01-24,12562.580713368685
2018-01-25,12492.496551226692
2018-01-26,12526.939313187155
2018-01-27,12526.939313187155
2018-01-28,12526.939313187155
2018-01-29,12405.273111510085
2018-01-30,12314.088567372479
2018-01-31,12347.750546425368
2018-02-01,12252.217091631872
2018-02-02,12071.291152411131
2018-02-03,12071.291152411131
2018-02-04,12071.291152411131
2018-02-05,11621.458154993039
2018-02-06,11841.02940824421
2018-02-07,11813.349666165486
2018-02-08,11508.577307905767
2018-02-09,11722.443561031914
2018-02-10,11722.443561031914
2018-02-11,11722.443561031914
2018-02-12,11873.827799059223
2018-02-13,11846.392926496272
2018-02-14,11917.64477793048
2018-02-15,12040.290004358094
2018-02-16,12077.137261370193
2018-02-17,12077.137261370193
2018-02-18,12077.137261370193
2018-02-19,12021.935490260235
2018-02-20,12033.6491148882
2018-02-21,12011.153795493035
2018-02-22,11920.018534571367
2018-02-23,12144.254274865421
2018-02-24,12144.254274865421
2018-02-25,12144.254274865421
2018-02-26,12350.461951838199
2018-02-27,12177.750270783625
2018-02-28,12094.290322998555
2018-03-01,11948.896220090883
2018-03-02,11907.066938865493
2018-03-03,11907.066938865493
2018-03-04,11907.066938865493
2018-03-05,11996.408703081492
2018-03-06,11955.947855295915
2018-03-07,11900.822787064106
2018-03-08,11881.524593978114
2018-03-09,12005.898819541193
2018-03-10,12005.898819541193
2018-03-11,12005.898819541193
2018-03-12,12075.6332667398
2018-03-13,12103.389574276205
2018-03-14,12062.265888540698
2018-03-15,12058.420228435843
2018-03-16,12051.303988136806
2018-03-17,12051.303988136806
2018-03-18,12051.303988136806
2018-03-19,11908.836734521577
2018-03-20,11966.836704426098
2018-03-21,11958.418038046442
2018-03-22,11711.170261356121
2018-03-23,11497.707384861758
2018-03-24,11497.707384861758
2018-03-25,11497.707384861758
2018-03-26,11820.368594648358
2018-03-27,11501.335143816781
2018-03-28,11342.935797265149
2018-03-29,11516.542087828117
2018-03-30,11504.184815568819
2018-03-31,11504.184815568819
2018-04-01,11504.184815568819
2018-04-02,11342.142813686341
2018-04-03,11384.882788554805
2018-04-04,11383.090412250293
2018-04-05,11399.912220344051
2018-04-06,11250.015343463658
2018-04-07,11250.015343463658
2018-04-08,11250.015343463658
2018-04-09,11290.051719065166
2018-04-10,11441.823401221223
2018-04-11,11437.680932122405
2018-04-12,11488.560097904176
2018-04-13,11484.592240270002
2018-04-14,11484.592240270002
2018-04-15,11484.592240270002
2018-04-16,11495.86020604667
2018-04-17,11663.171062633324
2018-04-18,11665.805894291827
2018-04-19,11614.3741407048
2018-04-20,11509.502524967857
2018-04-21,11509.502524967857
2018-04-22,11509.502524967857
2018-04-23,11434.311500857704
2018-04-24,11402.669857541003
2018-04-25,11379.466256869859
2018-04-26,11544.456519748817
2018-04-27,11516.811394411166
2018-04-28,11516.811394411166
2018-04-29,11516.811394411166
2018-04-30,11465.134094520135
2018-05-01,11477.55732294128
2018-05-02,11512.466639284463
2018-05-03,11533.032847150833
2018-05-04,11574.765566522949
2018-05-05,11574.765566522949
2018-05-06,11574.765566522949
2018-05-07,11615.14553986779
2018-05-08,11562.027084598136
2018-05-09,11635.034070991864
2018-05-10,11718.148798648584
2018-05-11,11697.170816503887
2018-05-12,11697.170816503887
2018-05-13,11697.170816503887
2018-05-14,11693.888845376337
2018-05-15,11640.977092101579
2018-05-16,11735.971835972434
2018-05-17,11712.029348452148
2018-05-18,11701.880717920028
2018-05-19,11701.880717920028
2018-05-20,11701.880717920028
2018-05-21,11784.054198157224
2018-05-22,11755.060857265218
2018-05-23,11787.166713656816
2018-05-24,11778.960166968418
2018-05-25,11742.665461398768
2018-05-26,11742.665461398768
2018-05-27,11742.665461398768
2018-05-28,11714.66673549658
2018-05-29,11672.952297955762
2018-05-30,11802.391327681607
2018-05-31,11727.543410228081
2018-06-01,11866.954553186893
2018-06-02,11866.954553186893
2018-06-03,11866.954553186893
2018-06-04,11935.973938518977
2018-06-05,11968.181045997078
2018-06-06,12040.254312844756
2018-06-07,11970.26167831531
2018-06-08,12060.964335173998
2018-06-09,12060.964335173998
2018-06-10,12060.964335173998
2018-06-11,12083.674190904525
2018-06-12,12087.05529692523
2018-06-13,12140.052143004985
2018-06-14,12193.412183591405
2018-06-15,12134.581948908712
2018-06-16,12134.581948908712
2018-06-17,12134.581948908712
2018-06-18,12345.331643431698
2018-06-19,12309.669231985845
2018-06-20,12360.309344864261
2018-06-21,12298.203491512517
2018-06-22,12301.246546803375
2018-06-23,12301.246546803375
2018-06-24,12301.246546803375
2018-06-25,12036.656719412935
2018-06-26,12129.135013318528
2018-06-27,12022.072365253649
2018-06-28,12121.337748153186
2018-06-29,12167.681531983697
2018-06-30,12167.681531983697
2018-07-01,12167.681531983697
2018-07-02,12187.074009382834
2018-07-03,12127.084515325201
2018-07-04,12124.034207201377
2018-07-05,12250.127694190833
2018-07-06,12384.800889019003
2018-07-07,12384.800889019003
2018-07-08,12384.800889019003
2018-07-09,12446.776513191822
2018-07-10,12459.28904923902
2018-07-11,12448.48196775143
2018-07-12,12611.195184376804
2018-07-13,12540.373539835966
2018-07-14,12540.373539835966
2018-07-15,12540.373539835966
2018-07-16,12570.939321044623
2018-07-17,12555.297259682242
2018-07-18,12560.651784199106
2018-07-19,12472.742535538448
2018-07-20,12473.834054248073
2018-07-21,12477.324637212942
2018-07-22,12477.282156651074
2018-07-23,12475.646278889528
2018-07-24,12548.784055028034
2018-07-25,12593.454226790922
2018-07-26,12656.083706570444
2018-07-27,12630.566932142063
2018-07-28,12631.892900504805
2018-07-29,12633.17414335573
2018-07-30,12498.259566128825
2018-07-31,12455.376306541439
2018-08-01,12421.228491219075
2018-08-02,12391.736605391015
2018-08-03,12480.827206085523
2018-08-04,12413.41680991716
2018-08-05,12419.705705316588
2018-08-06,12426.230614774711
2018-08-07,12498.814424615406
2018-08-08,12425.285053851429
2018-08-09,12414.669804597183
2018-08-10,12378.026195270848
2018-08-11,12378.026195270848
2018-08-12,12378.026195270848
2018-08-13,12401.98124698762
2018-08-14,12470.083527837554
2018-08-15,12365.965139405278
2018-08-16,12439.042085617442
2018-08-17,12410.896756263724
2018-08-18,12410.896756263724
2018-08-19,12410.896756263724
2018-08-20,12431.262091634966
2018-08-21,12394.251311507758
2018-08-22,12329.233933628659
2018-08-23,12349.012439779633
2018-08-24,12520.143405953764
2018-08-25,12520.143405953764
2018-08-26,12520.143405953764
2018-08-27,12502.024722126
2018-08-28,12495.38615663084
2018-08-29,12583.192436670328
2018-08-30,12565.343986664158
2018-08-31,12606.616896787995
2018-09-01,12634.502491632322
2018-09-02,12648.460947510455
2018-09-03,12651.661592855255
2018-09-04,12708.269793266618
2018-09-05,12625.737265228596
2018-09-06,12552.589783528123
2018-09-07,12546.07963141775
2018-09-08,12546.07963141775
2018-09-09,12546.07963141775
2018-09-10,12641.79933729311
2018-09-11,12674.62032611793
2018-09-12,12704.872091570163
2018-09-13,12740.90415751271
2018-09-14,12757.05161732488
2018-09-15,12757.05161732488
2018-09-16,12757.05161732488
2018-09-17,12688.568846403448
2018-09-18,12740.624432801902
2018-09-19,12700.118177109656
2018-09-20,12688.322326730025
2018-09-21,12686.749681843174
2018-09-22,12684.306458593253
2018-09-23,12682.164706945301
2018-09-24,12697.766129410345
2018-09-25,12697.19089351931
2018-09-26,12709.49189653987
2018-09-27,12772.730965455881
2018-09-28,12872.968148634114
2018-09-29,12864.79774753266
2018-09-30,12869.396540693571
2018-10-01,12854.548963771103
2018-10-02,12804.116355572512
2018-10-03,12806.371569772706
2018-10-04,12754.107714717558
2018-10-05,12733.471560439362
2018-10-06,12733.471560439362
2018-10-07,12733.471560439362
2018-10-08,12684.695378826289
2018-10-09,12785.528527415961
2018-10-10,12354.679775289633
2018-10-11,12244.460394960526
2018-10-12,12308.202865441051
2018-10-13,12308.202865441051
2018-10-14,12308.202865441051
2018-10-15,12241.014093876158
2018-10-16,12480.400660068748
2018-10-17,12427.839239429055
2018-10-18,12305.177126081655
2018-10-19,12253.265536258452
2018-10-20,12253.265536258452
2018-10-21,12253.265536258452
2018-10-22,12297.065202175776
2018-10-23,12325.853666610343
2018-10-24,12120.241589369512
2018-10-25,12198.590432527883
2018-10-26,12055.940157955783
2018-10-27,12055.940157955783
2018-10-28,12055.940157955783
2018-10-29,12018.901437014862
2018-10-30,12137.35752955001
2018-10-31,12218.235929410872
2018-11-01,12223.704677387785
2018-11-02,12201.485703401824
2018-11-03,12201.485703401824
2018-11-04,12201.485703401824
2018-11-05,12232.974607283875
2018-11-06,12269.68238980205
2018-11-07,12395.055673597666
2018-11-08,12389.441868767204
2018-11-09,12449.266731106249
2018-11-10,12449.266731106249
2018-11-11,12449.266731106249
2018-11-12,12383.491114085626
2018-11-13,12376.892756679455
2018-11-14,12339.215122881646
2018-11-15,12352.660665414056
2018-11-16,12382.453387311358
2018-11-17,12382.453387311358
2018-11-18,12382.453387311358
2018-11-19,12338.853428519218
2018-11-20,12260.399515081175
2018-11-21,12265.432289958366
2018-11-22,12257.357505502516
2018-11-23,12252.888391255317
2018-11-24,12252.888391255317
2018-11-25,12252.888391255317
2018-11-26,12298.10207958188
2018-11-27,12330.524872314718
2018-11-28,12404.837471531448
2018-11-29,12415.351166550658
2018-11-30,12454.632174262419
2018-12-01,12454.632174262419
2018-12-02,12454.632174262419
2018-12-03,12466.471604162307
2018-12-04,12228.12926802788
2018-12-05,12234.292628143705
2018-12-06,12211.181974910118
2018-12-07,12151.559203325234
2018-12-08,12151.559203325234
2018-12-09,12151.559203325234
2018-12-10,12159.51398772415
2018-12-11,12156.704024214636
2018-12-12,12150.91241931736
2018-12-13,12160.026169159939
2018-12-14,12066.212358929193
2018-12-15,12066.212358929193
2018-12-16,12066.212358929193
2018-12-17,12031.071397242838
2018-12-18,12013.295244059145
2018-12-19,11947.672663589785
2018-12-20,11910.145566771738
2018-12-21,11841.67384791571
2018-12-22,11841.67384791571
2018-12-23,11841.67384791571
2018-12-24,11748.977053188104
2018-12-25,11720.171744051977
2018-12-26,11905.461587627713
2018-12-27,11989.067382455074
2018-12-28,11971.02598064374
2018-12-29,11971.02598064374
2018-12-30,11971.02598064374
2018-12-31,12009.15764756461
2019-01-01,11934.276646832686
2019-01-02,11971.699200835586
2019-01-03,11809.406132542164
2019-01-04,11935.258540435418
2019-01-05,11935.258540435418
2019-01-06,11935.258540435418
2019-01-07,11943.244252323939
2019-01-08,11948.14546471145
2019-01-09,12002.157514035374
2019-01-10,11969.133189243877
2019-01-11,11996.87246002237
2019-01-12,11996.87246002237
2019-01-13,11996.87246002237
2019-01-14,11975.512690089146
2019-01-15,12001.401770692846
2019-01-16,11981.318729288678
2019-01-17,11966.938021613656
2019-01-18,12016.31247024417
2019-01-19,12016.31247024417
2019-01-20,12016.31247024417
2019-01-21,12032.335616267117
2019-01-22,11989.9423351769
2019-01-23,11998.835488087701
2019-01-24,12010.488988751757
2019-01-25,12097.117816975006
2019-01-26,12097.117816975006
2019-01-27,12097.117816975006
2019-01-28,11993.981174370025
2019-01-29,11991.128663308531
2019-01-30,12111.234661309618
2019-01-31,12109.590195626362
2019-02-01,12121.85467663307
2019-02-02,12121.85467663307
2019-02-03,12121.85467663307
2019-02-04,12153.713832637766
2019-02-05,12204.296161344098
2019-02-06,12181.631716337792
2019-02-07,12075.59229300788
2019-02-08,12105.652365761529
2019-02-09,12105.652365761529
2019-02-10,12105.652365761529
2019-02-11,12027.869813726164
2019-02-12,12179.212708288414
2019-02-13,12176.76447101819
2019-02-14,12184.905341962769
2019-02-15,12226.666720592752
2019-02-16,12226.666720592752
2019-02-17,12226.666720592752
2019-02-18,12216.272657332414
2019-02-19,12252.931297485446
2019-02-20,12243.951061327944
2019-02-21,12161.149626547684
2019-02-22,12261.912353194979
2019-02-23,12261.912353194979
2019-02-24,12261.912353194979
2019-02-25,12369.17350903994
2019-02-26,12346.044264421967
2019-02-27,12340.998493139641
2019-02-28,12343.033373247044
2019-03-01,12407.132046999344
2019-03-02,12407.132046999344
2019-03-03,12407.132046999344
2019-03-04,12418.612238188356
2019-03-05,12373.489912738809
2019-03-06,12188.579395084906
2019-03-07,12149.090743055
2019-03-08,12191.547113084023
2019-03-09,12191.547113084023
2019-03-10,12191.547113084023
2019-03-11,12261.852211244934
2019-03-12,12226.849282617104
2019-03-13,12270.219478674893
2019-03-14,12271.740054426817
2019-03-15,12415.2995476541
2019-03-16,12415.2995476541
2019-03-17,12415.2995476541
2019-03-18,12424.066328695779
2019-03-19,12469.314651210785
2019-03-20,12415.149442885078
2019-03-21,12602.686566687731
2019-03-22,12340.136343142003
2019-03-23,12340.136343142003
2019-03-24,12340.136343142003
2019-03-25,12299.07985228902
2019-03-26,12296.117995999355
2019-03-27,12246.641235223375
2019-03-28,12345.722722246648
2019-03-29,12450.21669982861
2019-03-30,12450.21669982861
2019-03-31,12450.21669982861
2019-04-01,12522.166434774628
2019-04-02,12765.355847969702
2019-04-03,12876.205700359269
2019-04-04,12838.110335170828
2019-04-05,12894.14185305563
2019-04-06,12900.064837429381
2019-04-07,12935.523344936824
2019-04-08,13016.810389674356
2019-04-09,12919.614895812345
2019-04-10,12947.719314523807
2019-04-11,12816.72837451847
2019-04-12,12922.86054828728
2019-04-13,12924.649945947824
2019-04-14,12942.689560890245
2019-04-15,12862.368457042776
2019-04-16,13073.611699795516
2019-04-17,13173.012958366637
2019-04-18,13195.97240901752
2019-04-19,13201.476786760746
2019-04-20,13209.957922958938
2019-04-21,13204.178138677986
2019-04-22,13276.862433471413
2019-04-23,13396.631426308864
2019-04-24,13424.216171100537
2019-04-25,13354.26999331626
2019-04-26,13394.999308966648
2019-04-27,13392.193844541805
2019-04-28,13396.4767062291
2019-04-29,13322.975308844478
2019-04-30,13420.039263377726
2019-05-01,13374.598774349635
2019-05-02,13385.191763042065
2019-05-03,13592.661518396388
2019-05-04,13607.478361547128
2019-05-05,13599.203734481085
2019-05-06,13508.348991631427
2019-05-07,13302.581293037474
2019-05-08,13345.014892945946
2019-05-09,13303.52210885081
2019-05-10,13407.632820257471
2019-05-11,13581.232533539536
2019-05-12,13537.424383324815
2019-05-13,13344.958865958006
2019-05-14,13565.463624189451
2019-05-15,13613.003314456559
2019-05-16,13610.731968752845
2019-05-17,13442.950061060297
2019-05-18,13429.644664332856
2019-05-19,13600.762263846937
2019-05-20,13461.547877554494
2019-05-21,13549.827426400718
2019-05-22,13410.440500540179
2019-05-23,13316.81174605862
2019-05-24,13280.276495592008
2019-05-25,13291.112438246699
2019-05-26,13393.557326891914
2019-05-27,13388.773730860914
2019-05-28,13406.971629191363
2019-05-29,13350.935933797307
2019-05-30,13318.469091238501
2019-05-31,13260.690092375062
2019-06-01,13259.068505508092
2019-06-02,13286.772753109713
2019-06-03,13144.185135903956
2019-06-04,13110.111512200112
2019-06-05,13233.880646731237
2019-06-06,13410.394317782933
2019-06-07,13558.849261613717
2019-06-08,13543.708694807843
2019-06-09,13498.40750891885
2019-06-10,13551.41965954372
2019-06-11,13534.46029175722
2019-06-12,13550.05002537391
2019-06-13,13602.631283385963
2019-06-14,13642.380517656502
2019-06-15,13665.062076600987
2019-06-16,13689.198840194555
2019-06-17,13703.356903902788
2019-06-18,13808.497014458988
2019-06-19,13816.074363709124
2019-06-20,14024.804304891552
2019-06-21,13912.013575866356
2019-06-22,13988.417766779174
2019-06-23,14008.505578970831
2019-06-24,14040.943956885016
2019-06-25,13982.892346982022
2019-06-26,14189.445950669557
2019-06-27,14008.153985762874
2019-06-28,14216.70246775618
2019-06-29,14165.37372641538
2019-06-30,14030.08305064225
2019-07-01,13956.191067585985
2019-07-02,14048.405678597195
2019-07-03,14252.853043070487
2019-07-04,14088.13024739726
2019-07-05,14030.598148815188
2019-07-06,14060.004020394832
2019-07-07,14090.397613399336
2019-07-08,14268.518409757187
2019-07-09,14301.915553258255
2019-07-10,14433.12475958879
2019-07-11,14228.032825901877
2019-07-12,14322.657143153057
2019-07-13,14271.309894617661
2019-07-14,14128.962282651037
2019-07-15,14305.447090502728
2019-07-16,14107.411213082527
2019-07-17,14101.553569031521
2019-07-18,14136.132670028277
2019-07-19,14106.074809982874
2019-07-20,14137.741914320119
2019-07-21,14115.678265637423
2019-07-22,14043.343538899884
2019-07-23,14014.97515586123
2019-07-24,14083.724651410392
2019-07-25,14094.983058581418
2019-07-26,14168.518554377377
2019-07-27,14168.518554377377
2019-07-28,14168.518554377377
2019-07-29,14100.600699552944
2019-07-30,14047.016913786572
2019-07-31,13951.79290221716
2019-08-01,13648.57115682246
2019-08-02,13596.637157853149
2019-08-03,13596.637157853149
2019-08-04,13615.28972363132
2019-08-05,13331.465275115574
2019-08-06,13500.27958832442
2019-08-07,13533.466017856777
2019-08-08,13733.449313217456
2019-08-09,13501.35368188303
2019-08-10,13443.433769995363
2019-08-11,13463.50944650153
2019-08-12,13393.804508253854
2019-08-13,13543.089344184942
2019-08-14,13276.203310286382
2019-08-15,13259.44029185078
2019-08-16,13467.57123650836
2019-08-17,13467.57123650836
2019-08-18,13467.57123650836
2019-08-19,13633.129912211307
2019-08-20,13570.802299848434
2019-08-21,13621.844417538154
2019-08-22,13632.215220585264
2019-08-23,13349.615184433344
2019-08-24,13349.615184433344
2019-08-25,13349.615184433344
2019-08-26,13445.708180020176
2019-08-27,13373.323197220623
2019-08-28,13433.594694847377
2019-08-29,13592.297645177332
2019-08-30,13613.840355662127
2019-08-31,13613.840355662127
2019-09-01,13613.840355662127
2019-09-02,13606.72911171094
2019-09-03,13620.316312840632
2019-09-04,13752.00221320182
2019-09-05,13755.448618875556
2019-09-06,13805.53534257533
2019-09-07,13805.53534257533
2019-09-08,13805.53534257533
2019-09-09,13741.85206356066
2019-09-10,13625.428031183133
2019-09-11,13722.71013307639
2019-09-12,13764.517052795049
2019-09-13,13668.095206041806
2019-09-14,13668.095206041806
2019-09-15,13668.095206041806
2019-09-16,13617.48873035449
2019-09-17,13709.100738477051
2019-09-18,13695.60382746762
2019-09-19,13686.062169029261
2019-09-20,13631.880751809082
2019-09-21,13631.880751809082
2019-09-22,13631.880751809082
2019-09-23,13690.719227833735
2019-09-24,13625.659380091069
2019-09-25,13662.390092990474
2019-09-26,13663.993658872188
2019-09-27,13535.883578496503
2019-09-28,13535.883578496503
2019-09-29,13535.883578496503
2019-09-30,13481.163069700598
2019-10-01,13447.86882848222
2019-10-02,13340.77080022914
2019-10-03,13442.244296504212
2019-10-04,13557.972253398852
2019-10-05,13557.972253398852
2019-10-06,13557.972253398852
2019-10-07,13464.315123817987
2019-10-08,13378.836764318077
2019-10-09,13449.858784998205
2019-10-10,13432.35933020922
2019-10-11,13521.637402525954
2019-10-12,13521.637402525954
2019-10-13,13521.637402525954
2019-10-14,13523.114773543559
2019-10-15,13521.820592350325
2019-10-16,13553.95142792526
2019-10-17,13555.474895193458
2019-10-18,13499.803451327602
2019-10-19,13499.803451327602
2019-10-20,13499.803451327602
2019-10-21,13483.31371339675
2019-10-22,13467.12943077682
2019-10-23,13479.068544079402
2019-10-24,13504.422366601166
2019-10-25,13490.63709973556
2019-10-26,13490.63709973556
2019-10-27,13490.63709973556
2019-10-28,13505.116008654375
2019-10-29,13509.403991705243
2019-10-30,13589.472161106485
2019-10-31,13595.26802639205
2019-11-01,13756.901235026733
2019-11-02,13756.901235026733
2019-11-03,13756.901235026733
2019-11-04,13922.100507386767
2019-11-05,13857.681574054779
2019-11-06,13874.495490416826
2019-11-07,13940.090229789968
2019-11-08,14004.453448788987
2019-11-09,14004.453448788987
2019-11-10,14004.453448788987
2019-11-11,13922.54570618453
2019-11-12,13915.69563737361
2019-11-13,13884.230187601435
2019-11-14,13887.186634004742
2019-11-15,13969.393465769012
2019-11-16,13969.393465769012
2019-11-17,13969.393465769012
2019-11-18,14061.153720402472
2019-11-19,14028.039873963713
2019-11-20,13938.230754394162
2019-11-21,13927.49701053304
2019-11-22,13981.199312790293
2019-11-23,13981.199312790293
2019-11-24,13981.199312790293
2019-11-25,14102.251613242843
2019-11-26,14031.14308592776
2019-11-27,14059.942409147232
2019-11-28,14084.077224112902
2019-11-29,14063.666181553486
2019-11-30,14063.666181553486
2019-12-01,14063.666181553486
2019-12-02,13931.421511750312
2019-12-03,13901.344787642774
2019-12-04,13926.654356125202
2019-12-05,13965.886575373519
2019-12-06,14066.582472134405
2019-12-07,14066.582472134405
2019-12-08,14066.582472134405
2019-12-09,13983.037924594904
2019-12-10,13985.957177911629
2019-12-11,14063.407371316129
2019-12-12,14230.014911045439
2019-12-13,14188.820750939207
2019-12-14,14188.820750939207
2019-12-15,14188.820750939207
2019-12-16,14326.87124541775
2019-12-17,14379.12694972623
2019-12-18,14386.828114302507
2019-12-19,14454.102084510443
2019-12-20,14503.29600148224
2019-12-21,14503.29600148224
2019-12-22,14503.29600148224
2019-12-23,14564.62744429906
2019-12-24,14617.821115900717
2019-12-25,14617.821115900717
2019-12-26,14693.044952115162
2019-12-27,14679.203565289114
2019-12-28,14679.203565289114
2019-12-29,14679.203565289114
2019-12-30,14584.52306779852
2019-12-31,14567.270553157628
2020-01-01,14426.313125427418
2020-01-02,14844.195222298624
2020-01-03,14844.790081073654
2020-01-04,14844.790081073654
2020-01-05,14844.790081073654
2020-01-06,14926.965748697914
2020-01-07,14991.185242567943
2020-01-08,15064.555928302394
2020-01-09,15125.166352191874
2020-01-10,15031.468780887737
2020-01-11,15031.468780887737
2020-01-12,15031.468780887737
2020-01-13,15114.060599556193
2020-01-14,15089.435933223358
2020-01-15,15122.587845207632
2020-01-16,15219.61697032818
2020-01-17,15331.783007982933
2020-01-18,15331.783007982933
2020-01-19,15331.783007982933
2020-01-20,15351.989139983672
2020-01-21,15310.662635624654
2020-01-22,15310.941674297444
2020-01-23,15412.459065721472
2020-01-24,15366.385287014653
2020-01-25,15366.385287014653
2020-01-26,15366.385287014653
2020-01-27,15198.124194111439
2020-01-28,15409.546872816383
2020-01-29,15428.092384196052
2020-01-30,15595.58843119886
2020-01-31,15423.549411288233
2020-02-01,15430.534267693341
2020-02-02,15422.565125116715
2020-02-03,15567.55953486512
2020-02-04,15639.883476344847
2020-02-05,15739.489884492663
2020-02-06,15859.674799737779
2020-02-07,15915.681100452954
2020-02-08,15926.920239286846
2020-02-09,15967.532941338586
2020-02-10,16212.3670658719
2020-02-11,16226.335264368756
2020-02-12,16312.279178316856
2020-02-13,16282.561970768598
2020-02-14,16318.206805200973
2020-02-15,16251.318829533544
2020-02-16,16258.715136150277
2020-02-17,16217.693657351521
2020-02-18,16357.2682345868
2020-02-19,16374.314892993707
2020-02-20,16317.361909776952
2020-02-21,16307.40066320389
2020-02-22,16303.4848152524
2020-02-23,16347.576448882204
2020-02-24,16054.746524587476
2020-02-25,15631.950583752234
2020-02-26,15594.682076842491
2020-02-27,15128.081805987784
2020-02-28,14973.257008419343
2020-02-29,14973.257008419343
2020-03-01,14973.257008419343
2020-03-02,15190.192809720726
2020-03-03,15043.715314454028
2020-03-04,15241.408732118827
2020-03-05,14950.748016400523
2020-03-06,14939.107929000349
2020-03-07,14939.107929000349
2020-03-08,14939.107929000349
2020-03-09,14541.940155477578
2020-03-10,14802.654164000614
2020-03-11,14549.371802798312
2020-03-12,13991.789852588729
2020-03-13,14272.738611968467
2020-03-14,14272.738611968467
2020-03-15,14272.738611968467
2020-03-16,13596.172484180472
2020-03-17,14032.556670087073
2020-03-18,13767.734524932894
2020-03-19,13979.574072593274
2020-03-20,13894.64158256045
2020-03-21,13894.64158256045
2020-03-22,13894.64158256045
2020-03-23,14123.244255006137
2020-03-24,14654.659517949105
2020-03-25,14497.588169040955
2020-03-26,14783.783657951712
2020-03-27,14509.561009817775
2020-03-28,14509.561009817775
2020-03-29,14509.561009817775
2020-03-30,14640.01234428027
2020-03-31,14499.919036678675
2020-04-01,14356.247047475568
2020-04-02,14746.91400694021
2020-04-03,14641.213608617047
2020-04-04,14641.213608617047
2020-04-05,14641.213608617047
2020-04-06,15090.217801744748
2020-04-07,14921.903061629471
2020-04-08,15037.10671516481
2020-04-09,15212.584551873235
2020-04-10,15195.367995065722
2020-04-11,15195.367995065722
2020-04-12,15195.367995065722
2020-04-13,15295.594053873749
2020-04-14,15567.395112971866
2020-04-15,15464.73601310875
2020-04-16,15616.440439601687
2020-04-17,15496.034393716576
2020-04-18,15496.034393716576
2020-04-19,15496.034393716576
2020-04-20,15439.898375952163
2020-04-21,15205.710453896296
2020-04-22,15462.751724949268
2020-04-23,15438.505072753373
2020-04-24,15462.318887600399
2020-04-25,15462.318887600399
2020-04-26,15462.318887600399
2020-04-27,15468.62176321286
2020-04-28,15380.574613182062
2020-04-29,15378.169766077714
2020-04-30,15318.826053973975
2020-05-01,15214.391218066909
2020-05-02,15214.391218066909
2020-05-03,15214.391218066909
2020-05-04,15361.02543875737
2020-05-05,15385.339747886437
2020-05-06,15337.889066825026
2020-05-07,15532.303517727414
2020-05-08,15526.941247728095
2020-05-09,15526.941247728095
2020-05-10,15526.941247728091
2020-05-11,15504.365280747114
2020-05-12,15406.940991261667
2020-05-13,15384.032716649313
2020-05-14,15511.07860800805
2020-05-15,15607.162224003601
2020-05-16,15607.162224003601
2020-05-17,15607.162224003601
2020-05-18,15607.56726516083
2020-05-19,15616.223349405156
2020-05-20,15667.544769519653
2020-05-21,15477.107692095064
2020-05-22,15542.976288397695
2020-05-23,15542.976288397695
2020-05-24,15542.976288397691
2020-05-25,15555.672695371612
2020-05-26,15438.087993216492
2020-05-27,15418.057363537455
2020-05-28,15462.926858877621
2020-05-29,15706.259035527331
2020-05-30,15706.259035527331
2020-05-31,15706.259035527331
2020-06-01,15724.686332104911
2020-06-02,15780.25836742423
2020-06-03,15829.847867016446
2020-06-04,15762.464594414882
2020-06-05,16095.351379424983
2020-06-06,16093.377494538794
2020-06-07,16110.910564385355
2020-06-08,16098.862945360757
2020-06-09,15958.754035379468
2020-06-10,16093.185562015218
2020-06-11,15272.441825957178
2020-06-12,15489.586630966329
2020-06-13,15488.677204188438
2020-06-14,15474.212386953299
2020-06-15,15528.025747579313
2020-06-16,15711.01974590243
2020-06-17,15764.741816109787
2020-06-18,15791.228250684695
2020-06-19,15708.464591475495
2020-06-20,15708.464591475495
2020-06-21,15708.464591475495
2020-06-22,15854.06983936942
2020-06-23,15907.816409552548
2020-06-24,15603.662886275095
2020-06-25,15729.455411424542
2020-06-26,15486.292221320473
2020-06-27,15486.292221320473
2020-06-28,15486.292221320473
2020-06-29,15573.687637942934
2020-06-30,15755.119603711619
2020-07-01,15843.291193393901
2020-07-02,15940.717847722663
2020-07-03,15929.809371292886
2020-07-04,15929.809371292886
2020-07-05,15929.809371292886
2020-07-06,16129.722038463247
2020-07-07,16052.145117128619
2020-07-08,16269.67117700829
2020-07-09,16262.683382242098
2020-07-10,16311.161781730796
2020-07-11,16311.161781730796
2020-07-12,16311.161781730796
2020-07-13,16058.41152769073
2020-07-14,16205.417638979745
2020-07-15,16275.509045422279
2020-07-16,16147.512408047774
2020-07-17,16257.950572465237
2020-07-18,16257.950572465237
2020-07-19,16257.950572465237
2020-07-20,16552.80419005913
2020-07-21,16626.999068202265
2020-07-22,16535.53719952557
2020-07-23,16355.846608611284
2020-07-24,16293.62627120617
2020-07-25,16317.582750882213
2020-07-26,16356.037248537814
2020-07-27,16652.631156337233
2020-07-28,16484.24751466635
2020-07-29,16658.501397517615
2020-07-30,16776.2663814188
2020-07-31,16861.948711165696
2020-08-01,16926.892901671323
2020-08-02,16825.273543287945
2020-08-03,16941.65848653462
2020-08-04,17097.761074179027
2020-08-05,17169.50284212978
2020-08-06,17208.69642105638
2020-08-07,17004.78855876835
2020-08-08,17027.151889700534
2020-08-09,17015.808229182145
2020-08-10,17030.907946689378
2020-08-11,16643.713889695802
2020-08-12,16966.71891832052
2020-08-13,16899.113862901188
2020-08-14,16869.519685303716
2020-08-15,16883.39890509996
2020-08-16,16887.255673004176
2020-08-17,17015.882356599053
2020-08-18,17177.04157226478
2020-08-19,17018.328198462546
2020-08-20,17233.113650692394
2020-08-21,17310.73609795104
2020-08-22,17324.076380643848
2020-08-23,17321.55862182999
2020-08-24,17432.492069163392
2020-08-25,17324.32696448873
2020-08-26,17691.999636667973
2020-08-27,17413.93921891714
2020-08-28,17530.36958547067
2020-08-29,17524.957494402897
2020-08-30,17556.124264689206
2020-08-31,17606.90918914728
2020-09-01,17867.125739270567
2020-09-02,17843.73188724762
2020-09-03,17178.94874288418
2020-09-04,16972.450786911708
2020-09-05,16972.450786911708
2020-09-06,16972.450786911708
2020-09-07,16957.857234990614
2020-09-08,16609.72292014823
2020-09-09,16963.47554550503
2020-09-10,16661.879247957284
2020-09-11,16517.78395955521
2020-09-12,16517.78395955521
2020-09-13,16517.78395955521
2020-09-14,16715.023621380893
2020-09-15,16860.924864104174
2020-09-16,16664.83605938244
2020-09-17,16435.403190948862
2020-09-18,16340.504518853488
2020-09-19,16340.504518853488
2020-09-20,16340.504518853488
2020-09-21,16292.716283785125
2020-09-22,16604.024215270234
2020-09-23,16183.972278536392
2020-09-24,16340.924003466938
2020-09-25,16572.881686897683
2020-09-26,16572.881686897683
2020-09-27,16572.881686897683
2020-09-28,16833.902086476617
2020-09-29,16857.53804624649
2020-09-30,16938.720978495177
2020-10-01,17085.961761125618
2020-10-02,16849.691391934568
2020-10-03,16849.691391934568
2020-10-04,16849.691391934568
2020-10-05,17090.061265441935
2020-10-06,16848.127926647783
2020-10-07,17039.748004687754
2020-10-08,17043.165823594514
2020-10-09,17212.762378740827
2020-10-10,17248.839127774187
2020-10-11,17262.248741706167
2020-10-12,17410.47663797018
2020-10-13,17371.23930942141
2020-10-14,17347.72425365122
2020-10-15,17298.448305552127
2020-10-16,17257.22622862121
2020-10-17,17262.710088679432
2020-10-18,17281.747506963035
2020-10-19,17130.951055861235
2020-10-20,17212.460271731103
2020-10-21,17347.025728199354
2020-10-22,17287.073283163976
2020-10-23,17357.054536811
2020-10-24,17380.74798054499
2020-10-25,17370.552861102904
2020-10-26,17136.391172289408
2020-10-27,17260.81914969979
2020-10-28,16672.017257526833
2020-10-29,16841.74116504844
2020-10-30,16668.24826629933
2020-10-31,16697.098832614807
2020-11-01,16691.781621713737
2020-11-02,16666.274493599805
2020-11-03,16916.319983822326
2020-11-04,17199.007693823023
2020-11-05,17751.977812585275
2020-11-06,17644.676855952475
2020-11-07,17561.686734017658
2020-11-08,17638.144615385223
2020-11-09,17249.508104623994
2020-11-10,17238.472239096645
2020-11-11,17337.400341485794
2020-11-12,17317.846784857677
2020-11-13,17488.789026937702
2020-11-14,17462.03038122276
2020-11-15,17449.798938603602
2020-11-16,17632.430757691753
2020-11-17,17792.671253839548
2020-11-18,17704.366968196176
2020-11-19,17848.46619293517
2020-11-20,17925.476624357103
2020-11-21,17927.490255353998
2020-11-22,17901.310938600072
2020-11-23,17875.53856485571
2020-11-24,18078.361110956193
2020-11-25,18036.453120989205
2020-11-26,17868.266468269987
2020-11-27,17863.66266548505
2020-11-28,17927.25235483469
2020-11-29,17973.804275809507
2020-11-30,18125.463726243404
2020-12-01,18279.905306489152
2020-12-02,18532.375296377715
2020-12-03,18808.676920688165
2020-12-04,19064.517821253212
2020-12-05,19110.850771550846
2020-12-06,19129.896601943325
2020-12-07,19059.962887741312
2020-12-08,19177.87684633991
2020-12-09,19209.20221994071
2020-12-10,19234.392915452692
2020-12-11,19160.158910375198
2020-12-12,19239.17569642216
2020-12-13,19273.832891609844
2020-12-14,19011.331621649704
2020-12-15,19282.575695468408
2020-12-16,19533.630875316776
2020-12-17,19646.69695834089
2020-12-18,19519.051375614137
2020-12-19,19580.791602066336
2020-12-20,19548.591177175676
2020-12-21,19283.720364232548
2020-12-22,19425.10299056206
2020-12-23,19532.23082461852
2020-12-24,19717.864426469783
2020-12-25,19928.38601189335
2020-12-26,20071.577998567576
2020-12-27,20059.070410624267
2020-12-28,19969.09403601768
2020-12-29,20217.71081073727
2020-12-30,20285.360113224186
2020-12-31,20360.08988269808
2021-01-01,20377.64485529455
2021-01-02,20568.635913811784
2021-01-03,20610.554931204624
2021-01-04,20646.406626689935
2021-01-05,21045.525573838266
2021-01-06,21757.171403974593
2021-01-07,22249.431170320502
2021-01-08,22333.02555829686
2021-01-09,22303.29776571771
2021-01-10,22198.131977634883
2021-01-11,22061.1638748826
2021-01-12,22228.084271914096
2021-01-13,22476.72148083241
2021-01-14,22583.507175883955
2021-01-15,22006.63601298997
2021-01-16,21967.958111134016
2021-01-17,21944.467140590987
2021-01-18,21972.90239529439
2021-01-19,22300.721093609798
2021-01-20,22042.848190303874
2021-01-21,21571.76168135951
2021-01-22,21508.730926627304
2021-01-23,21447.596896924366
2021-01-24,21462.427146361762
2021-01-25,21437.49181272974
2021-01-26,21485.823766051704
2021-01-27,20822.508040959437
2021-01-28,21078.792392153362
2021-01-29,20799.538724412065
2021-01-30,20796.698289487776
2021-01-31,20726.59635612858
2021-02-01,21136.972880531866
2021-02-02,21502.62173812559
2021-02-03,21572.653260088664
2021-02-04,21682.659385262625
2021-02-05,21890.208408835668
2021-02-06,21954.580568364374
2021-02-07,21934.308381837018
2021-02-08,22592.791710966198
2021-02-09,22620.04928546179
2021-02-10,22404.981971740744
2021-02-11,22655.29029919353
2021-02-12,22778.429502553903
2021-02-13,22759.28146777221
2021-02-14,22837.155162263458
2021-02-15,22840.96579871235
2021-02-16,22988.65067193641
2021-02-17,22997.95485264586
2021-02-18,22955.162535905103
2021-02-19,23059.45758460143
2021-02-20,23068.179405907067
2021-02-21,23127.40986032167
2021-02-22,22525.363374328852
2021-02-23,22415.832225581667
2021-02-24,22871.573670129448
2021-02-25,22452.725456412194
2021-02-26,22526.964501872666
2021-02-27,22519.60899723947
2021-02-28,22468.38194348422
2021-03-01,23093.137780348807
2021-03-02,22957.32210633171
2021-03-03,23453.976516453993
2021-03-04,23074.15632476104
2021-03-05,23429.179970562553
2021-03-06,23428.46542620515
2021-03-07,23538.360153214813
2021-03-08,23714.356922216022
2021-03-09,24050.94906369665
2021-03-10,24184.164467624207
2021-03-11,24230.815001468145
2021-03-12,24297.539564891493
2021-03-13,24463.288942918713
2021-03-14,24385.765733420365
2021-03-15,24545.4342342947
2021-03-16,24544.968032548484
2021-03-17,24946.923292521755
2021-03-18,24532.54654411258
2021-03-19,24588.203397223537
2021-03-20,24586.812395726716
2021-03-21,24553.494196604966
2021-03-22,24136.91749262236
2021-03-23,23743.022867337404
2021-03-24,23675.977845785477
2021-03-25,23922.373256706214
2021-03-26,24470.915171140776
2021-03-27,24508.027172470553
2021-03-28,24507.030378560423
2021-03-29,24541.184524689696
2021-03-30,24851.1835482741
2021-03-31,24821.585009065744
2021-04-01,25030.782016882258
2021-04-02,25010.52883537538
2021-04-03,24935.543892771522
2021-04-04,24985.526934020094
2021-04-05,25189.96408087141
2021-04-06,25161.472412040453
2021-04-07,25073.18866747051
2021-04-08,25274.875063704152
2021-04-09,25314.921552484546
2021-04-10,25382.212015585308
2021-04-11,25399.68996298241
2021-04-12,25246.119133832406
2021-04-13,25295.75506562115
2021-04-14,25414.802199254776
2021-04-15,25275.623928556077
2021-04-16,25158.70105460181
2021-04-17,25122.377705653897
2021-04-18,24937.422874988817
2021-04-19,24820.06169266291
2021-04-20,24258.54730070524
2021-04-21,24599.658468076203
2021-04-22,24317.756155509305
2021-04-23,24642.704184711143
2021-04-24,24642.704184711143
2021-04-25,24642.704184711143
2021-04-26,24832.240678394694
2021-04-27,24935.580291391194
2021-04-28,24862.827332779998
2021-04-29,25032.149544947955
2021-04-30,24702.04548994899
2021-05-01,24705.376513216892
2021-05-02,24654.2392887226
2021-05-03,24793.66606551332
2021-05-04,24532.978005315395
2021-05-05,24577.7010539598
2021-05-06,24752.377433206046
2021-05-07,24888.34676050935
2021-05-08,24951.151904173348
2021-05-09,24926.904127409765
2021-05-10,24675.50250894013
2021-05-11,24506.303643407613
2021-05-12,24256.29470084105
2021-05-13,24540.502014138565
2021-05-14,24765.475526405447
2021-05-15,24765.475526405447
2021-05-16,24765.475526405447
2021-05-17,24783.57422305911
2021-05-18,24720.02275883598
2021-05-19,24585.97650629132
2021-05-20,24753.395913590455
2021-05-21,24681.3015457907
2021-05-22,24681.3015457907
2021-05-23,24681.3015457907
2021-05-24,24817.563041149515
2021-05-25,24811.00141608638
2021-05-26,24851.98664055679
2021-05-27,24801.977738205187
2021-05-28,24799.599031429865
2021-05-29,24799.599031429865
2021-05-30,24799.599031429865
2021-05-31,24778.19223843659
2021-06-01,24790.657685271322
2021-06-02,24820.650688638183
2021-06-03,24595.99711839761
2021-06-04,24934.657648528184
2021-06-05,24934.657648528184
2021-06-06,24934.657648528184
2021-06-07,24840.328937771108
2021-06-08,24781.329640750042
2021-06-09,24710.1074037927
2021-06-10,24633.003149217453
2021-06-11,24617.322239375782
2021-06-12,24617.322239375782
2021-06-13,24617.322239375782
2021-06-14,24488.073900777115
2021-06-15,24397.620185046646
2021-06-16,24378.84502182817
2021-06-17,23986.191131412434
2021-06-18,23770.504209126277
2021-06-19,23770.504209126277
2021-06-20,23770.504209126277
2021-06-21,24089.632302543447
2021-06-22,24251.987326476967
2021-06-23,24333.287528698405
2021-06-24,24648.06866410123
2021-06-25,24778.257559527756
2021-06-26,24778.257559527756
2021-06-27,24778.257559527756
2021-06-28,24778.947267836633
2021-06-29,24753.54089893854
2021-06-30,25029.509259887553
2021-07-01,24947.667406111406
2021-07-02,25194.90862265014
2021-07-03,25194.90862265014
2021-07-04,25194.90862265014
2021-07-05,25233.631796391575
2021-07-06,25199.739560193135
2021-07-07,25317.53217630584
2021-07-08,25235.74185908876
2021-07-09,25571.014229440385
2021-07-10,25571.014229440385
2021-07-11,25571.014229440385
2021-07-12,25629.335713134937
2021-07-13,25687.10117148046
2021-07-14,25690.455789362797
2021-07-15,25503.408039426173
2021-07-16,25332.698504272226
2021-07-17,25332.698504272226
2021-07-18,25332.698504272226
2021-07-19,25264.480791124573
2021-07-20,25423.145016036455
2021-07-21,25678.55065508891
2021-07-22,25810.42617492747
2021-07-23,26030.372367371307
2021-07-24,26030.372367371307
2021-07-25,26030.372367371307
2021-07-26,26056.394567278312
2021-07-27,25877.439459813086
2021-07-28,26056.061700701135
2021-07-29,26173.0546944316
2021-07-30,26115.068559608884
2021-07-31,26115.068559608884
2021-08-01,26011.47073427045
2021-08-02,26072.352484404786
2021-08-03,26318.824259923753
2021-08-04,26715.950863348357
2021-08-05,26935.42650160188
2021-08-06,26957.89827433403
2021-08-07,27067.40721021017
2021-08-08,27021.37834301684
2021-08-09,27483.89407984119
2021-08-10,27359.00059702811
2021-08-11,27081.898169646116
2021-08-12,26915.29751324799
2021-08-13,27293.354458250342
2021-08-14,27253.58653757317
2021-08-15,27250.69657851529
2021-08-16,27303.278930910914
2021-08-17,27306.598885114643
2021-08-18,27049.445546177685
2021-08-19,27157.07080071958
2021-08-20,27621.520898965864
2021-08-21,27597.242016599826
2021-08-22,27620.72582595536
2021-08-23,28069.15465834293
2021-08-24,27798.269069361853
2021-08-25,27566.189666973445
2021-08-26,27253.887285838162
2021-08-27,27522.240272433784
2021-08-28,27513.47366653998
2021-08-29,27509.390715015623
2021-08-30,27374.72850031881
2021-08-31,27268.047795028324
2021-09-01,27219.814648268388
2021-09-02,27412.710803351787
2021-09-03,27769.0546608368
2021-09-04,27764.57223334103
2021-09-05,27865.12388654755
2021-09-06,27927.22525167402
2021-09-07,27577.976843864577
2021-09-08,27544.59392774176
2021-09-09,27682.180691963607
2021-09-10,27391.16078479191
2021-09-11,27391.16078479191
2021-09-12,27443.38486406777
2021-09-13,27198.463015452697
2021-09-14,27338.587188169073
2021-09-15,27531.14948743214
2021-09-16,27426.45611330392
2021-09-17,27449.99352963053
2021-09-18,27508.69695784538
2021-09-19,27450.68374557826
2021-09-20,26998.343043097106
2021-09-21,27134.44863979368
2021-09-22,27345.89579825843
2021-09-23,27523.505049202562
2021-09-24,27470.598643128727
2021-09-25,27470.598643128727
2021-09-26,27470.598643128727
2021-09-27,27280.058129995723
2021-09-28,26731.191503963848
2021-09-29,26855.95012947515
2021-09-30,26907.3302390366
2021-10-01,26849.220509000254
2021-10-02,26826.596252260246
2021-10-03,26854.06101938187
2021-10-04,26731.974760514855
2021-10-05,27268.555911424148
2021-10-06,27477.041884350212
2021-10-07,27523.52802498488
2021-10-08,27410.023299463886
2021-10-09,27460.831888742552
2021-10-10,27451.007990218008
2021-10-11,27657.762527912255
2021-10-12,27556.947144421956
2021-10-13,27463.310836806322
2021-10-14,27720.641416833743
2021-10-15,28036.364536469835
2021-10-16,28004.421355933
2021-10-17,28034.840983782877
2021-10-18,28496.778546275676
2021-10-19,28421.012339423025
2021-10-20,28507.22833306671
2021-10-21,28563.407418753213
2021-10-22,28575.68826016907
2021-10-23,28608.709936661777
2021-10-24,28587.1448698814
2021-10-25,28869.413820021666
2021-10-26,28688.833652448415
2021-10-27,28491.62125267288
2021-10-28,28875.804257168733
2021-10-29,29091.703801460393
2021-10-30,29075.849271498857
2021-10-31,29049.076105711483
2021-11-01,29102.064726688583
2021-11-02,29334.438185999774
2021-11-03,29374.195743677912
2021-11-04,29624.499438019804
2021-11-05,29417.067636536132
2021-11-06,29436.404708098606
2021-11-07,29522.498011189473
2021-11-08,29661.22158970679
2021-11-09,29282.98572680142
2021-11-10,28956.24847884474
2021-11-11,29214.388101812874
2021-11-12,29283.620211918736
2021-11-13,29297.93366644261
2021-11-14,29343.256157041804
2021-11-15,29084.096488628533
2021-11-16,29188.265985747952
2021-11-17,29176.848558617658
2021-11-18,28982.425083053677
2021-11-19,28844.68872949173
2021-11-20,28844.68872949173
2021-11-21,28844.68872949173
2021-11-22,28833.933236947036
2021-11-23,28946.278457591652
2021-11-24,29162.059260021575
2021-11-25,29353.78565585065
2021-11-26,28985.878918108243
2021-11-27,28985.878918108243
2021-11-28,28985.878918108243
2021-11-29,29429.678504099902
2021-11-30,29042.072341245814
2021-12-01,28784.777754116734
2021-12-02,28772.827519189967
2021-12-03,28697.955495229155
2021-12-04,28697.955495229155
2021-12-05,28697.955495229155
2021-12-06,28613.576221026724
2021-12-07,29256.746520921653
2021-12-08,29091.45384129362
2021-12-09,28629.140443545417
2021-12-10,29038.47798294126
2021-12-11,29038.47798294126
2021-12-12,29038.47798294126
2021-12-13,28380.145665477965
2021-12-14,28410.257511701893
2021-12-15,29002.30696145546
2021-12-16,28580.568661254078
2021-12-17,28372.810353134435
2021-12-18,28372.810353134435
2021-12-19,28372.810353134435
2021-12-20,28136.839157632774
2021-12-21,28807.741120139824
2021-12-22,29149.851918639288
2021-12-23,29278.308883166435
2021-12-24,29242.190541419437
2021-12-25,29242.190541419437
2021-12-26,29242.190541419437
2021-12-27,29591.077527793543
2021-12-28,29585.415983153183
2021-12-29,29574.746483581785
2021-12-30,29402.60447733668
2021-12-31,29312.354913358708
2022-01-01,29312.354913358708
2022-01-02,29312.354913358708
2022-01-03,29189.216686825657
2022-01-04,29374.06530606788
2022-01-05,29076.4242021445
2022-01-06,28795.32581707653
2022-01-07,28785.856533445312
2022-01-08,28785.856533445312
2022-01-09,28785.856533445312
2022-01-10,28693.744351029083
2022-01-11,28997.487372546937
2022-01-12,28848.11851061561
2022-01-13,28570.80481701481
2022-01-14,28614.57112649434
2022-01-15,28614.57112649434
2022-01-16,28614.57112649434
2022-01-17,28582.679184924124
2022-01-18,27912.616121658913
2022-01-19,27728.263660900997
2022-01-20,27203.63953625818
2022-01-21,26867.61319656362
2022-01-22,26867.61319656362
2022-01-23,26867.61319656362
2022-01-24,26957.909243509486
2022-01-25,26710.439706678768
2022-01-26,26693.627155260663
2022-01-27,26441.385290706912
2022-01-28,26728.426172967556
2022-01-29,26728.426172967556
2022-01-30,26728.426172967556
2022-01-31,27366.412208066606
2022-02-01,27435.92791396726
2022-02-02,27579.72074019175
2022-02-03,27359.93095507257
2022-02-04,27256.38372977223
2022-02-05,27256.38372977223
2022-02-06,27256.38372977223
2022-02-07,27375.32012890434
2022-02-08,27590.753830094953
2022-02-09,27905.043060314692
2022-02-10,27619.7209103692
2022-02-11,27460.23985365702
2022-02-12,27460.23985365702
2022-02-13,27460.23985365702
2022-02-14,27355.69750439283
2022-02-15,27446.564451143222
2022-02-16,27449.48836458048
2022-02-17,27206.61148429849
2022-02-18,27027.82517121455
2022-02-19,27027.82517121455
2022-02-20,27027.82517121455
2022-02-21,26827.205042579564
2022-02-22,26740.731141220465
2022-02-23,26753.862788865594
2022-02-24,26498.07343643145
2022-02-25,26846.633496325907
2022-02-26,26846.633496325907
2022-02-27,26846.633496325907
2022-02-28,26797.06127852177
2022-03-01,26896.824258767134
2022-03-02,27021.935753110352
2022-03-03,26989.160474884553
2022-03-04,26951.463882081694
2022-03-05,26951.463882081694
2022-03-06,26951.463882081694
2022-03-07,26825.56129229012
2022-03-08,27177.899506598726
2022-03-09,27078.439109574956
2022-03-10,27115.84467429327
2022-03-11,27153.01850256422
2022-03-12,27153.01850256422
2022-03-13,27153.01850256422
2022-03-14,27128.166832463838
2022-03-15,26917.66268478472
2022-03-16,27081.466694622177
2022-03-17,27233.059748107775
2022-03-18,27135.924335598098
2022-03-19,27135.924335598098
2022-03-20,27135.924335598098
2022-03-21,27193.34463308727
2022-03-22,27446.052462839903
2022-03-23,27344.634374730693
2022-03-24,27609.47808738293
2022-03-25,27624.1896808379
2022-03-26,27624.1896808379
2022-03-27,27624.1896808379
2022-03-28,27578.95374791776
2022-03-29,27605.124808895795
2022-03-30,27593.148856255866
2022-03-31,27322.300282226006
2022-04-01,27449.305601731816
2022-04-02,27424.82894393811
2022-04-03,27459.78293054114
2022-04-04,27677.80331489614
2022-04-05,27268.451329001986
2022-04-06,27000.70409059151
2022-04-07,27128.834141257903
2022-04-08,26922.355594358658
2022-04-09,26953.83609577291
2022-04-10,26917.643347049267
2022-04-11,26490.866824714147
2022-04-12,26556.233068190006
2022-04-13,26769.279117108486
2022-04-14,26642.101723105636
2022-04-15,26690.838386449697
2022-04-16,26690.838386449697
2022-04-17,26690.838386449697
2022-04-18,26720.953412688683
2022-04-19,26939.417857429868
2022-04-20,26829.526316843716
2022-04-21,26713.87194952876
2022-04-22,26520.422696764563
2022-04-23,26520.422696764563
2022-04-24,26520.422696764563
2022-04-25,26547.99822385613
2022-04-26,26300.933429901317
2022-04-27,26372.182121726964
2022-04-28,26555.489147843673
2022-04-29,26237.91517946218
2022-04-30,26237.91517946218
2022-05-01,26237.91517946218
2022-05-02,25897.113575621268
2022-05-03,26048.210177273017
2022-05-04,26209.84574539585
2022-05-05,25919.145831791364
2022-05-06,26042.91603902349
2022-05-07,26042.91603902349
2022-05-08,26042.91603902349
2022-05-09,25773.220989476693
2022-05-10,25846.817553339806
2022-05-11,25832.392070782465
2022-05-12,25798.834772254904
2022-05-13,25931.727111371016
2022-05-14,25931.727111371016
2022-05-15,25931.727111371016
2022-05-16,25959.6818033302
2022-05-17,26010.06149046164
2022-05-18,25542.560340901888
2022-05-19,25586.737140601395
2022-05-20,25549.49738960056
2022-05-21,25549.49738960056
2022-05-22,25549.49738960056
2022-05-23,25704.967843057922
2022-05-24,25706.724930369288
2022-05-25,25674.4403192589
2022-05-26,25858.504964364623
2022-05-27,26020.234459564042
2022-05-28,26020.234459564042
2022-05-29,26020.234459564042
2022-05-30,25967.003360350693
2022-05-31,25857.513174455562
2022-06-01,25855.333914824067
2022-06-02,25889.578944508143
2022-06-03,25801.102375902425
2022-06-04,25801.102375902425
2022-06-05,25801.102375902425
2022-06-06,25837.148849922643
2022-06-07,25965.310782731067
2022-06-08,25928.53885378586
2022-06-09,25800.707500116572
2022-06-10,25708.334797348656
2022-06-11,25708.334797348656
2022-06-12,25708.334797348656
2022-06-13,25515.821838268144
2022-06-14,25460.645943177715
2022-06-15,25541.095608202228
2022-06-16,25376.261815465088
2022-06-17,25333.347334344086
2022-06-18,25333.347334344086
2022-06-19,25333.347334344086
2022-06-20,25387.80473340721
2022-06-21,25659.813414646604
2022-06-22,25653.404967453655
2022-06-23,25717.542378359853
2022-06-24,25882.61365253222
2022-06-25,25882.61365253222
2022-06-26,25882.61365253222
2022-06-27,25906.046455802596
2022-06-28,25818.62471231852
2022-06-29,25782.722615561528
2022-06-30,25704.83924285826
2022-07-01,25869.757636351984
2022-07-02,25869.757636351984
2022-07-03,25869.757636351984
2022-07-04,25935.376900748084
2022-07-05,25867.938219284508
2022-07-06,25944.556975914362
2022-07-07,26068.578975217468
2022-07-08,26064.100361977144
2022-07-09,26064.100361977144
2022-07-10,26064.100361977144
2022-07-11,25992.20924253371
2022-07-12,25999.33240157685
2022-07-13,25961.00737083633
2022-07-14,25864.676973379253
2022-07-15,26066.688605007945
2022-07-16,26066.688605007945
2022-07-17,26066.688605007945
2022-07-18,25983.390926092045
2022-07-19,26104.82263275226
2022-07-20,25982.708222378875
2022-07-21,26010.335508026583
2022-07-22,25956.484309985342
2022-07-23,25956.484309985342
2022-07-24,25956.484309985342
2022-07-25,25989.838736854526
2022-07-26,26001.680138171425
2022-07-27,26024.61111646522
2022-07-28,26101.21183784984
2022-07-29,26124.955447208456
2022-07-30,26124.955447208456
2022-07-31,26124.955447208456
2022-08-01,26122.49958315605
2022-08-02,26004.184581021327
2022-08-03,26276.767520089565
2022-08-04,26391.747920827293
2022-08-05,26104.72379902426
2022-08-06,26104.72379902426
2022-08-07,26104.72379902426
2022-08-08,26099.103844231468
2022-08-09,25904.396876505627
2022-08-10,26062.41541821754
2022-08-11,25978.527329571993
2022-08-12,26129.890654579252
2022-08-13,26129.890654579252
2022-08-14,26129.890654579252
2022-08-15,26202.168129793063
2022-08-16,26261.589862030145
2022-08-17,25908.66719071429
2022-08-18,25932.69900748332
2022-08-19,25803.872406703143
2022-08-20,25803.872406703143
2022-08-21,25803.872406703143
2022-08-22,25579.27163099313
2022-08-23,25714.441262108383
2022-08-24,25733.876159036587
2022-08-25,25879.819032032687
2022-08-26,25392.523276138112
2022-08-27,25392.523276138112
2022-08-28,25392.523276138112
2022-08-29,25512.772975894266
2022-08-30,25389.253808559937
2022-08-31,25324.543940945914
2022-09-01,25370.682011180823
2022-09-02,25354.57932463537
2022-09-03,25354.57932463537
2022-09-04,25354.57932463537
2022-09-05,25342.78683473165
2022-09-06,25219.73680986765
2022-09-07,25501.409192335854
2022-09-08,25500.307196132777
2022-09-09,25604.48837661108
2022-09-10,25604.48837661108
2022-09-11,25604.48837661108
2022-09-12,25729.51820955096
2022-09-13,24991.73762875466
2022-09-14,25174.699387982753
2022-09-15,25133.898054530662
2022-09-16,25134.449522493414
2022-09-17,25134.449522493414
2022-09-18,25134.449522493414
2022-09-19,25190.03189631309
2022-09-20,25024.104268230443
2022-09-21,24902.57800897501
2022-09-22,24826.700658352187
2022-09-23,24529.34281368835
2022-09-24,24529.34281368835
2022-09-25,24529.34281368835
2022-09-26,24482.956391253483
2022-09-27,24602.426270803633
2022-09-28,24929.623615786128
2022-09-29,24635.741723767733
2022-09-30,24446.12484101968
2022-10-01,24446.12484101968
2022-10-02,24446.12484101968
2022-10-03,24572.80873076837
2022-10-04,24740.961845784404
2022-10-05,24626.324233847867
2022-10-06,24608.52515427311
2022-10-07,24434.120121800337
2022-10-08,24434.120121800337
2022-10-09,24434.120121800337
2022-10-10,24405.478621301776
2022-10-11,24497.277667653918
2022-10-12,24508.462882786847
2022-10-13,24568.09705881444
2022-10-14,24490.58785626642
2022-10-15,24490.58785626642
2022-10-16,24490.58785626642
2022-10-17,24705.740199284555
2022-10-18,24664.440612915252
2022-10-19,24642.96175819602
2022-10-20,24690.168696599118
2022-10-21,24852.739019116376
2022-10-22,24852.739019116376
2022-10-23,24852.739019116376
2022-10-24,24857.869427207654
2022-10-25,24984.394099067093
2022-10-26,24993.32086678992
2022-10-27,24919.723782833986
2022-10-28,24936.096665658442
2022-10-29,24936.096665658442
2022-10-30,24936.096665658442
2022-10-31,24920.041675365344
2022-11-01,24980.39276040823
2022-11-02,24828.98847227696
2022-11-03,24843.26048384812
2022-11-04,24942.06713856278
2022-11-05,24942.06713856278
2022-11-06,24942.06713856278
2022-11-07,24854.443351298894
2022-11-08,24947.440300745955
2022-11-09,24692.298690547803
2022-11-10,24941.487494456243
2022-11-11,24832.805703141836
2022-11-12,24832.805703141836
2022-11-13,24832.805703141836
2022-11-14,24756.38101814933
2022-11-15,24791.645392114664
2022-11-16,24650.589525640517
2022-11-17,24721.524817296897
2022-11-18,24749.826155386272
2022-11-19,24749.826155386272
2022-11-20,24749.826155386272
2022-11-21,24722.660496076587
2022-11-22,24859.92947440322
2022-11-23,24844.18361465266
2022-11-24,24782.23671031688
2022-11-25,24712.255912561952
2022-11-26,24712.255912561952
2022-11-27,24712.255912561952
2022-11-28,24636.823886640923
2022-11-29,24661.32599561346
2022-11-30,24810.80693254235
2022-12-01,24701.905034062187
2022-12-02,24494.51803812335
2022-12-03,24494.51803812335
2022-12-04,24494.51803812335
2022-12-05,24045.32352858026
2022-12-06,24017.279517750416
2022-12-07,24072.80456119692
2022-12-08,24138.324868870546
2022-12-09,24035.609517718924
2022-12-10,24035.609517718924
2022-12-11,24035.609517718924
2022-12-12,24076.033182726285
2022-12-13,24393.474095998576
2022-12-14,24174.116965937686
2022-12-15,23849.52275033091
2022-12-16,24013.02159654294
2022-12-17,24013.02159654294
2022-12-18,24013.02159654294
2022-12-19,23860.214709366148
2022-12-20,24010.27595298083
2022-12-21,24109.538003574817
2022-12-22,23877.316274992052
2022-12-23,23970.397194882145
2022-12-24,23970.397194882145
2022-12-25,23970.397194882145
2022-12-26,23894.34962676586
2022-12-27,23835.55547015451
2022-12-28,23721.779003102143
2022-12-29,23911.955493235226
2022-12-30,23898.26317441518
2022-12-31,23898.26317441518
2023-01-01,23898.26317441518
2023-01-02,23850.922418511338
2023-01-03,24056.2606105303
2023-01-04,24114.36763529104
2023-01-05,23855.572857149058
2023-01-06,24332.53598420942
2023-01-07,24332.53598420942
2023-01-08,24332.53598420942
2023-01-09,24307.56060966178
2023-01-10,24257.26438532472
2023-01-11,24213.48908765205
2023-01-12,24370.071163146087
2023-01-13,24366.898348859304
2023-01-14,24366.898348859304
2023-01-15,24366.898348859304
2023-01-16,24203.36177181566
2023-01-17,24131.772540241735
2023-01-18,23977.935573604067
2023-01-19,24022.204306294505
2023-01-20,23990.033399507258
2023-01-21,23990.033399507258
2023-01-22,23990.033399507258
2023-01-23,24051.488559496793
2023-01-24,24093.57071679118
2023-01-25,24082.77103608026
2023-01-26,23946.816981757576
2023-01-27,24001.761284088094
2023-01-28,24001.761284088094
2023-01-29,24001.761284088094
2023-01-30,23819.563487861225
2023-01-31,23943.205278073958
2023-02-01,24497.66644600845
2023-02-02,25057.408693846184
2023-02-03,24963.72905762407
2023-02-04,24951.222920831
2023-02-05,24910.993822337616
2023-02-06,24978.8154716407
2023-02-07,25418.4040336831
2023-02-08,24878.111450189117
2023-02-09,24571.977404164645
2023-02-10,24358.086823595415
2023-02-11,24382.80261949943
2023-02-12,24373.585923732535
2023-02-13,24550.15444954295
2023-02-14,24939.19037083949
2023-02-15,25232.83843162873
2023-02-16,25227.3798710638
2023-02-17,25130.459213818805
2023-02-18,25138.200799667364
2023-02-19,25106.204837745212
2023-02-20,25245.90127955027
2023-02-21,24841.44127098376
2023-02-22,24827.69030794617
2023-02-23,25041.090201244897
2023-02-24,24624.686916307364
2023-02-25,24622.271808727473
2023-02-26,24663.264480548634
2023-02-27,24886.046475404062
2023-02-28,24919.797279176975
2023-03-01,25063.501567512903
2023-03-02,24789.677893928736
2023-03-03,25179.600654568687
2023-03-04,25179.600654568687
2023-03-05,25179.600654568687
2023-03-06,24898.248621341645
2023-03-07,24492.192040059294
2023-03-08,25007.54103946667
2023-03-09,24526.519259015233
2023-03-10,24348.654321405484
2023-03-11,24348.654321405484
2023-03-12,24348.654321405484
2023-03-13,24243.003713795733
2023-03-14,24556.04384900233
2023-03-15,24526.774153725637
2023-03-16,24844.791006842683
2023-03-17,24895.83065127608
2023-03-18,24854.248154494508
2023-03-19,24953.127037112485
2023-03-20,24789.25714710744
2023-03-21,25025.418980654184
2023-03-22,24992.908185506894
2023-03-23,25373.047559670933
2023-03-24,25034.965867028026
2023-03-25,25035.0953407955
2023-03-26,25080.588135458693
2023-03-27,25077.466131412963
2023-03-28,25188.462268942967
2023-03-29,25586.695173773944
2023-03-30,25710.640154179855
2023-03-31,25912.05494111978
2023-04-01,25905.917859388283
2023-04-02,25886.61208292991
2023-04-03,25965.317406982693
2023-04-04,25979.759300996833
2023-04-05,25693.324388229914
2023-04-06,25678.453555271673
2023-04-07,25803.75108020728
2023-04-08,25805.777944927067
2023-04-09,25841.350794902548
2023-04-10,25912.52889314348
2023-04-11,26042.34696515445
2023-04-12,25871.194458427646
2023-04-13,26124.470704426738
2023-04-14,25906.051076668442
2023-04-15,25891.842536902477
2023-04-16,25891.574329113686
2023-04-17,26103.432289392487
2023-04-18,26346.953721458132
2023-04-19,25988.551746138328
2023-04-20,25877.331770603018
2023-04-21,25661.068805438394
2023-04-22,25711.925420416137
2023-04-23,25691.025418465317
2023-04-24,25659.46451914806
2023-04-25,25464.356117771837
2023-04-26,25517.067944053422
2023-04-27,25850.318752575047
2023-04-28,26045.10828292659
2023-04-29,26036.961630588936
2023-04-30,26038.770367978566
2023-05-01,25963.25405878049
2023-05-02,25960.49455417947
2023-05-03,25883.99283866788
2023-05-04,25653.931356298497
2023-05-05,25808.679012470187
2023-05-06,25753.64716338127
2023-05-07,25713.584414291003
2023-05-08,25857.158790529396
2023-05-09,25743.601592383002
2023-05-10,25836.259741879345
2023-05-11,25796.969308225838
2023-05-12,25825.920964032513
2023-05-13,25825.920964032513
2023-05-14,25825.920964032513
2023-05-15,26045.566544864585
2023-05-16,25926.9199240951
2023-05-17,26338.065478114062
2023-05-18,26693.804439705833
2023-05-19,26865.98109306362
2023-05-20,26865.98109306362
2023-05-21,26865.98109306362
2023-05-22,26694.72460851268
2023-05-23,26542.4381576248
2023-05-24,26572.133621658788
2023-05-25,26932.987370846153
2023-05-26,27390.108387783195
2023-05-27,27390.108387783195
2023-05-28,27390.108387783195
2023-05-29,27390.817810923276
2023-05-30,27484.93836772374
2023-05-31,27487.71130819232
2023-06-01,27637.633987453788
2023-06-02,27631.403290848204
2023-06-03,27631.403290848204
2023-06-04,27631.403290848204
2023-06-05,27863.78725630773
2023-06-06,27902.17277838623
2023-06-07,27416.17892757088
2023-06-08,27820.02992287444
2023-06-09,27768.726437867284
2023-06-10,27768.726437867284
2023-06-11,27768.726437867284
2023-06-12,28033.17938384387
2023-06-13,28082.171887069286
2023-06-14,28393.80422074457
2023-06-15,28557.312512562108
2023-06-16,28276.44512019951
2023-06-17,28276.44512019951
2023-06-18,28276.44512019951
2023-06-19,28358.21496449864
2023-06-20,28334.57816823301
2023-06-21,28064.52815365085
2023-06-22,28034.34290124624
2023-06-23,28173.082643338108
2023-06-24,28173.082643338108
2023-06-25,28173.082643338108
2023-06-26,27981.9286270126
2023-06-27,28267.469302760845
2023-06-28,28352.049884060132
2023-06-29,28683.139177773362
2023-06-30,29073.603249674125
2023-07-01,29084.36623894336
2023-07-02,29087.284309620118
2023-07-03,29013.782971274282
2023-07-04,28756.853681258068
2023-07-05,28632.35087758822
2023-07-06,28395.580261099327
2023-07-07,28558.07436833681
2023-07-08,28553.394298924664
2023-07-09,28541.96007708419
2023-07-10,28539.317917293654
2023-07-11,28523.067997487935
2023-07-12,28529.196686112227
2023-07-13,28908.943152874304
2023-07-14,28767.914762452623
2023-07-15,28764.28613654388
2023-07-16,28759.854700328295
2023-07-17,29100.36209483917
2023-07-18,29262.710123209174
2023-07-19,28782.165233104002
2023-07-20,28071.777591379006
2023-07-21,28147.757983854113
2023-07-22,28134.870135594854
2023-07-23,28164.424261211574
2023-07-24,28346.7243717642
2023-07-25,28565.189988738774
2023-07-26,28440.711154996043
2023-07-27,28284.388811304365
2023-07-28,28975.839424486967
2023-07-29,28979.562488161006
2023-07-30,28971.506451812267
2023-07-31,28925.896534531927
2023-08-01,28786.84626106998
2023-08-02,28225.311172533908
2023-08-03,28078.32875553042
2023-08-04,28143.272996489366
2023-08-05,28143.272996489366
2023-08-06,28143.272996489366
2023-08-07,28409.378383260446
2023-08-08,28332.89670445693
2023-08-09,28157.97955695547
2023-08-10,28279.340285764
2023-08-11,28178.67907210696
2023-08-12,28178.67907210696
2023-08-13,28178.67907210696
2023-08-14,28415.118925290208
2023-08-15,28189.7494820712
2023-08-16,28050.467721347377
2023-08-17,27699.241769047014
2023-08-18,27683.240326620045
2023-08-19,27683.240326620045
2023-08-20,27683.240326620045
2023-08-21,28153.79284781325
2023-08-22,27983.447727495775
2023-08-23,28191.75840564765
2023-08-24,27635.899881511967
2023-08-25,27892.734393439718
2023-08-26,27892.734393439718
2023-08-27,27892.734393439718
2023-08-28,28143.82499058162
2023-08-29,28704.898108094018
2023-08-30,28689.56484023974
2023-08-31,28705.106806083582
2023-09-01,28738.420687778675
2023-09-02,28738.420687778675
2023-09-03,28738.420687778675
2023-09-04,28721.71363430494
2023-09-05,28728.908474177337
2023-09-06,28731.80258250604
2023-09-07,28839.55073441777
2023-09-08,28916.97688771308
2023-09-09,28916.97688771308
2023-09-10,28916.97688771308
2023-09-11,28922.403622320922
2023-09-12,28861.980959383665
2023-09-13,29007.695310047977
2023-09-14,29254.48310575068
2023-09-15,28880.207691729964
2023-09-16,28880.207691729964
2023-09-17,28880.207691729964
2023-09-18,28851.403404110715
2023-09-19,28722.45817497055
2023-09-20,28597.528278099642
2023-09-21,28296.203673037762
2023-09-22,28265.90857913771
2023-09-23,28265.90857913771
2023-09-24,28265.90857913771
2023-09-25,28273.285031195956
2023-09-26,28123.67474837593
2023-09-27,28394.253566851046
2023-09-28,28590.94181938187
2023-09-29,28537.851213272894
2023-09-30,28537.851213272894
2023-10-01,28537.851213272894
2023-10-02,28608.22585754987
2023-10-03,28591.29969944286
2023-10-04,28626.071619854116
2023-10-05,28492.934250876122
2023-10-06,28671.523575583557
2023-10-07,28671.523575583557
2023-10-08,28671.523575583557
2023-10-09,28848.03142922699
2023-10-10,28921.864086185105
2023-10-11,28728.9000845422
2023-10-12,28644.672285008146
2023-10-13,28674.742864130643
2023-10-14,28674.742864130643
2023-10-15,28674.742864130643
2023-10-16,28699.00176538415
2023-10-17,28802.149702676095
2023-10-18,28726.412672328897
2023-10-19,28501.842102626088
2023-10-20,28261.6113454752
2023-10-21,28261.6113454752
2023-10-22,28261.6113454752
2023-10-23,28221.07639895622
2023-10-24,28193.236756868057
2023-10-25,27881.32258704853
2023-10-26,27759.34684209
2023-10-27,27628.435452549787
2023-10-28,27628.435452549787
2023-10-29,27628.435452549787
2023-10-30,27714.28382919058
2023-10-31,27682.65274092929
2023-11-01,27917.30235135424
2023-11-02,28106.55059501874
2023-11-03,28115.838636021486
2023-11-04,28144.160723404202
2023-11-05,28141.526196595376
2023-11-06,27824.644047366208
2023-11-07,27913.572209160942
2023-11-08,27875.984848822685
2023-11-09,27932.41308736163
2023-11-10,28339.17662785184
2023-11-11,28325.816027102504
2023-11-12,28319.444958157743
2023-11-13,28584.426450892413
2023-11-14,28755.73221763459
2023-11-15,28510.228327724057
2023-11-16,28344.972330217934
2023-11-17,28171.995297422243
2023-11-18,28171.150024890387
2023-11-19,28232.81534084909
2023-11-20,28360.863903895275
2023-11-21,28273.238125986958
2023-11-22,28430.44013193102
2023-11-23,28516.710784474795
2023-11-24,28668.145962192913
2023-11-25,28673.961001339638
2023-11-26,28649.861308642157
2023-11-27,28766.072097161203
2023-11-28,28694.6401266845
2023-11-29,28470.229452434563
2023-11-30,28551.854366009582
2023-12-01,29229.682722958456
2023-12-02,29289.185221467043
2023-12-03,29326.43510358054
2023-12-04,28677.368715836557
2023-12-05,29184.5484331396
2023-12-06,29172.29595280654
2023-12-07,29447.790892344274
2023-12-08,29546.497718838513
2023-12-09,29517.021385444543
2023-12-10,29520.64738086659
2023-12-11,29791.996063085262
2023-12-12,30117.98419280464
2023-12-13,30475.78504546944
2023-12-14,30104.505630033695
2023-12-15,29984.582994430868
2023-12-16,30006.777247208098
2023-12-17,29944.58630489693
2023-12-18,30186.05014264053
2023-12-19,30388.670668327628
2023-12-20,30012.287745780122
2023-12-21,30400.25642151183
2023-12-22,30046.463022297474
2023-12-23,30028.819487051747
2023-12-24,29979.153622429072
2023-12-25,29768.893570525124
2023-12-26,29991.335437524278
2023-12-27,30116.64824996919
2023-12-28,29811.153490351026
2023-12-29,29717.192270348773
2023-12-30,29721.251089382808
2023-12-31,29728.88535598977
2024-01-01,29975.89297036986
2024-01-02,29527.326929935214
2024-01-03,28904.052280304855
2024-01-04,29222.354532789905
2024-01-05,29406.75372757482
2024-01-06,29395.20108723714
2024-01-07,29392.120671999965
2024-01-08,29889.58666278493
2024-01-09,30086.488416791533
2024-01-10,30171.230821654975
2024-01-11,30239.614549962622
2024-01-12,29951.276663719822
2024-01-13,29950.52285900942
2024-01-14,29877.39051275241
2024-01-15,29846.647359818988
2024-01-16,29751.490724238633
2024-01-17,29906.591028141516
2024-01-18,30424.673618339202
2024-01-19,31001.000750157753
2024-01-20,31001.000750157753
2024-01-21,31001.000750157753
2024-01-22,30952.811683032676
2024-01-23,30987.457009607722
2024-01-24,31180.796752012822
2024-01-25,31327.36558871169
2024-01-26,31107.61880923504
2024-01-27,31107.61880923504
2024-01-28,31107.61880923504
2024-01-29,31194.37799900476
2024-01-30,31042.26083151454
2024-01-31,30792.220688175563
2024-02-01,31146.253735865404
2024-02-02,31468.949068086335
2024-02-03,31454.84101593882
2024-02-04,31424.941241013483
2024-02-05,31664.157603373507
2024-02-06,31714.216036364967
2024-02-07,31999.165726410265
2024-02-08,32056.133775925435
2024-02-09,32587.686850946346
2024-02-10,32630.822525694843
2024-02-11,32666.52220639707
2024-02-12,32719.105170424034
2024-02-13,32397.75116676796
2024-02-14,33349.42276724413
2024-02-15,33698.88228553273
2024-02-16,33508.61735803696
2024-02-17,33476.67591770561
2024-02-18,33506.45396724753
2024-02-19,33396.114077412734
2024-02-20,33363.85257094697
2024-02-21,32644.22020665531
2024-02-22,33376.1539104173
2024-02-23,33538.09402906016
2024-02-24,33593.569071203805
2024-02-25,33604.13070532695
2024-02-26,33980.290538228255
2024-02-27,34325.222072813136
2024-02-28,34460.16762699476
2024-02-29,34827.34408566636
2024-03-01,35554.538992173366
2024-03-02,35531.148331000615
2024-03-03,35596.30650164741
2024-03-04,35982.06020159927
2024-03-05,35312.68564920198
2024-03-06,35764.96789290357
2024-03-07,35937.22341536611
2024-03-08,35558.91615537266
2024-03-09,35569.2656632839
2024-03-10,35596.31464865586
2024-03-11,35328.40661702278
2024-03-12,35623.2698812399
2024-03-13,35903.70178431087
2024-03-14,35534.200463672874
2024-03-15,35332.04209232421
2024-03-16,35123.89696192127
2024-03-17,35289.2856562441
2024-03-18,35593.71776297789
2024-03-19,35418.44625835284
2024-03-20,36122.972920221866
2024-03-21,36146.53672323362
2024-03-22,36432.37989802975
2024-03-23,36448.57093829621
2024-03-24,36629.041984183976
2024-03-25,36898.84790691333
2024-03-26,36764.3055714045
2024-03-27,36813.984918917224
2024-03-28,37054.61479560205
2024-03-29,36969.31116575056
2024-03-30,36956.21859069352
2024-03-31,37045.807976454984
2024-04-01,37153.16511497391
2024-04-02,37185.80823391021
2024-04-03,37400.44171616293
2024-04-04,37157.421217386356
2024-04-05,37761.597739770186
2024-04-06,37820.517051806055
2024-04-07,37846.12256575332
2024-04-08,37896.88353988858
2024-04-09,37784.39749905368
2024-04-10,37291.21895207878
2024-04-11,38053.43317872452
2024-04-12,36998.49526733919
2024-04-13,36812.69884068363
2024-04-14,36812.69884068363
2024-04-15,36782.29019591288
2024-04-16,36894.349560464296
2024-04-17,36449.04140765796
2024-04-18,36500.478133349825
2024-04-19,36202.939450928556
2024-04-20,36202.939450928556
2024-04-21,36202.939450928556
2024-04-22,36400.633648160605
2024-04-23,37037.30542203174
2024-04-24,36728.20522510289
2024-04-25,36641.130442034
2024-04-26,36930.55911469808
2024-04-27,36930.55911469808
2024-04-28,36930.55911469808
2024-04-29,36910.20471646003
2024-04-30,36495.087698813964
2024-05-01,36445.06682106941
2024-05-02,36597.06699238967
2024-05-03,36583.8804550013
2024-05-04,36583.8804550013
2024-05-05,36583.8804550013
2024-05-06,36930.26174015063
2024-05-07,36936.47019710408
2024-05-08,37080.980120457236
2024-05-09,37265.68454351107
2024-05-10,37335.19687875543
2024-05-11,37335.19687875543
2024-05-12,37335.19687875543
2024-05-13,37332.21990073278
2024-05-14,37585.34304506529
2024-05-15,37812.706536914295
2024-05-16,37405.28531368146
2024-05-17,37592.13701999724
2024-05-18,37585.90994520424
2024-05-19,37548.71541738887
2024-05-20,37937.29351822635
2024-05-21,37920.00380426936
2024-05-22,37805.157581723055
2024-05-23,37528.87487444594
2024-05-24,37952.684556152766
2024-05-25,37993.660265881386
2024-05-26,37952.639215686024
2024-05-27,38009.48539740804
2024-05-28,38118.38318436003
2024-05-29,37769.1073510078
2024-05-30,37908.725418569964
2024-05-31,37869.35031781433
2024-06-01,37869.35031781433
2024-06-02,37869.35031781433
2024-06-03,38168.99202048348
2024-06-04,38048.64287849512
2024-06-05,38553.780841983484
2024-06-06,38451.64747077291
2024-06-07,38197.24988553772
2024-06-08,38197.24988553772
2024-06-09,38197.24988553772
2024-06-10,38734.77524180379
2024-06-11,38699.052444641275
2024-06-12,39056.16547164696
2024-06-13,39065.48025838737
2024-06-14,39227.42895192627
2024-06-15,39227.42895192627
2024-06-16,39227.42895192627
2024-06-17,39411.36528450223
2024-06-18,39815.507422722716
2024-06-19,39688.303146605496
2024-06-20,39341.13178978764
2024-06-21,39151.62018122539
2024-06-22,39151.62018122539
2024-06-23,39151.62018122539
2024-06-24,38994.27826795655
2024-06-25,39072.17831061877
2024-06-26,39116.04826019532
2024-06-27,39180.47076502248
2024-06-28,39077.038293658996
2024-06-29,39077.038293658996
2024-06-30,39077.038293658996
2024-07-01,39189.651783534675
2024-07-02,39521.95105278908
2024-07-03,40114.45121083206
2024-07-04,39942.7484456345
2024-07-05,40402.578543605
2024-07-06,40402.578543605
2024-07-07,40402.578543605
2024-07-08,40246.11109599694
2024-07-09,40237.77941809985
2024-07-10,40527.03578216807
2024-07-11,39803.87592310485
2024-07-12,39692.23245454006
2024-07-13,39692.23245454006
2024-07-14,39692.23245454006
2024-07-15,40087.65764203248
2024-07-16,40151.30156446514
2024-07-17,38987.63218863883
2024-07-18,38727.60962396965
2024-07-19,38808.0503035292
2024-07-20,38834.347532197
2024-07-21,38891.45736790205
2024-07-22,39462.607042827956
2024-07-23,39459.72277747664
2024-07-24,38190.262300152404
2024-07-25,37618.27758508179
2024-07-26,38185.50562340079
2024-07-27,38179.972173941744
2024-07-28,38204.80777924735
2024-07-29,37895.989785949096
2024-07-30,37360.06348143687
2024-07-31,38151.03976260967
2024-08-01,37328.53826710146
2024-08-02,37064.9260706246
2024-08-03,37064.9260706246
2024-08-04,37064.9260706246
2024-08-05,35924.00431318112
2024-08-06,36156.05984947448
2024-08-07,35733.668671933745
2024-08-08,36604.59590269141
2024-08-09,36411.12581943273
2024-08-10,36411.12581943273
2024-08-11,36411.12581943273
2024-08-12,36421.51949691548
2024-08-13,36697.13946574318
2024-08-14,36496.25981896107
2024-08-15,37190.05290771053
2024-08-16,37456.06501441978
2024-08-17,37456.06501441978
2024-08-18,37456.06501441978
2024-08-19,37181.674474890424
2024-08-20,36930.500046793946
2024-08-21,36794.27564922221
2024-08-22,36560.31378018021
2024-08-23,37104.22902086681
2024-08-24,37104.22902086681
2024-08-25,37104.22902086681
2024-08-26,36448.80589343387
2024-08-27,36540.97860693387
2024-08-28,36291.80121511958
2024-08-29,36651.37496134639
2024-08-30,36647.644331230586
2024-08-31,36647.644331230586
2024-09-01,36647.644331230586
2024-09-02,36655.854547786264
2024-09-03,36620.35405602077
2024-09-04,36827.9247818683
2024-09-05,36940.554501151244
2024-09-06,36382.80589044212
2024-09-07,36382.80589044212
2024-09-08,36382.80589044212
2024-09-09,36749.93644637528
2024-09-10,36881.070784873904
2024-09-11,36710.81400573853
2024-09-12,36991.64191256116
2024-09-13,36753.37698686909
2024-09-14,36753.37698686909
2024-09-15,36753.37698686909
2024-09-16,36743.083374845155
2024-09-17,36812.663657400124
2024-09-18,36949.91138716596
2024-09-19,37399.34138579817
2024-09-20,37340.89967735346
2024-09-21,37340.89967735346
2024-09-22,37340.89967735346
2024-09-23,37292.547739829235
2024-09-24,37434.62614554141
2024-09-25,37011.86435273079
2024-09-26,37307.18737226295
2024-09-27,37019.07236791755
2024-09-28,37019.07236791755
2024-09-29,37019.07236791755
2024-09-30,37071.06309658913
2024-10-01,36928.928391996604
2024-10-02,36739.998500265276
2024-10-03,36853.759239657076
2024-10-04,37486.17147548881
2024-10-05,37486.17147548881
2024-10-06,37486.17147548881
2024-10-07,37446.39003909064
2024-10-08,38105.669368333925
2024-10-09,38454.12862542767
2024-10-10,38332.442876131136
2024-10-11,38311.495469404545
2024-10-12,38311.495469404545
2024-10-13,38311.495469404545
2024-10-14,38156.57651083093
2024-10-15,37801.971536849975
2024-10-16,37914.60330710604
2024-10-17,38196.95840187818
2024-10-18,38271.276943045916
2024-10-19,38271.276943045916
2024-10-20,38271.276943045916
2024-10-21,38126.895757208236
2024-10-22,38367.96555934111
2024-10-23,37958.762506893254
2024-10-24,38486.35214212014
2024-10-25,38575.36798516084
2024-10-26,38575.36798516084
2024-10-27,38575.36798516084
2024-10-28,38756.52811979109
2024-10-29,38806.1666246947
2024-10-30,38135.41042677058
2024-10-31,37949.46386506607
2024-11-01,38057.29979016283
2024-11-02,38046.71799585106
2024-11-03,38016.618753606555
2024-11-04,37897.187196519924
2024-11-05,38796.22225270536
2024-11-06,39390.707930435856
2024-11-07,40606.6200413214
2024-11-08,40585.952378793714
2024-11-09,40598.32721949926
2024-11-10,40793.72450617889
2024-11-11,41727.38083861213
2024-11-12,41742.708053497074
2024-11-13,42124.02540650346
2024-11-14,41642.35986728704
2024-11-15,41611.56529836733
2024-11-16,41588.37424139927
2024-11-17,41555.647415243664
2024-11-18,41463.97832720626
2024-11-19,41997.11204117642
2024-11-20,42060.340593735884
2024-11-21,42233.34138992932
2024-11-22,42598.737100878374
2024-11-23,42546.223976367386
2024-11-24,42556.51659629261
2024-11-25,41676.78750630102
2024-11-26,41888.64578911305
2024-11-27,41849.16348282861
2024-11-28,41786.18090399539
2024-11-29,42302.77264411061
2024-11-30,42258.82685521888
2024-12-01,42295.22520067654
2024-12-02,42145.988894673595
2024-12-03,42439.957577832494
2024-12-04,42900.745768661625
2024-12-05,42760.27933950398
2024-12-06,43106.19573175918
2024-12-07,43106.30897531273
2024-12-08,43162.93716497843
2024-12-09,42423.588437568775
2024-12-10,42100.90034893678
2024-12-11,42829.79020685211
2024-12-12,42650.42304770453
2024-12-13,42689.95118809533
2024-12-14,42686.32049342476
2024-12-15,42809.51753822178
2024-12-16,43286.39272702412
2024-12-17,43115.978336443695
2024-12-18,41905.84445957127
2024-12-19,42362.24350620892
2024-12-20,42893.29801779135
2024-12-21,42869.98991359609
2024-12-22,42776.52054737482
2024-12-23,42393.93142627392
2024-12-24,43155.731560606364
2024-12-25,42912.14411527296
2024-12-26,42867.320115872804
2024-12-27,42172.81551463205
2024-12-28,42172.81551463205
2024-12-29,42172.81551463205
2024-12-30,41659.99868052266
2024-12-31,41670.56137188231
2025-01-01,41670.56137188231
2025-01-02,41681.599746997475
2025-01-03,42276.84919536672
2025-01-04,42282.39936223843
2025-01-05,42285.788212160485
2025-01-06,42560.75791513263
2025-01-07,42074.81940405317
2025-01-08,41984.669757771255
2025-01-09,42092.5810945467
2025-01-10,41605.235308185984
2025-01-11,41605.235308185984
2025-01-12,41605.235308185984
2025-01-13,41463.33752874338
2025-01-14,41527.276977522146
2025-01-15,42301.9418224149
2025-01-16,42127.69832499756
2025-01-17,42775.787903885415
2025-01-18,42773.57795678487
2025-01-19,42637.62826708956
2025-01-20,42595.17938633091
2025-01-21,42611.229718880866
2025-01-22,42872.13625366667
2025-01-23,43100.502489373685
2025-01-24,43300.07188379094
2025-01-25,43295.741196937415
2025-01-26,43211.719167415664
2025-01-27,42226.69290828758
2025-01-28,43125.610377472825
2025-01-29,42952.230819047254
2025-01-30,43133.595100252096
2025-01-31,42973.74413790464
2025-02-01,42973.74413790464
2025-02-02,42973.74413790464
2025-02-03,43226.28457083618
2025-02-04,43994.162432911675
2025-02-05,43884.71830138427
2025-02-06,44030.3258618507
2025-02-07,43843.61539445147
2025-02-08,43843.61539445147
2025-02-09,43843.61539445147
2025-02-10,44300.2096792078
2025-02-11,44133.43524717902
2025-02-12,44476.68446207203
2025-02-13,44856.23820385371
2025-02-14,44489.71974534968
2025-02-15,44489.71974534968
2025-02-16,44489.71974534968
2025-02-17,44547.08345299458
2025-02-18,44534.42702674671
2025-02-19,44297.49668481335
2025-02-20,43679.89955878354
2025-02-21,42638.579947391256
2025-02-22,42638.579947391256
2025-02-23,42638.579947391256
2025-02-24,42002.197447348255
2025-02-25,41551.65209223714
2025-02-26,41889.98569518778
2025-02-27,41198.61833108438
2025-02-28,41891.74070452333
2025-03-01,41891.74070452333
2025-03-02,41891.74070452333
2025-03-03,41683.20163730603
2025-03-04,41131.68570345103
2025-03-05,40749.95387829037
2025-03-06,40090.47326901011
2025-03-07,39906.04651245872
2025-03-08,39906.04651245872
2025-03-09,39906.04651245872
2025-03-10,38995.23937348448
2025-03-11,39278.973779106884
2025-03-12,39396.048703286324
2025-03-13,39492.68330344795
2025-03-14,39848.482229353474
2025-03-15,39848.482229353474
2025-03-16,39848.482229353474
2025-03-17,40031.25089715367
2025-03-18,39992.30775904625
2025-03-19,40178.835853301876
2025-03-20,40116.17565338515
2025-03-21,40274.111077119895
2025-03-22,40274.111077119895
2025-03-23,40274.111077119895
2025-03-24,40596.92507673872
2025-03-25,40770.258711486276
2025-03-26,40119.205460038545
2025-03-27,40344.74437797307
2025-03-28,40028.36625396433
2025-03-29,40028.36625396433
2025-03-30,40028.36625396433
2025-03-31,40423.14238139208
2025-04-01,40269.99141951234
2025-04-02,40562.81838982393
2025-04-03,40150.65790545518
2025-04-04,38733.04429907342
2025-04-05,38733.04429907342
2025-04-06,38733.04429907342
2025-04-07,38798.549230642835
2025-04-08,38673.90005406007
2025-04-09,40232.4805760784
2025-04-10,39576.22581462169
2025-04-11,39749.33557863736
2025-04-12,39749.33557863736
2025-04-13,39749.33557863736
2025-04-14,39638.42193997955
2025-04-15,39761.78316032581
2025-04-16,39836.38184125625
2025-04-17,39741.24097231467
2025-04-18,39741.24097231467
2025-04-19,39741.24097231467
2025-04-20,39741.24097231467
2025-04-21,39771.87002624782
2025-04-22,40051.44684147117
2025-04-23,40207.996837823535
2025-04-24,40725.27781792105
2025-04-25,40472.73117487337
2025-04-26,40472.73117487337
2025-04-27,40472.73117487337
2025-04-28,40933.57007042948
2025-04-29,40726.18364425192
2025-04-30,40656.94029305388
2025-05-01,40378.62746486995
2025-05-02,40725.069109833305
2025-05-03,40682.2776269862
2025-05-04,40615.423149822804
2025-05-05,40600.15718934647
2025-05-06,40815.84551474398
2025-05-07,40495.03842967345
2025-05-08,40710.365333901274
2025-05-09,40930.17159044843
2025-05-10,40998.758040600835
2025-05-11,40975.65504695631
2025-05-12,40601.986723200265
2025-05-13,41448.44073134565
2025-05-14,41010.98716891896
2025-05-15,41393.09193777993
2025-05-16,41152.18963824506
2025-05-17,41140.331684961304
2025-05-18,41270.099255802874
2025-05-19,41398.44250413436
2025-05-20,41552.690373225225
2025-05-21,41317.259150461265
2025-05-22,41223.01578732052
2025-05-23,41511.27261803982
2025-05-24,41530.74835418977
2025-05-25,41578.68733779425
2025-05-26,41337.0567846845
2025-05-27,41261.82728217118
2025-05-28,41251.39678465211
2025-05-29,41222.24650446451
2025-05-30,41051.31574336191
2025-05-31,41076.55962746456
2025-06-01,41116.36535297059
2025-06-02,41528.29701914582
2025-06-03,41584.015026883666
2025-06-04,41481.13903430073
2025-06-05,40743.19776138813
2025-06-06,41127.77050495192
2025-06-07,41176.044209438136
2025-06-08,41182.98475534015
2025-06-09,41677.727405286736
2025-06-10,41622.250685837054
2025-06-11,41623.25032495649
2025-06-12,41288.68316582193
2025-06-13,40946.33639386305
2025-06-14,40922.46266690584
2025-06-15,40925.55175105491
2025-06-16,41427.040659123115
2025-06-17,41202.049516513405
2025-06-18,41671.35278375056
2025-06-19,41731.467602396515
2025-06-20,41722.05328588915
2025-06-21,41722.05328588915
2025-06-22,41722.05328588915
2025-06-23,42452.04463189865
2025-06-24,42777.32696043323
2025-06-25,42791.87083930893
2025-06-26,43034.6792020207
2025-06-27,42964.84023777216
2025-06-28,42974.440103084715
2025-06-29,43016.797526902206
2025-06-30,43238.067962079236
2025-07-01,42375.667443822436
2025-07-02,42852.20762460998
2025-07-03,42968.45721861622
2025-07-04,43054.91026085597
2025-07-05,43062.75507233939
2025-07-06,43102.578261888855
2025-07-07,42738.48336093008
2025-07-08,43055.26867481258
2025-07-09,43416.363982026785
2025-07-10,43850.25066616188
2025-07-11,43846.961333767846
2025-07-12,43843.910562869896
2025-07-13,43906.665853923245
2025-07-14,43702.02083224367
2025-07-15,44026.99301618906
2025-07-16,44378.895775408484
2025-07-17,44445.023515209665
2025-07-18,44288.34764177692
2025-07-19,44285.97377618871
2025-07-20,44261.97254972749
2025-07-21,44276.93173319499
2025-07-22,43703.24580391519
2025-07-23,43885.11690023414
2025-07-24,44029.01487839811
2025-07-25,44275.51719175823
2025-07-26,44287.24076748236
2025-07-27,44343.60547140271
2025-07-28,44622.70132744662
2025-07-29,44697.39277385437
2025-07-30,44860.304527411834
2025-07-31,45043.42039786846
2025-08-01,43979.68053013549
2025-08-02,43948.8974210517
2025-08-03,44014.9322379526
2025-08-04,44327.32409217416
2025-08-05,44104.50069005749
2025-08-06,43977.80161626307
2025-08-07,44238.795866690234
2025-08-08,44374.17540109494
2025-08-09,44367.0122081592
2025-08-10,44473.8887142966
2025-08-11,44329.97820919867
2025-08-12,44975.073294069996
2025-08-13,44947.325942910196
2025-08-14,44525.691801101246
2025-08-15,44556.33467347807
2025-08-16,44559.86431343424
2025-08-17,44558.41215937609
2025-08-18,44415.325132922
2025-08-19,43293.46532063855
2025-08-20,43328.872276614595
2025-08-21,43185.243115879406
2025-08-22,44124.604382293655
2025-08-23,44067.98257463203
2025-08-24,44067.98257463203
2025-08-25,43548.158992792145
2025-08-26,44002.55768349639
2025-08-27,44001.8589428208
2025-08-28,44236.830286841636
2025-08-29,43600.599673598765
2025-08-30,43600.599673598765
2025-08-31,43600.599673598765
2025-09-01,43801.655731303494
2025-09-02,43923.938693628945
2025-09-03,44231.8785019206
2025-09-04,44147.18728001928
2025-09-05,44343.59078814279
2025-09-06,44343.59078814279
2025-09-07,44343.59078814279
2025-09-08,44152.50086238736
2025-09-09,44024.86259835153
2025-09-10,44426.13191804401
2025-09-11,44615.106107066975
2025-09-12,44649.3102076143
2025-09-13,44649.3102076143
2025-09-14,44649.3102076143
2025-09-15,44848.52235655938
2025-09-16,45023.31249551574
2025-09-17,44644.66044268205
2025-09-18,44867.01793622579
2025-09-19,45043.7780965933
2025-09-20,45043.7780965933
2025-09-21,45043.7780965933
2025-09-22,44918.885090173455
2025-09-23,44717.9887434847
2025-09-24,44688.85774310567
2025-09-25,45015.9033339448
2025-09-26,45155.717083174946
2025-09-27,45155.717083174946
2025-09-28,45155.717083174946
2025-09-29,45092.731630944014
2025-09-30,45177.85398255039
2025-10-01,46298.8612573479
2025-10-02,46102.445612950614
2025-10-03,46190.407510058074
2025-10-04,46190.407510058074
2025-10-05,46190.407510058074
2025-10-06,46716.621393393594
2025-10-07,46745.80906957215
2025-10-08,47346.018509780035
2025-10-09,46992.32397757219
2025-10-10,46383.08827433997
2025-10-11,46383.08827433997
2025-10-12,46383.08827433997
2025-10-13,47575.704690842766
2025-10-14,47296.94830753422
2025-10-15,47787.341517835775
2025-10-16,48077.42970739616
2025-10-17,47679.381610782206
2025-10-18,47679.381610782206
2025-10-19,47679.381610782206
2025-10-20,48954.23748242338
2025-10-21,47573.95639001905
2025-10-22,47441.444460438586
2025-10-23,48154.97510721079
2025-10-24,48533.08663489892
2025-10-25,48533.08663489892
2025-10-26,48533.08663489892
2025-10-27,48553.614180503704
2025-10-28,48504.13602924108
2025-10-29,48351.08970518331
2025-10-30,48057.195280179214
2025-10-31,47899.51432591544
2025-11-01,47899.51432591544
2025-11-02,47899.51432591544
2025-11-03,48291.892653990246
2025-11-04,47324.589957011805
2025-11-05,48218.6064598969
2025-11-06,47506.031893533414
2025-11-07,47365.27581019521
2025-11-08,47365.27581019521
2025-11-09,47365.27581019521
2025-11-10,48507.77615239482
2025-11-11,48046.20049895992
2025-11-12,48492.95383490558
2025-11-13,47283.79078763358
2025-11-14,46974.78485893456
2025-11-15,46974.78485893456
2025-11-16,46974.78485893456
2025-11-17,46601.47510459797
2025-11-18,46094.498188284575
2025-11-19,46220.244746184544
2025-11-20,45112.373308590824
2025-11-21,45500.56927123527
2025-11-22,45500.56927123527
2025-11-23,45500.56927123527
2025-11-24,46735.48494274458
2025-11-25,47160.66625441591
2025-11-26,47678.22886709011
2025-11-27,47560.07013483983
2025-11-28,48300.23543671656
2025-11-29,48300.23543671656
2025-11-30,48300.23543671656
2025-12-01,48133.57650369054
2025-12-02,48188.66943530371
2025-12-03,48381.45050730536
2025-12-04,48121.88803691574
2025-12-05,48491.30885979043
2025-12-06,48491.30885979043
2025-12-07,48491.30885979043
2025-12-08,48176.33439993662
2025-12-09,48433.71115284257
2025-12-10,48694.24286041839
2025-12-11,48468.016729461786
2025-12-12,47552.79141901157
2025-12-13,47552.79141901157
2025-12-14,47552.79141901157
2025-12-15,47648.84380460447
2025-12-16,47182.9617897356
2025-12-17,46630.42038926369
2025-12-18,47291.92157865904
2025-12-19,47666.47116425257
2025-12-20,47666.47116425257
2025-12-21,47666.47116425257
2025-12-22,48251.91099103463
2025-12-23,48044.904297523935
2025-12-24,48166.76393837834
2025-12-25,48111.24263802548
2025-12-26,48118.40245097256
2025-12-27,48118.40245097256
2025-12-28,48118.40245097256
2025-12-29,47662.79840565499
2025-12-30,48525.7419981107
2025-12-31,47965.60982427248
2026-01-01,47965.60982427248
2026-01-02,48578.14840526383
2026-01-03,48578.14840526383
2026-01-04,48578.14840526383
2026-01-05,49209.01493078886
2026-01-06,49740.29014562937
2026-01-07,49315.28252320844
2026-01-08,49181.80669063416
2026-01-09,49903.294123394655
2026-01-10,49903.294123394655
2026-01-11,49903.294123394655
2026-01-12,50480.119910354275
2026-01-13,50225.10475342867
2026-01-14,50482.31919533035
2026-01-15,50538.960165903816
2026-01-16,50507.2923106084
2026-01-17,50507.2923106084
2026-01-18,50507.2923106084
2026-01-19,50499.24853618801
2026-01-20,50410.94063708157
2026-01-21,50575.892019726234
2026-01-22,51306.886699379924
2026-01-23,50930.80534868579
2026-01-24,50930.80534868579
2026-01-25,50930.80534868579
2026-01-26,51703.69932033065
2026-01-27,52158.61557785648
2026-01-28,52832.74396309201
2026-01-29,53615.68829432503
2026-01-30,51373.1063612831
2026-01-31,51373.1063612831
2026-02-01,51373.1063612831
2026-02-02,51829.436381542604
2026-02-03,52334.50431208263
2026-02-04,52404.738643097146
2026-02-05,52294.87185836443
2026-02-06,53649.6332272907
2026-02-07,53649.6332272907
2026-02-08,53649.6332272907
2026-02-09,53877.368296763845
2026-02-10,53327.360697153475
2026-02-11,53951.413153585476
2026-02-12,53492.260860222304
2026-02-13,53845.57604329918
2026-02-14,53845.57604329918
2026-02-15,53845.57604329918
2026-02-16,53844.28714834934
2026-02-17,53817.91056791944
2026-02-18,54462.4725426668
2026-02-19,54557.95853567294
2026-02-20,54399.51038467204
2026-02-21,54399.51038467204
2026-02-22,54399.51038467204
2026-02-23,54308.66636376801
2026-02-24,54448.6622106051
2026-02-25,55325.09936644655
2026-02-26,54559.20156919686
2026-02-27,54415.05629381525
2026-02-28,54415.05629381525
2026-03-01,54415.05629381525
2026-03-02,53522.29826498413
2026-03-03,52660.26675631136
2026-03-04,52125.067237581876
2026-03-05,52001.09436408503
2026-03-06,51733.92336395028
2026-03-07,51733.92336395028
2026-03-08,51733.92336395028
2026-03-09,51876.47425550563
2026-03-10,52612.35290506151
2026-03-11,52650.68225076774
2026-03-12,53124.70075491962
2026-03-13,53206.00752366062
2026-03-14,53206.00752366062
2026-03-15,53206.00752366062
2026-03-16,53706.10484859219
2026-03-17,54590.182675560856
2026-03-18,54370.45508133458
2026-03-19,54728.76793208288
2026-03-20,54006.73779216862
2026-03-21,54006.73779216862
2026-03-22,54006.73779216862
2026-03-23,53951.29850751475
2026-03-24,53756.58470278651
2026-03-25,54401.90405622116
2026-03-26,53795.02334992796
2026-03-27,54018.58014801741
2026-03-28,54018.58014801741
2026-03-29,54018.58014801741
2026-03-30,54171.31595802304
2026-03-31,54530.81227075924
2026-04-01,54343.241972327975
2026-04-02,54365.13717642376
2026-04-03,54128.83854585352
2026-04-04,54128.83854585352
2026-04-05,54128.83854585352
2026-04-06,54313.801599860795
2026-04-07,54628.967651105195
2026-04-08,54902.13965764523
2026-04-09,55529.59563911037
2026-04-10,55675.97929767195
2026-04-11,55675.97929767195
2026-04-12,55675.97929767194
2026-04-13,56099.06098258049
2026-04-14,55714.30941871163
2026-04-15,55656.21031688459
2026-04-16,55846.56106453515
2026-04-17,56116.5471853792
2026-04-18,56116.5471853792
2026-04-19,56116.5471853792
2026-04-20,55841.39927544241
2026-04-21,55557.90787816482
2026-04-22,56374.26193110022
2026-04-23,57293.630470720025
2026-04-24,58101.03430208826
2026-04-25,58101.03430208826
2026-04-26,58101.03430208826
2026-04-27,58255.93718173945
2026-04-28,58053.23338009422
2026-04-29,58639.3606832734
2026-04-30,59464.83171327199
2026-05-01,59671.08224471459
2026-05-02,59671.08224471459
2026-05-03,59671.08224471459
2026-05-04,59340.58902979493
2026-05-05,60611.302951749705
2026-05-06,61676.81754473613
2026-05-07,61189.87683610481
2026-05-08,62833.0775825415
2026-05-09,62833.0775825415
2026-05-10,62833.0775825415
2026-05-11,63469.68475032638
2026-05-12,62827.128939777846
2026-05-13,63245.70514811147
2026-05-14,63100.08439100109
2026-05-15,62169.64514226943
2026-05-16,62169.64514226943
2026-05-17,62169.64514226943
2026-05-18,61993.9291027561
2026-05-19,61768.663838087086
2026-05-20,62550.059424966275
2026-05-21,62950.56873822211
2026-05-22,63357.983862136134
2026-05-23,63457.45250579341
2026-05-24,63482.92357545733
2026-05-25,63437.36439050147
2026-05-26,64445.920774890685
2026-05-27,64250.57196883185
2026-05-28,64499.87971418932
2026-05-29,64246.6190806355
2026-05-30,64246.6190806355
2026-05-31,64246.6190806355
2026-06-01,63978.54109714316
2026-06-02,63788.56757453785
2026-06-03,63707.778965692916
2026-06-04,64118.2947107713
2026-06-05,61194.973625177954
2026-06-06,61194.973625177954
2026-06-07,61194.973625177954
2026-06-08,62523.75714688629
2026-06-09,61734.232814603725
2026-06-10,60667.334074566
2026-06-11,62325.04858328373
2026-06-12,62616.40435692554
2026-06-13,62616.40435692554
2026-06-14,62616.40435692554
2026-06-15,64267.33294069913
2026-06-16,63132.75915855923
2026-06-17,63159.04193104174
2026-06-18,64374.725781624096
2026-06-19,64551.33713572525
2026-06-20,64551.33713572525
2026-06-21,64551.33713572525
2026-06-22,64583.65068994136
2026-06-23,63053.26538761346
2026-06-24,62802.76757268781
2026-06-25,63433.912393908315
2026-06-26,63461.280657455216
