Date,TH Tactical Weight,US Count,TH Count,US Selected,TH Selected
2017-05-31,0.0,50,0,"AAPL,AMGN,AMZN,BA,BAC,BIIB,BKNG,BRK-B,C,CHTR,CMCSA,CMG,CSCO,CVS,CVX,DAL,DIS,GE,GILD,GM,GOOG,GS,HAL,HD,IBM,INTC,JNJ,JPM,KO,MCD,MRK,MSFT,MU,NFLX,NKE,NVDA,ORCL,PEP,PFE,PG,QCOM,SBUX,SLB,T,UNH,V,VZ,WFC,WMT,XOM",
2017-06-30,0.0,50,0,"AAPL,AMGN,AMZN,BA,BAC,BIIB,BKNG,BRK-B,C,CHTR,CMCSA,CMG,CSCO,CVS,CVX,DAL,DIS,GE,GILD,GM,GOOG,GS,HAL,HD,IBM,INTC,JNJ,JPM,KO,MCD,MRK,MSFT,MU,NFLX,NKE,NVDA,ORCL,PEP,PFE,PG,QCOM,SBUX,SLB,T,UNH,V,VZ,WFC,WMT,XOM",
2017-07-31,0.3,50,50,"AAPL,AMGN,AMZN,BA,BAC,BIIB,BKNG,BRK-B,C,CHTR,CMCSA,CMG,CSCO,CVS,CVX,DAL,DIS,GE,GILD,GOOG,GS,HAL,HD,IBM,INTC,JNJ,JPM,KO,MA,MCD,MRK,MSFT,MU,NFLX,NKE,NVDA,ORCL,PEP,PFE,PG,QCOM,SBUX,SLB,T,UNH,V,VZ,WFC,WMT,XOM","AAV.BK,ADVANC.BK,AOT.BK,BA.BK,BANPU.BK,BBL.BK,BCH.BK,BCP.BK,BDMS.BK,BEAUTY.BK,BEM.BK,BH.BK,BJC.BK,BTS.BK,CBG.BK,CK.BK,CPALL.BK,CPF.BK,CPN.BK,DELTA.BK,EA.BK,EGCO.BK,HMPRO.BK,IRPC.BK,ITD.BK,IVL.BK,KBANK.BK,KCE.BK,KKP.BK,KTB.BK,LH.BK,MINT.BK,PTG.BK,PTT.BK,PTTEP.BK,PTTGC.BK,SAWAD.BK,SCC.BK,SPRC.BK,SUPER.BK,TASCO.BK,TCAP.BK,THAI.BK,TKN.BK,TOP.BK,TPIPL.BK,TRUE.BK,TU.BK,UNIQ.BK,WHA.BK"
2017-08-31,0.0,50,0,"AAPL,AMGN,AMZN,AVGO,BA,BAC,BIIB,BKNG,BRK-B,C,CHTR,CMCSA,CMG,CSCO,CVS,CVX,DAL,DIS,GE,GILD,GOOG,GS,HAL,HD,IBM,INTC,JNJ,JPM,KO,MA,MCD,MRK,MSFT,MU,NFLX,NKE,NVDA,ORCL,PFE,PG,QCOM,SBUX,SLB,T,UNH,V,VZ,WFC,WMT,XOM",
2017-09-30,0.3,50,50,"AAPL,AMGN,AMZN,AVGO,BA,BAC,BIIB,BKNG,BRK-B,C,CHTR,CMCSA,CMG,CSCO,CVS,CVX,DAL,DIS,GE,GILD,GOOG,GS,HD,IBM,INTC,JNJ,JPM,KO,LOW,MA,MCD,MRK,MSFT,MU,NFLX,NKE,NVDA,ORCL,PFE,PG,QCOM,SBUX,SLB,T,UNH,V,VZ,WFC,WMT,XOM","AAV.BK,ADVANC.BK,AOT.BK,BA.BK,BANPU.BK,BBL.BK,BCH.BK,BCP.BK,BDMS.BK,BEAUTY.BK,BEM.BK,BH.BK,BJC.BK,BTS.BK,CBG.BK,CK.BK,CPALL.BK,CPF.BK,CPN.BK,DELTA.BK,EA.BK,EGCO.BK,GPSC.BK,HMPRO.BK,IRPC.BK,ITD.BK,IVL.BK,KBANK.BK,KCE.BK,KKP.BK,KTB.BK,LH.BK,MINT.BK,PTG.BK,PTT.BK,PTTEP.BK,PTTGC.BK,SAWAD.BK,SCC.BK,SPRC.BK,SUPER.BK,TASCO.BK,TCAP.BK,THAI.BK,TKN.BK,TOP.BK,TPIPL.BK,TRUE.BK,TU.BK,WHA.BK"
2017-10-31,0.3,50,50,"AAPL,AMD,AMGN,AMZN,AVGO,BA,BAC,BIIB,BKNG,BRK-B,C,CHTR,CMCSA,CMG,CSCO,CVS,CVX,DIS,GE,GILD,GM,GOOG,GS,HD,IBM,INTC,JNJ,JPM,KO,MA,MCD,MRK,MSFT,MU,NFLX,NKE,NVDA,ORCL,PFE,PG,QCOM,SBUX,SLB,T,UNH,V,VZ,WFC,WMT,XOM","AAV.BK,ADVANC.BK,AOT.BK,BANPU.BK,BBL.BK,BCH.BK,BCP.BK,BCPG.BK,BDMS.BK,BEAUTY.BK,BEM.BK,BH.BK,BJC.BK,BTS.BK,CBG.BK,CK.BK,CPALL.BK,CPF.BK,CPN.BK,DELTA.BK,EA.BK,EGCO.BK,HMPRO.BK,IRPC.BK,ITD.BK,IVL.BK,KBANK.BK,KCE.BK,KKP.BK,KTB.BK,LH.BK,MINT.BK,PTG.BK,PTT.BK,PTTEP.BK,PTTGC.BK,SAWAD.BK,SCC.BK,SPRC.BK,SUPER.BK,TASCO.BK,TCAP.BK,THAI.BK,TISCO.BK,TKN.BK,TOP.BK,TPIPL.BK,TRUE.BK,TU.BK,WHA.BK"
2017-11-30,0.3,50,50,"AAPL,AMD,AMGN,AMZN,AVGO,BA,BAC,BIIB,BKNG,BRK-B,C,CHTR,CMCSA,CMG,CRM,CSCO,CVX,DIS,GE,GILD,GM,GOOG,GS,HD,IBM,INTC,JNJ,JPM,KO,MA,MCD,MRK,MSFT,MU,NFLX,NKE,NVDA,ORCL,PFE,PG,QCOM,SBUX,SLB,T,UNH,V,VZ,WFC,WMT,XOM","AAV.BK,ADVANC.BK,AOT.BK,BANPU.BK,BBL.BK,BCH.BK,BCP.BK,BCPG.BK,BDMS.BK,BEAUTY.BK,BEM.BK,BH.BK,BJC.BK,BPP.BK,BTS.BK,CBG.BK,CK.BK,CPALL.BK,CPF.BK,CPN.BK,DELTA.BK,EA.BK,EGCO.BK,HMPRO.BK,IRPC.BK,ITD.BK,IVL.BK,KBANK.BK,KCE.BK,KKP.BK,KTB.BK,LH.BK,MINT.BK,PTG.BK,PTT.BK,PTTEP.BK,PTTGC.BK,SAWAD.BK,SCC.BK,SPRC.BK,SUPER.BK,TASCO.BK,TCAP.BK,THAI.BK,TISCO.BK,TKN.BK,TOP.BK,TRUE.BK,TU.BK,WHA.BK"
2017-12-31,0.0,50,0,"AAPL,AMD,AMGN,AMZN,AVGO,BA,BAC,BIIB,BKNG,BRK-B,C,CHTR,CMCSA,CMG,CRM,CSCO,CVX,DIS,GE,GILD,GM,GOOG,GS,HD,IBM,INTC,JNJ,JPM,KO,MA,MCD,MRK,MSFT,MU,NFLX,NKE,NVDA,ORCL,PFE,PG,QCOM,SBUX,SLB,T,UNH,V,VZ,WFC,WMT,XOM",
2018-01-31,0.3,50,50,"AAPL,AMAT,AMD,AMGN,AMZN,AVGO,BA,BAC,BIIB,BKNG,BRK-B,C,CHTR,CMCSA,CSCO,CVS,CVX,DIS,GE,GILD,GM,GOOG,GS,HD,IBM,INTC,JNJ,JPM,KO,MA,MCD,MRK,MSFT,MU,NFLX,NKE,NVDA,ORCL,PFE,PG,QCOM,SBUX,SLB,T,UNH,V,VZ,WFC,WMT,XOM","ADVANC.BK,AOT.BK,BANPU.BK,BBL.BK,BCH.BK,BCP.BK,BCPG.BK,BDMS.BK,BEAUTY.BK,BEM.BK,BH.BK,BJC.BK,BPP.BK,BTS.BK,CBG.BK,CK.BK,CPALL.BK,CPF.BK,CPN.BK,EA.BK,EGCO.BK,GPSC.BK,HANA.BK,HMPRO.BK,IRPC.BK,IVL.BK,KBANK.BK,KCE.BK,KKP.BK,KTB.BK,KTC.BK,LH.BK,MINT.BK,PTG.BK,PTT.BK,PTTEP.BK,PTTGC.BK,SAWAD.BK,SCC.BK,SPRC.BK,SUPER.BK,TASCO.BK,TCAP.BK,THAI.BK,TISCO.BK,TKN.BK,TOP.BK,TRUE.BK,TU.BK,WHA.BK"
2018-02-28,0.3,50,50,"AAPL,AMAT,AMD,AMGN,AMZN,AVGO,BA,BAC,BIIB,BKNG,BRK-B,C,CHTR,CMCSA,CSCO,CVS,CVX,DIS,GE,GILD,GM,GOOG,GS,HD,IBM,INTC,JNJ,JPM,KO,MA,MCD,MRK,MSFT,MU,NFLX,NKE,NVDA,ORCL,PFE,PG,QCOM,SBUX,SLB,T,UNH,V,VZ,WFC,WMT,XOM","ADVANC.BK,AMATA.BK,AOT.BK,BANPU.BK,BBL.BK,BCH.BK,BCP.BK,BCPG.BK,BDMS.BK,BEAUTY.BK,BEM.BK,BH.BK,BJC.BK,BPP.BK,BTS.BK,CBG.BK,CK.BK,CPALL.BK,CPF.BK,CPN.BK,EA.BK,EGCO.BK,HANA.BK,HMPRO.BK,IRPC.BK,IVL.BK,KBANK.BK,KCE.BK,KKP.BK,KTB.BK,KTC.BK,LH.BK,MINT.BK,PTG.BK,PTT.BK,PTTEP.BK,PTTGC.BK,SAWAD.BK,SCC.BK,SPRC.BK,SUPER.BK,TASCO.BK,TCAP.BK,THAI.BK,TISCO.BK,TKN.BK,TOP.BK,TRUE.BK,TU.BK,WHA.BK"
2018-03-31,0.3,50,50,"AAPL,AMAT,AMD,AMGN,AMZN,AVGO,BA,BAC,BIIB,BKNG,BRK-B,C,CHTR,CMCSA,CSCO,CVS,CVX,DIS,GE,GILD,GM,GOOG,GS,HD,IBM,INTC,JNJ,JPM,KO,MA,MCD,MRK,MSFT,MU,NFLX,NKE,NVDA,ORCL,PFE,PG,QCOM,SBUX,SLB,T,UNH,V,VZ,WFC,WMT,XOM","ADVANC.BK,AMATA.BK,AOT.BK,BANPU.BK,BBL.BK,BCH.BK,BCP.BK,BCPG.BK,BDMS.BK,BEAUTY.BK,BEM.BK,BH.BK,BJC.BK,BTS.BK,CBG.BK,CK.BK,CPALL.BK,CPF.BK,CPN.BK,EA.BK,EGCO.BK,GPSC.BK,HANA.BK,HMPRO.BK,IRPC.BK,IVL.BK,KBANK.BK,KCE.BK,KKP.BK,KTB.BK,KTC.BK,LH.BK,MINT.BK,PTG.BK,PTT.BK,PTTEP.BK,PTTGC.BK,SAWAD.BK,SCC.BK,SPRC.BK,SUPER.BK,TASCO.BK,TCAP.BK,THAI.BK,TISCO.BK,TKN.BK,TOP.BK,TRUE.BK,TU.BK,WHA.BK"
2018-04-30,0.3,50,50,"AAPL,AMAT,AMD,AMGN,AMZN,AVGO,BA,BAC,BIIB,BKNG,BRK-B,C,CAT,CHTR,CMCSA,CSCO,CVX,DIS,GE,GILD,GM,GOOG,GS,HD,IBM,INTC,JNJ,JPM,KO,MA,MCD,MRK,MSFT,MU,NFLX,NKE,NVDA,ORCL,PFE,PG,QCOM,SBUX,SLB,T,UNH,V,VZ,WFC,WMT,XOM","ADVANC.BK,AMATA.BK,AOT.BK,BANPU.BK,BBL.BK,BCH.BK,BCP.BK,BCPG.BK,BDMS.BK,BEAUTY.BK,BEC.BK,BEM.BK,BH.BK,BJC.BK,BTS.BK,CBG.BK,CK.BK,CPALL.BK,CPF.BK,CPN.BK,EA.BK,EGCO.BK,GPSC.BK,HANA.BK,HMPRO.BK,IRPC.BK,IVL.BK,KBANK.BK,KCE.BK,KKP.BK,KTB.BK,KTC.BK,LH.BK,MINT.BK,PTG.BK,PTT.BK,PTTEP.BK,PTTGC.BK,SAWAD.BK,SCC.BK,SPRC.BK,SUPER.BK,TASCO.BK,TCAP.BK,TISCO.BK,TOP.BK,TPIPP.BK,TRUE.BK,TU.BK,WHA.BK"
2018-05-31,0.0,50,0,"AAPL,AMAT,AMD,AMGN,AMZN,AVGO,BA,BAC,BIIB,BKNG,BRK-B,C,CAT,CHTR,CMCSA,CSCO,CVX,DIS,GE,GILD,GOOG,GS,HD,IBM,INTC,JNJ,JPM,KO,MA,MCD,MRK,MSFT,MU,NFLX,NKE,NVDA,ORCL,PFE,PG,PYPL,QCOM,SBUX,SLB,T,UNH,V,VZ,WFC,WMT,XOM",
2018-06-30,0.0,50,0,"AAPL,AMAT,AMD,AMGN,AMZN,AVGO,BA,BAC,BIIB,BKNG,BRK-B,C,CAT,CHTR,CMCSA,CRM,CSCO,CVX,DIS,GE,GILD,GOOG,GS,HD,IBM,INTC,JNJ,JPM,MA,MCD,MRK,MSFT,MU,NFLX,NKE,NVDA,ORCL,PFE,PG,PYPL,QCOM,SBUX,SLB,T,UNH,V,VZ,WFC,WMT,XOM",
2018-07-31,0.0,50,0,"AAPL,AMAT,AMD,AMGN,AMZN,AVGO,BA,BAC,BIIB,BKNG,BRK-B,C,CAT,CHTR,CMCSA,CRM,CSCO,CVX,DIS,GE,GILD,GOOG,GS,HD,IBM,INTC,JNJ,JPM,MA,MCD,MRK,MSFT,MU,NFLX,NKE,NVDA,ORCL,PFE,PG,PYPL,QCOM,SBUX,SLB,T,UNH,V,VZ,WFC,WMT,XOM",
2018-08-31,0.3,50,50,"AAPL,ADBE,AMAT,AMD,AMGN,AMZN,AVGO,BA,BAC,BIIB,BKNG,BRK-B,C,CAT,CHTR,CMCSA,CRM,CSCO,CVX,DIS,GE,GOOG,GS,HD,IBM,INTC,JNJ,JPM,MA,MCD,MRK,MSFT,MU,NFLX,NKE,NVDA,ORCL,PFE,PG,PYPL,QCOM,SBUX,SLB,T,UNH,V,VZ,WFC,WMT,XOM","ADVANC.BK,AMATA.BK,AOT.BK,BANPU.BK,BBL.BK,BCH.BK,BCP.BK,BCPG.BK,BDMS.BK,BEAUTY.BK,BEM.BK,BGRIM.BK,BH.BK,BJC.BK,BTS.BK,CBG.BK,CENTEL.BK,CK.BK,CPALL.BK,CPF.BK,CPN.BK,EA.BK,EGCO.BK,GPSC.BK,HANA.BK,HMPRO.BK,IRPC.BK,IVL.BK,KBANK.BK,KCE.BK,KKP.BK,KTB.BK,KTC.BK,LH.BK,MINT.BK,MTC.BK,PTT.BK,PTTEP.BK,PTTGC.BK,RS.BK,SAWAD.BK,SCC.BK,SPRC.BK,SUPER.BK,TISCO.BK,TOP.BK,TRUE.BK,TU.BK,WHA.BK,WORK.BK"
2018-09-30,0.0,50,0,"AAPL,ADBE,AMAT,AMD,AMGN,AMZN,AVGO,BA,BAC,BKNG,BRK-B,C,CAT,CHTR,CMCSA,CRM,CSCO,CVX,DIS,GE,GOOG,GS,HD,IBM,INTC,JNJ,JPM,LRCX,MA,MCD,MRK,MSFT,MU,NFLX,NKE,NVDA,ORCL,PFE,PG,PYPL,QCOM,SBUX,SLB,T,UNH,V,VZ,WFC,WMT,XOM",
2018-10-31,0.3,50,50,"AAPL,ADBE,AMAT,AMD,AMGN,AMZN,AVGO,BA,BAC,BKNG,BRK-B,C,CAT,CHTR,CMCSA,COST,CRM,CSCO,CVX,DIS,GE,GOOG,GS,HD,IBM,INTC,JNJ,JPM,LRCX,MA,MCD,MRK,MSFT,MU,NFLX,NKE,NVDA,ORCL,PFE,PG,PYPL,QCOM,SBUX,T,UNH,V,VZ,WFC,WMT,XOM","ADVANC.BK,AMATA.BK,AOT.BK,BANPU.BK,BBL.BK,BCH.BK,BCP.BK,BCPG.BK,BDMS.BK,BEAUTY.BK,BEM.BK,BGRIM.BK,BH.BK,BJC.BK,BTS.BK,CBG.BK,CENTEL.BK,CK.BK,CPALL.BK,CPF.BK,CPN.BK,EA.BK,EGCO.BK,GPSC.BK,HMPRO.BK,IRPC.BK,IVL.BK,KBANK.BK,KCE.BK,KKP.BK,KTB.BK,KTC.BK,LH.BK,MINT.BK,MTC.BK,PTT.BK,PTTEP.BK,PTTGC.BK,RS.BK,SAWAD.BK,SCC.BK,SGP.BK,SPRC.BK,SUPER.BK,TISCO.BK,TOP.BK,TRUE.BK,TU.BK,WHA.BK,WORK.BK"
2018-11-30,0.0,50,0,"AAPL,ADBE,AMAT,AMD,AMZN,AVGO,BA,BAC,BKNG,BRK-B,C,CAT,CHTR,CMCSA,CRM,CSCO,CVX,DIS,GE,GOOG,GS,HD,IBM,INTC,JNJ,JPM,LOW,LRCX,MA,MCD,MRK,MSFT,MU,NFLX,NKE,NVDA,ORCL,PFE,PG,PYPL,QCOM,SBUX,T,UNH,UNP,V,VZ,WFC,WMT,XOM",
2018-12-31,0.0,50,0,"AAPL,ADBE,AMAT,AMD,AMZN,AVGO,BA,BAC,BKNG,BRK-B,C,CAT,CHTR,CMCSA,CRM,CSCO,CVX,DIS,GE,GOOG,GS,HD,IBM,INTC,JNJ,JPM,LOW,LRCX,MA,MCD,MRK,MSFT,MU,NFLX,NKE,NVDA,ORCL,PFE,PG,PYPL,QCOM,SBUX,T,UNH,UNP,V,VZ,WFC,WMT,XOM",
2019-01-31,0.3,50,50,"AAPL,ADBE,AMAT,AMD,AMGN,AMZN,AVGO,BA,BAC,BKNG,BRK-B,C,CAT,CHTR,CMCSA,CRM,CSCO,CVX,DIS,GE,GOOG,GS,HD,IBM,INTC,JNJ,JPM,LRCX,MA,MCD,MRK,MSFT,MU,NFLX,NKE,NVDA,ORCL,PFE,PG,PYPL,QCOM,SBUX,T,UNH,UNP,V,VZ,WFC,WMT,XOM","ADVANC.BK,AMATA.BK,AOT.BK,BANPU.BK,BBL.BK,BCH.BK,BCPG.BK,BDMS.BK,BEAUTY.BK,BEM.BK,BGRIM.BK,BH.BK,BJC.BK,BTS.BK,CBG.BK,CENTEL.BK,CK.BK,COM7.BK,CPALL.BK,CPF.BK,CPN.BK,EA.BK,EGCO.BK,GPSC.BK,HMPRO.BK,IRPC.BK,IVL.BK,KBANK.BK,KKP.BK,KTB.BK,KTC.BK,LH.BK,MINT.BK,MTC.BK,PTG.BK,PTT.BK,PTTEP.BK,PTTGC.BK,QH.BK,RS.BK,SAWAD.BK,SCC.BK,SPRC.BK,TCAP.BK,TISCO.BK,TOP.BK,TRUE.BK,TU.BK,WHA.BK,WORK.BK"
2019-02-28,0.3,50,50,"AAPL,ADBE,AMAT,AMD,AMGN,AMZN,AVGO,BA,BAC,BKNG,BRK-B,C,CAT,CMCSA,CRM,CSCO,CVX,DIS,GE,GOOG,GS,HD,IBM,INTC,JNJ,JPM,LRCX,MA,MCD,MRK,MSFT,MU,NFLX,NKE,NVDA,ORCL,PFE,PG,PYPL,QCOM,SBUX,T,TXN,UNH,UNP,V,VZ,WFC,WMT,XOM","ADVANC.BK,AMATA.BK,AOT.BK,BANPU.BK,BBL.BK,BCH.BK,BCPG.BK,BDMS.BK,BEAUTY.BK,BEM.BK,BGRIM.BK,BH.BK,BJC.BK,BTS.BK,CBG.BK,CENTEL.BK,CK.BK,COM7.BK,CPALL.BK,CPF.BK,CPN.BK,EA.BK,EGCO.BK,GLOBAL.BK,GPSC.BK,HMPRO.BK,IRPC.BK,IVL.BK,KBANK.BK,KKP.BK,KTB.BK,KTC.BK,LH.BK,MINT.BK,MTC.BK,PTG.BK,PTT.BK,PTTEP.BK,PTTGC.BK,QH.BK,RS.BK,SAWAD.BK,SCC.BK,SPRC.BK,TCAP.BK,TISCO.BK,TOP.BK,TRUE.BK,TU.BK,WHA.BK"
2019-03-31,0.0,50,0,"AAPL,ADBE,AMAT,AMD,AMGN,AMZN,AVGO,BA,BAC,BKNG,BRK-B,C,CAT,CMCSA,CRM,CSCO,CVX,DIS,GE,GOOG,GS,HD,IBM,INTC,JNJ,JPM,KO,MA,MCD,MRK,MSFT,MU,NFLX,NKE,NVDA,ORCL,PFE,PG,PYPL,QCOM,SBUX,T,TXN,UNH,UNP,V,VZ,WFC,WMT,XOM",
2019-04-30,0.0,50,0,"AAPL,ADBE,AMAT,AMD,AMZN,AVGO,BA,BAC,BKNG,BRK-B,C,CAT,CMCSA,CRM,CSCO,CVS,CVX,DIS,GE,GOOG,GS,HD,IBM,INTC,JNJ,JPM,KO,MA,MCD,MRK,MSFT,MU,NFLX,NKE,NVDA,ORCL,PFE,PG,PYPL,QCOM,SBUX,T,TXN,UNH,UNP,V,VZ,WFC,WMT,XOM",
2019-05-31,0.0,50,0,"AAPL,ADBE,AMAT,AMD,AMGN,AMZN,AVGO,BA,BAC,BKNG,BRK-B,C,CAT,CMCSA,CRM,CSCO,CVX,DIS,GE,GOOG,GS,HD,INTC,JNJ,JPM,KO,MA,MCD,MRK,MSFT,MU,NFLX,NKE,NVDA,ORCL,PEP,PFE,PG,PYPL,QCOM,SBUX,T,TXN,UNH,UNP,V,VZ,WFC,WMT,XOM",
2019-06-30,0.3,50,50,"AAPL,ADBE,AMAT,AMD,AMZN,AVGO,BA,BAC,BKNG,BRK-B,C,CAT,CMCSA,CRM,CSCO,CVX,DD,DIS,GE,GOOG,GS,HD,INTC,JNJ,JPM,KO,MA,MCD,MRK,MSFT,MU,NFLX,NKE,NVDA,ORCL,PEP,PFE,PG,PYPL,QCOM,SBUX,T,TXN,UNH,UNP,V,VZ,WFC,WMT,XOM","ADVANC.BK,AMATA.BK,AOT.BK,BANPU.BK,BBL.BK,BCH.BK,BCPG.BK,BDMS.BK,BEAUTY.BK,BEM.BK,BGRIM.BK,BH.BK,BJC.BK,BTS.BK,CBG.BK,CENTEL.BK,CK.BK,COM7.BK,CPALL.BK,CPF.BK,CPN.BK,EA.BK,EGCO.BK,GLOBAL.BK,GPSC.BK,HMPRO.BK,IRPC.BK,IVL.BK,KBANK.BK,KKP.BK,KTB.BK,KTC.BK,LH.BK,MINT.BK,MTC.BK,PTG.BK,PTT.BK,PTTEP.BK,PTTGC.BK,QH.BK,RS.BK,SAWAD.BK,SCC.BK,SPRC.BK,TCAP.BK,TISCO.BK,TOP.BK,TRUE.BK,TU.BK,WHA.BK"
2019-07-31,0.3,50,50,"AAPL,ADBE,AMD,AMGN,AMZN,AVGO,BA,BAC,BKNG,BRK-B,C,CAT,CMCSA,CRM,CSCO,CVX,DD,DIS,GE,GOOG,GS,HD,INTC,JNJ,JPM,KO,MA,MCD,MRK,MSFT,MU,NFLX,NKE,NVDA,ORCL,PEP,PFE,PG,PYPL,QCOM,SBUX,T,TXN,UNH,UNP,V,VZ,WFC,WMT,XOM","ADVANC.BK,AMATA.BK,AOT.BK,BANPU.BK,BBL.BK,BCH.BK,BCPG.BK,BDMS.BK,BEAUTY.BK,BEM.BK,BGRIM.BK,BH.BK,BJC.BK,BTS.BK,CBG.BK,CENTEL.BK,CK.BK,CKP.BK,COM7.BK,CPALL.BK,CPF.BK,CPN.BK,EA.BK,EGCO.BK,GLOBAL.BK,GPSC.BK,HMPRO.BK,IRPC.BK,IVL.BK,KBANK.BK,KKP.BK,KTB.BK,KTC.BK,LH.BK,MINT.BK,MTC.BK,PTG.BK,PTT.BK,PTTEP.BK,PTTGC.BK,QH.BK,RS.BK,SAWAD.BK,SCC.BK,SPRC.BK,TISCO.BK,TOP.BK,TRUE.BK,TU.BK,WHA.BK"
2019-08-31,0.0,50,0,"AAPL,ADBE,AMD,AMGN,AMZN,AVGO,BA,BAC,BKNG,BRK-B,C,CAT,CMCSA,CRM,CSCO,CVX,DD,DIS,GE,GOOG,GS,HD,INTC,JNJ,JPM,KO,MA,MCD,MRK,MSFT,MU,NFLX,NKE,NVDA,ORCL,PEP,PFE,PG,PYPL,QCOM,SBUX,T,TXN,UNH,UNP,V,VZ,WFC,WMT,XOM",
2019-09-30,0.0,50,0,"AAPL,ADBE,AMD,AMGN,AMZN,AVGO,BA,BAC,BKNG,BRK-B,C,CAT,CMCSA,COST,CRM,CSCO,CVX,DIS,GE,GOOG,GS,HD,INTC,JNJ,JPM,KO,MA,MCD,MRK,MSFT,MU,NFLX,NKE,NVDA,ORCL,PEP,PFE,PG,PYPL,QCOM,SBUX,T,TXN,UNH,UNP,V,VZ,WFC,WMT,XOM",
2019-10-31,0.0,50,0,"AAPL,ADBE,AMD,AMGN,AMZN,AVGO,BA,BAC,BKNG,BRK-B,C,CAT,CMCSA,COST,CRM,CSCO,CVX,DIS,GE,GOOG,GS,HD,INTC,JNJ,JPM,KO,MA,MCD,MRK,MSFT,MU,NFLX,NKE,NVDA,ORCL,PEP,PFE,PG,PYPL,QCOM,SBUX,T,TXN,UNH,UNP,V,VZ,WFC,WMT,XOM",
2019-11-30,0.0,50,0,"AAPL,ADBE,AMD,AMGN,AMZN,AVGO,BA,BAC,BKNG,BRK-B,C,CAT,CMCSA,COST,CRM,CSCO,CVX,DIS,GE,GOOG,GS,HD,INTC,JNJ,JPM,KO,MA,MCD,MRK,MSFT,MU,NFLX,NKE,NVDA,ORCL,PEP,PFE,PG,PYPL,QCOM,SBUX,T,TXN,UNH,UNP,V,VZ,WFC,WMT,XOM",
2019-12-31,0.0,50,0,"AAPL,ADBE,AMD,AMZN,AVGO,BA,BAC,BKNG,BMY,BRK-B,C,CAT,CMCSA,COST,CRM,CSCO,CVX,DIS,GE,GOOG,GS,HD,INTC,JNJ,JPM,KO,MA,MCD,MRK,MSFT,MU,NFLX,NKE,NVDA,ORCL,PEP,PFE,PG,PYPL,QCOM,SBUX,T,TXN,UNH,UNP,V,VZ,WFC,WMT,XOM",
2020-01-31,0.0,50,0,"AAPL,ADBE,AMD,AMZN,AVGO,BA,BAC,BKNG,BMY,BRK-B,C,CAT,CMCSA,COST,CRM,CSCO,CVX,DIS,GE,GOOG,GS,HD,INTC,JNJ,JPM,KO,MA,MCD,MRK,MSFT,MU,NFLX,NKE,NVDA,ORCL,PEP,PFE,PG,PYPL,QCOM,SBUX,T,TXN,UNH,UNP,V,VZ,WFC,WMT,XOM",
2020-02-29,0.0,50,0,"AAPL,ADBE,AMD,AMZN,AVGO,BA,BAC,BKNG,BMY,BRK-B,C,CAT,CMCSA,COST,CRM,CSCO,CVX,DIS,GE,GOOG,GS,HD,INTC,JNJ,JPM,KO,MA,MCD,MRK,MSFT,MU,NFLX,NKE,NVDA,ORCL,PEP,PFE,PG,PYPL,QCOM,SBUX,T,TXN,UNH,UNP,V,VZ,WFC,WMT,XOM",
2020-03-31,0.0,50,0,"AAPL,ADBE,AMD,AMZN,AVGO,BA,BAC,BKNG,BMY,BRK-B,C,CAT,CMCSA,COST,CRM,CSCO,CVX,DIS,GE,GOOG,GS,HD,INTC,JNJ,JPM,KO,MA,MCD,MRK,MSFT,MU,NFLX,NKE,NVDA,ORCL,PEP,PFE,PG,PYPL,QCOM,SBUX,T,TXN,UNH,UNP,V,VZ,WFC,WMT,XOM",
2020-04-30,0.0,50,0,"AAPL,ADBE,AMD,AMZN,AVGO,BA,BAC,BKNG,BMY,BRK-B,C,CHTR,CMCSA,COST,CRM,CSCO,CVX,DIS,GE,GOOG,HD,INTC,JNJ,JPM,KO,MA,MCD,MRK,MSFT,MU,NFLX,NKE,NOW,NVDA,ORCL,PEP,PFE,PG,PYPL,QCOM,SBUX,T,TXN,UNH,UNP,V,VZ,WFC,WMT,XOM",
2020-05-31,0.3,50,50,"AAPL,ADBE,AMD,AMZN,AVGO,BA,BAC,BKNG,BMY,BRK-B,C,CHTR,CMCSA,COST,CRM,CSCO,CVX,DIS,GE,GOOG,HD,INTC,JNJ,JPM,KO,MA,MCD,MRK,MSFT,MU,NFLX,NKE,NOW,NVDA,ORCL,PEP,PFE,PG,PYPL,QCOM,SBUX,T,TXN,UNH,UNP,V,VZ,WFC,WMT,XOM","ADVANC.BK,AMATA.BK,AOT.BK,BANPU.BK,BBL.BK,BCH.BK,BDMS.BK,BEAUTY.BK,BEM.BK,BGRIM.BK,BH.BK,BJC.BK,BTS.BK,CBG.BK,CENTEL.BK,CK.BK,COM7.BK,CPALL.BK,CPF.BK,CPN.BK,EA.BK,EGCO.BK,GLOBAL.BK,GPSC.BK,HMPRO.BK,IRPC.BK,IVL.BK,KBANK.BK,KKP.BK,KTB.BK,KTC.BK,LH.BK,MINT.BK,MTC.BK,OSP.BK,PTG.BK,PTT.BK,PTTEP.BK,PTTGC.BK,RATCH.BK,SAWAD.BK,SCC.BK,SPRC.BK,TCAP.BK,TISCO.BK,TOP.BK,TRUE.BK,TU.BK,VGI.BK,WHA.BK"
2020-06-30,0.3,50,50,"AAPL,ADBE,AMD,AMZN,AVGO,BA,BAC,BKNG,BMY,BRK-B,C,CHTR,CMCSA,COST,CRM,CSCO,CVX,DIS,GE,GOOG,HD,INTC,JNJ,JPM,KO,MA,MCD,MRK,MSFT,MU,NFLX,NKE,NOW,NVDA,ORCL,PEP,PFE,PG,PYPL,QCOM,SBUX,T,TXN,UNH,UNP,V,VZ,WFC,WMT,XOM","ADVANC.BK,AMATA.BK,AOT.BK,BANPU.BK,BBL.BK,BCH.BK,BDMS.BK,BEAUTY.BK,BEM.BK,BGRIM.BK,BH.BK,BJC.BK,BTS.BK,CBG.BK,CENTEL.BK,CK.BK,COM7.BK,CPALL.BK,CPF.BK,CPN.BK,EA.BK,EGCO.BK,GPSC.BK,HMPRO.BK,IRPC.BK,IVL.BK,KBANK.BK,KKP.BK,KTB.BK,KTC.BK,LH.BK,MINT.BK,MTC.BK,OSP.BK,PLANB.BK,PTG.BK,PTT.BK,PTTEP.BK,PTTGC.BK,RATCH.BK,SAWAD.BK,SCC.BK,SPRC.BK,TCAP.BK,TISCO.BK,TOP.BK,TRUE.BK,TU.BK,VGI.BK,WHA.BK"
2020-07-31,0.3,50,50,"AAPL,ABBV,ADBE,AMD,AMZN,AVGO,BA,BAC,BKNG,BMY,BRK-B,C,CHTR,CMCSA,COST,CRM,CSCO,CVX,DIS,GE,GOOG,HD,INTC,JNJ,JPM,KO,MA,MCD,MRK,MSFT,MU,NFLX,NKE,NOW,NVDA,ORCL,PEP,PFE,PG,PYPL,QCOM,SBUX,T,TXN,UNH,V,VZ,WFC,WMT,XOM","ADVANC.BK,AMATA.BK,AOT.BK,BANPU.BK,BBL.BK,BCH.BK,BDMS.BK,BEM.BK,BGRIM.BK,BH.BK,BJC.BK,BTS.BK,CBG.BK,CENTEL.BK,CK.BK,COM7.BK,CPALL.BK,CPF.BK,CPN.BK,EA.BK,EGCO.BK,GPSC.BK,HMPRO.BK,IRPC.BK,IVL.BK,KBANK.BK,KKP.BK,KTB.BK,KTC.BK,LH.BK,MINT.BK,MTC.BK,OSP.BK,PLANB.BK,PTG.BK,PTT.BK,PTTEP.BK,PTTGC.BK,RATCH.BK,SAWAD.BK,SCC.BK,SPRC.BK,TASCO.BK,TCAP.BK,TISCO.BK,TOP.BK,TRUE.BK,TU.BK,VGI.BK,WHA.BK"
2020-08-31,0.0,50,0,"AAPL,ABBV,ADBE,AMD,AMZN,AVGO,BA,BAC,BKNG,BMY,BRK-B,C,CHTR,CMCSA,COST,CRM,CSCO,CVX,DIS,GE,GOOG,HD,INTC,JNJ,JPM,KO,MA,MCD,MRK,MSFT,MU,NFLX,NKE,NOW,NVDA,ORCL,PEP,PFE,PG,PYPL,QCOM,SBUX,T,TXN,UNH,V,VZ,WFC,WMT,XOM",
2020-09-30,0.0,50,0,"AAPL,ABBV,ADBE,AMD,AMZN,AVGO,BA,BAC,BKNG,BMY,BRK-B,C,CHTR,CMCSA,COST,CRM,CSCO,CVX,DIS,GE,GOOG,HD,INTC,JNJ,JPM,KO,MA,MCD,MRK,MSFT,MU,NFLX,NKE,NOW,NVDA,ORCL,PEP,PFE,PG,PYPL,QCOM,SBUX,T,TXN,UNH,V,VZ,WFC,WMT,XOM",
2020-10-31,0.0,50,0,"AAPL,ABBV,ADBE,AMD,AMZN,AVGO,BA,BAC,BKNG,BMY,BRK-B,C,CHTR,CMCSA,COST,CRM,CSCO,CVX,DIS,GE,GOOG,GS,HD,INTC,JNJ,JPM,KO,MA,MCD,MRK,MSFT,MU,NFLX,NKE,NOW,NVDA,ORCL,PEP,PFE,PG,PYPL,QCOM,SBUX,T,UNH,V,VZ,WFC,WMT,XOM",
2020-11-30,0.3,50,50,"AAPL,ABBV,ADBE,AMD,AMZN,AVGO,BA,BAC,BKNG,BMY,BRK-B,C,CHTR,CMCSA,COST,CRM,CSCO,CVX,DIS,GE,GOOG,GS,HD,INTC,JNJ,JPM,KO,MA,MCD,MRK,MSFT,MU,NFLX,NKE,NOW,NVDA,ORCL,PFE,PG,PYPL,QCOM,SBUX,T,TMO,UNH,V,VZ,WFC,WMT,XOM","ADVANC.BK,AMATA.BK,AOT.BK,AWC.BK,BANPU.BK,BBL.BK,BDMS.BK,BEM.BK,BGRIM.BK,BH.BK,BJC.BK,BTS.BK,CBG.BK,CK.BK,COM7.BK,CPALL.BK,CPF.BK,CPN.BK,DOHOME.BK,EA.BK,EGCO.BK,GPSC.BK,HMPRO.BK,IRPC.BK,IVL.BK,JMT.BK,KBANK.BK,KKP.BK,KTB.BK,KTC.BK,LH.BK,MINT.BK,MTC.BK,OSP.BK,PTG.BK,PTT.BK,PTTEP.BK,PTTGC.BK,RATCH.BK,SAWAD.BK,SCC.BK,SPRC.BK,TASCO.BK,TCAP.BK,TISCO.BK,TOP.BK,TRUE.BK,TU.BK,VGI.BK,WHA.BK"
2020-12-31,0.3,50,50,"AAPL,ABBV,ADBE,AMD,AMZN,AVGO,BA,BAC,BKNG,BMY,BRK-B,C,CHTR,CMCSA,COST,CRM,CSCO,CVX,DIS,GE,GOOG,GS,HD,INTC,JNJ,JPM,KO,MA,MCD,MRK,MSFT,MU,NFLX,NKE,NOW,NVDA,ORCL,PFE,PG,PYPL,QCOM,SBUX,T,TSLA,UNH,V,VZ,WFC,WMT,XOM","ADVANC.BK,AMATA.BK,AOT.BK,AWC.BK,BANPU.BK,BBL.BK,BDMS.BK,BEM.BK,BGRIM.BK,BH.BK,BJC.BK,BTS.BK,CBG.BK,CK.BK,COM7.BK,CPALL.BK,CPF.BK,CPN.BK,DOHOME.BK,EA.BK,EGCO.BK,GPSC.BK,HMPRO.BK,IRPC.BK,IVL.BK,JMT.BK,KBANK.BK,KKP.BK,KTB.BK,KTC.BK,LH.BK,MINT.BK,MTC.BK,OSP.BK,PTG.BK,PTT.BK,PTTEP.BK,PTTGC.BK,RATCH.BK,SAWAD.BK,SCC.BK,SPRC.BK,TASCO.BK,TCAP.BK,TISCO.BK,TOP.BK,TRUE.BK,TU.BK,VGI.BK,WHA.BK"
2021-01-31,0.3,50,50,"AAPL,ABBV,ADBE,AMD,AMZN,AVGO,BA,BAC,BKNG,BMY,BRK-B,C,CHTR,CMCSA,COST,CRM,CSCO,CVX,DIS,GE,GOOG,GS,HD,INTC,JNJ,JPM,KO,MA,MCD,MRK,MSFT,MU,NFLX,NKE,NOW,NVDA,ORCL,PFE,PG,PYPL,QCOM,SBUX,T,TSLA,UNH,V,VZ,WFC,WMT,XOM","ADVANC.BK,AMATA.BK,AOT.BK,AWC.BK,BAM.BK,BANPU.BK,BBL.BK,BDMS.BK,BEM.BK,BGRIM.BK,BH.BK,BJC.BK,BTS.BK,CBG.BK,CK.BK,COM7.BK,CPALL.BK,CPF.BK,CPN.BK,DOHOME.BK,EA.BK,EGCO.BK,GPSC.BK,HMPRO.BK,IRPC.BK,IVL.BK,KBANK.BK,KKP.BK,KTB.BK,KTC.BK,LH.BK,MINT.BK,MTC.BK,OSP.BK,PTG.BK,PTT.BK,PTTEP.BK,PTTGC.BK,RATCH.BK,SAWAD.BK,SCC.BK,SPRC.BK,TASCO.BK,TCAP.BK,TISCO.BK,TOP.BK,TRUE.BK,TU.BK,VGI.BK,WHA.BK"
2021-02-28,0.3,50,50,"AAL,AAPL,ABBV,ADBE,AMD,AMZN,AVGO,BA,BAC,BKNG,BMY,BRK-B,C,CHTR,CMCSA,COST,CRM,CSCO,CVX,DIS,GE,GOOG,HD,INTC,JNJ,JPM,KO,MA,MCD,MRK,MSFT,MU,NFLX,NKE,NOW,NVDA,PFE,PG,PYPL,QCOM,SBUX,T,TSLA,UAL,UNH,V,VZ,WFC,WMT,XOM","ADVANC.BK,AMATA.BK,AOT.BK,AWC.BK,BAM.BK,BANPU.BK,BBL.BK,BDMS.BK,BEM.BK,BGRIM.BK,BH.BK,BJC.BK,BTS.BK,CBG.BK,CK.BK,COM7.BK,CPALL.BK,CPF.BK,CPN.BK,DOHOME.BK,EA.BK,EGCO.BK,GPSC.BK,HMPRO.BK,IRPC.BK,IVL.BK,KBANK.BK,KKP.BK,KTB.BK,KTC.BK,LH.BK,MINT.BK,MTC.BK,OSP.BK,PTG.BK,PTT.BK,PTTEP.BK,PTTGC.BK,RATCH.BK,SAWAD.BK,SCC.BK,SPRC.BK,TASCO.BK,TCAP.BK,TISCO.BK,TOP.BK,TRUE.BK,TU.BK,VGI.BK,WHA.BK"
2021-03-31,0.0,50,0,"AAL,AAPL,ABBV,ADBE,AMD,AMZN,AVGO,BA,BAC,BKNG,BMY,BRK-B,C,CHTR,CMCSA,COST,CRM,CSCO,CVX,DIS,GE,GOOG,GS,HD,INTC,JNJ,JPM,KO,MA,MCD,MRK,MSFT,MU,NFLX,NKE,NOW,NVDA,PFE,PG,PYPL,QCOM,T,TSLA,UAL,UNH,V,VZ,WFC,WMT,XOM",
2021-04-30,0.0,50,0,"AAL,AAPL,ABBV,ADBE,AMD,AMZN,AVGO,BA,BAC,BKNG,BRK-B,C,CHTR,CMCSA,COST,CRM,CSCO,CVX,DIS,GE,GOOG,GS,HD,INTC,JNJ,JPM,KO,MA,MCD,MRK,MSFT,MU,NFLX,NKE,NOW,NVDA,PFE,PG,PYPL,QCOM,T,TMO,TSLA,UAL,UNH,V,VZ,WFC,WMT,XOM",
2021-05-31,0.0,50,0,"AAL,AAPL,ABBV,ADBE,AMD,AMZN,AVGO,BA,BAC,BKNG,BRK-B,C,CHTR,CMCSA,COST,CRM,CSCO,CVX,DIS,GE,GOOG,GS,HD,INTC,JNJ,JPM,KO,LRCX,MA,MRK,MSFT,MU,NFLX,NKE,NOW,NVDA,PFE,PG,PYPL,QCOM,T,TMO,TSLA,UAL,UNH,V,VZ,WFC,WMT,XOM",
2021-06-30,0.0,50,0,"AAL,AAPL,ADBE,AMD,AMZN,AVGO,BA,BAC,BKNG,BRK-B,C,CCL,CMCSA,COST,CRM,CSCO,CVX,DIS,GE,GOOG,GS,HD,INTC,JNJ,JPM,KO,LOW,LRCX,MA,MRK,MSFT,MU,NFLX,NKE,NOW,NVDA,PFE,PG,PYPL,QCOM,T,TMO,TSLA,UAL,UNH,V,VZ,WFC,WMT,XOM",
2021-07-31,0.0,50,0,"AAL,AAPL,ADBE,AMD,AMZN,AVGO,BA,BAC,BKNG,BRK-B,C,CCL,CMCSA,COST,CRM,CSCO,CVX,DIS,GE,GOOG,GS,HD,INTC,JNJ,JPM,KO,LRCX,MA,MRK,MRNA,MSFT,MU,NFLX,NKE,NOW,NVDA,PFE,PG,PYPL,QCOM,T,TMO,TSLA,UAL,UNH,V,VZ,WFC,WMT,XOM",
2021-08-31,0.0,50,0,"AAL,AAPL,ADBE,AMD,AMZN,AVGO,BA,BAC,BKNG,BRK-B,C,CCL,CMCSA,COST,CRM,CSCO,CVX,DIS,GE,GOOG,GS,HD,INTC,JNJ,JPM,KO,LRCX,MA,MRK,MRNA,MSFT,MU,NFLX,NKE,NOW,NVDA,PFE,PG,PYPL,QCOM,T,TMO,TSLA,UAL,UNH,V,VZ,WFC,WMT,XOM",
2021-09-30,0.3,50,50,"AAL,AAPL,ADBE,AMD,AMZN,BA,BAC,BKNG,BRK-B,C,CCL,CMCSA,COST,CRM,CSCO,CVX,DIS,GE,GOOG,GS,HD,INTC,JNJ,JPM,KO,LRCX,MA,MRK,MRNA,MSFT,MU,NFLX,NKE,NOW,NVDA,ORCL,PFE,PG,PYPL,QCOM,T,TMO,TSLA,UAL,UNH,V,VZ,WFC,WMT,XOM","ADVANC.BK,AOT.BK,BAM.BK,BANPU.BK,BBL.BK,BDMS.BK,BEM.BK,BGRIM.BK,BTS.BK,CBG.BK,COM7.BK,CPALL.BK,CPF.BK,CPN.BK,CRC.BK,DELTA.BK,EA.BK,EGCO.BK,GLOBAL.BK,GPSC.BK,HANA.BK,HMPRO.BK,IRPC.BK,IVL.BK,JMART.BK,JMT.BK,KBANK.BK,KCE.BK,KTB.BK,KTC.BK,LH.BK,MINT.BK,MTC.BK,OSP.BK,PTG.BK,PTT.BK,PTTEP.BK,PTTGC.BK,RATCH.BK,SAWAD.BK,SCC.BK,STA.BK,STGT.BK,SUPER.BK,TISCO.BK,TOP.BK,TRUE.BK,TTB.BK,TU.BK,WHA.BK"
2021-10-31,0.0,50,0,"AAL,AAPL,ADBE,AMD,AMZN,BA,BAC,BKNG,BRK-B,C,CCL,CMCSA,COST,CRM,CSCO,CVX,DIS,GE,GOOG,GS,HD,INTC,JNJ,JPM,KO,LRCX,MA,MRK,MRNA,MSFT,MU,NFLX,NKE,NOW,NVDA,ORCL,PFE,PG,PYPL,QCOM,T,TMO,TSLA,UAL,UNH,V,VZ,WFC,WMT,XOM",
2021-11-30,0.0,50,0,"AAL,AAPL,ADBE,AMAT,AMD,AMZN,AVGO,BA,BAC,BKNG,BRK-B,C,CCL,CMCSA,COST,CRM,CSCO,CVX,DIS,GE,GM,GOOG,GS,HD,INTC,JNJ,JPM,LRCX,MA,MRK,MRNA,MSFT,MU,NFLX,NKE,NVDA,PFE,PG,PYPL,QCOM,T,TMO,TSLA,UAL,UNH,V,VZ,WFC,WMT,XOM",
2021-12-31,0.0,50,0,"AAL,AAPL,ADBE,AMAT,AMD,AMZN,AVGO,BA,BAC,BKNG,BRK-B,C,CCL,CMCSA,COST,CRM,CSCO,CVX,DIS,GE,GM,GOOG,GS,HD,INTC,JNJ,JPM,KO,LRCX,MA,MRK,MRNA,MSFT,MU,NFLX,NKE,NVDA,PFE,PG,PYPL,QCOM,T,TMO,TSLA,UNH,V,VZ,WFC,WMT,XOM",
2022-01-31,0.3,50,50,"AAL,AAPL,ADBE,AMAT,AMD,AMZN,AVGO,BA,BAC,BKNG,BRK-B,C,CCL,CMCSA,COST,CRM,CSCO,CVX,DIS,GE,GM,GOOG,GS,HD,INTC,JNJ,JPM,KO,LRCX,MA,MRK,MRNA,MSFT,MU,NFLX,NKE,NVDA,PFE,PG,PYPL,QCOM,T,TMO,TSLA,UNH,V,VZ,WFC,WMT,XOM","ADVANC.BK,AOT.BK,AWC.BK,BAM.BK,BANPU.BK,BBL.BK,BDMS.BK,BEM.BK,BGRIM.BK,BTS.BK,CBG.BK,COM7.BK,CPALL.BK,CPF.BK,CPN.BK,CRC.BK,DOHOME.BK,EA.BK,EGCO.BK,GLOBAL.BK,GPSC.BK,HANA.BK,HMPRO.BK,IRPC.BK,IVL.BK,JMART.BK,JMT.BK,KBANK.BK,KCE.BK,KTB.BK,KTC.BK,LH.BK,MINT.BK,MTC.BK,OSP.BK,PTG.BK,PTT.BK,PTTEP.BK,PTTGC.BK,SAWAD.BK,SCC.BK,SCGP.BK,STA.BK,STGT.BK,TISCO.BK,TOP.BK,TRUE.BK,TTB.BK,TU.BK,WHA.BK"
2022-02-28,0.3,50,50,"AAL,AAPL,ADBE,AMAT,AMD,AMZN,AVGO,BA,BAC,BKNG,BRK-B,C,CCL,CMCSA,COST,CRM,CSCO,CVX,DIS,GE,GM,GOOG,GS,HD,INTC,JNJ,JPM,KO,LRCX,MA,MRK,MRNA,MSFT,MU,NFLX,NKE,NVDA,PFE,PG,PYPL,QCOM,T,TMO,TSLA,UNH,V,VZ,WFC,WMT,XOM","ADVANC.BK,AOT.BK,AWC.BK,BAM.BK,BANPU.BK,BBL.BK,BDMS.BK,BEM.BK,BGRIM.BK,BTS.BK,CBG.BK,COM7.BK,CPALL.BK,CPF.BK,CPN.BK,CRC.BK,EA.BK,EGCO.BK,GLOBAL.BK,GPSC.BK,HANA.BK,HMPRO.BK,IRPC.BK,IVL.BK,JMART.BK,JMT.BK,KBANK.BK,KCE.BK,KTB.BK,KTC.BK,LH.BK,MINT.BK,MTC.BK,OR.BK,OSP.BK,PTG.BK,PTT.BK,PTTEP.BK,PTTGC.BK,SAWAD.BK,SCC.BK,SCGP.BK,STA.BK,STGT.BK,TISCO.BK,TOP.BK,TRUE.BK,TTB.BK,TU.BK,WHA.BK"
2022-03-31,0.3,50,50,"AAL,AAPL,ADBE,AMAT,AMD,AMZN,AVGO,BA,BAC,BKNG,BRK-B,C,CCL,CMCSA,COST,CRM,CSCO,CVX,DIS,GE,GM,GOOG,GS,HD,INTC,JNJ,JPM,LRCX,MA,MRK,MRNA,MS,MSFT,MU,NFLX,NKE,NVDA,PFE,PG,PYPL,QCOM,T,TMO,TSLA,UNH,V,VZ,WFC,WMT,XOM","ADVANC.BK,AOT.BK,BAM.BK,BANPU.BK,BBL.BK,BCH.BK,BDMS.BK,BEM.BK,BGRIM.BK,BTS.BK,CBG.BK,COM7.BK,CPALL.BK,CPF.BK,CPN.BK,CRC.BK,EA.BK,EGCO.BK,GLOBAL.BK,GPSC.BK,GUNKUL.BK,HANA.BK,HMPRO.BK,IRPC.BK,IVL.BK,JMART.BK,JMT.BK,KBANK.BK,KCE.BK,KTB.BK,KTC.BK,LH.BK,MINT.BK,MTC.BK,OR.BK,OSP.BK,PTT.BK,PTTEP.BK,PTTGC.BK,SAWAD.BK,SCC.BK,SCGP.BK,STA.BK,STGT.BK,TISCO.BK,TOP.BK,TRUE.BK,TTA.BK,TTB.BK,TU.BK"
2022-04-30,0.0,50,0,"AAPL,ADBE,AMAT,AMD,AMZN,AVGO,BA,BAC,BKNG,BRK-B,C,CCL,CMCSA,COST,CRM,CSCO,CVX,DIS,GE,GM,GOOG,GS,HD,INTC,JNJ,JPM,KO,LRCX,MA,MRK,MRNA,MS,MSFT,MU,NFLX,NKE,NVDA,PFE,PG,PYPL,QCOM,T,TMO,TSLA,UNH,V,VZ,WFC,WMT,XOM",
2022-05-31,0.3,50,50,"AAPL,ADBE,AMAT,AMD,AMZN,AVGO,BA,BAC,BKNG,BRK-B,C,CCL,CMCSA,COST,CRM,CSCO,CVX,DIS,F,GM,GOOG,GS,HD,INTC,JNJ,JPM,KO,LRCX,MA,MRK,MRNA,MS,MSFT,MU,NFLX,NKE,NVDA,PFE,PG,PYPL,QCOM,T,TMO,TSLA,UNH,V,VZ,WFC,WMT,XOM","ADVANC.BK,AOT.BK,BAM.BK,BANPU.BK,BBL.BK,BCH.BK,BDMS.BK,BEM.BK,BGRIM.BK,BTS.BK,CBG.BK,COM7.BK,CPALL.BK,CPF.BK,CPN.BK,CRC.BK,EA.BK,GLOBAL.BK,GPSC.BK,GUNKUL.BK,HANA.BK,HMPRO.BK,IRPC.BK,IVL.BK,JMART.BK,JMT.BK,KBANK.BK,KCE.BK,KTB.BK,KTC.BK,LH.BK,MINT.BK,MTC.BK,OR.BK,OSP.BK,PTT.BK,PTTEP.BK,PTTGC.BK,RCL.BK,SAWAD.BK,SCC.BK,SCGP.BK,STA.BK,STGT.BK,TISCO.BK,TOP.BK,TRUE.BK,TTA.BK,TTB.BK,TU.BK"
2022-06-30,0.3,50,50,"AAPL,ADBE,AMAT,AMD,AMZN,AVGO,BA,BAC,BKNG,BRK-B,C,CCL,CMCSA,COST,CRM,CSCO,CVX,DIS,GM,GOOG,GS,HD,INTC,JNJ,JPM,KO,LRCX,MA,META,MRK,MRNA,MSFT,MU,NFLX,NKE,NVDA,PFE,PG,PYPL,QCOM,T,TMO,TSLA,TXN,UNH,V,VZ,WFC,WMT,XOM","ADVANC.BK,AOT.BK,BAM.BK,BANPU.BK,BBL.BK,BCH.BK,BDMS.BK,BEM.BK,BGRIM.BK,BTS.BK,CBG.BK,COM7.BK,CPALL.BK,CPF.BK,CPN.BK,CRC.BK,EA.BK,GLOBAL.BK,GPSC.BK,GUNKUL.BK,HANA.BK,HMPRO.BK,IRPC.BK,IVL.BK,JMART.BK,JMT.BK,KBANK.BK,KCE.BK,KTB.BK,KTC.BK,LH.BK,MINT.BK,MTC.BK,OR.BK,OSP.BK,PTT.BK,PTTEP.BK,PTTGC.BK,RCL.BK,SAWAD.BK,SCC.BK,SCGP.BK,SPRC.BK,STGT.BK,TISCO.BK,TOP.BK,TRUE.BK,TTA.BK,TTB.BK,TU.BK"
2022-07-31,0.0,50,0,"AAPL,ADBE,AMAT,AMD,AMZN,AVGO,BA,BAC,BKNG,BRK-B,C,CCL,CMCSA,COST,CRM,CSCO,CVX,DIS,GM,GOOG,GS,HD,INTC,JNJ,JPM,KO,LRCX,MA,META,MRK,MRNA,MSFT,MU,NFLX,NKE,NVDA,PFE,PG,PYPL,QCOM,T,TMO,TSLA,TXN,UNH,V,VZ,WFC,WMT,XOM",
2022-08-31,0.0,50,0,"AAPL,ADBE,AMAT,AMD,AMZN,AVGO,BA,BAC,BKNG,BRK-B,C,CMCSA,COST,CRM,CSCO,CVX,DIS,F,GM,GOOG,GS,HD,INTC,JNJ,JPM,KO,LRCX,MA,META,MRK,MRNA,MSFT,MU,NFLX,NKE,NVDA,PFE,PG,PYPL,QCOM,T,TMO,TSLA,TXN,UNH,V,VZ,WFC,WMT,XOM",
2022-09-30,0.3,50,50,"AAPL,ADBE,AMAT,AMD,AMZN,AVGO,BA,BAC,BKNG,BRK-B,C,CMCSA,COST,CRM,CSCO,CVX,DIS,F,GM,GOOG,GS,HD,INTC,JNJ,JPM,KO,LLY,MA,META,MRK,MRNA,MSFT,MU,NFLX,NKE,NVDA,PFE,PG,PYPL,QCOM,T,TMO,TSLA,TXN,UNH,V,VZ,WFC,WMT,XOM","ADVANC.BK,AOT.BK,BAM.BK,BANPU.BK,BBL.BK,BCH.BK,BDMS.BK,BEM.BK,BGRIM.BK,BH.BK,BTS.BK,CBG.BK,COM7.BK,CPALL.BK,CPF.BK,CPN.BK,CRC.BK,EA.BK,GLOBAL.BK,GPSC.BK,GUNKUL.BK,HANA.BK,HMPRO.BK,IRPC.BK,IVL.BK,JMART.BK,JMT.BK,KBANK.BK,KCE.BK,KTB.BK,KTC.BK,LH.BK,MINT.BK,MTC.BK,OR.BK,OSP.BK,PSL.BK,PTT.BK,PTTEP.BK,PTTGC.BK,SAWAD.BK,SCC.BK,SCGP.BK,SPRC.BK,STGT.BK,TISCO.BK,TOP.BK,TRUE.BK,TTB.BK,TU.BK"
2022-10-31,0.3,50,50,"AAPL,ADBE,AMAT,AMD,AMZN,AVGO,BA,BAC,BKNG,BRK-B,C,CMCSA,COST,CRM,CSCO,CVX,DIS,F,GM,GOOG,GS,HD,INTC,JNJ,JPM,KO,LLY,MA,META,MRK,MRNA,MSFT,MU,NFLX,NKE,NVDA,PFE,PG,PYPL,QCOM,T,TMO,TSLA,TXN,UNH,V,VZ,WFC,WMT,XOM","ADVANC.BK,AOT.BK,BAM.BK,BANPU.BK,BBL.BK,BCH.BK,BDMS.BK,BEM.BK,BGRIM.BK,BH.BK,BTS.BK,CBG.BK,COM7.BK,CPALL.BK,CPF.BK,CPN.BK,CRC.BK,EA.BK,GLOBAL.BK,GPSC.BK,GUNKUL.BK,HANA.BK,HMPRO.BK,IRPC.BK,IVL.BK,JMART.BK,JMT.BK,KBANK.BK,KCE.BK,KTB.BK,KTC.BK,LH.BK,MINT.BK,MTC.BK,OR.BK,OSP.BK,PSL.BK,PTT.BK,PTTEP.BK,PTTGC.BK,SAWAD.BK,SCC.BK,SCGP.BK,SPRC.BK,STGT.BK,TISCO.BK,TOP.BK,TRUE.BK,TTB.BK,TU.BK"
2022-11-30,0.0,50,0,"AAPL,ADBE,AMAT,AMD,AMZN,AVGO,BA,BAC,BKNG,BRK-B,C,CMCSA,COST,CRM,CSCO,CVX,DIS,F,GOOG,GS,HD,INTC,INTU,JNJ,JPM,KO,LLY,MA,META,MRK,MRNA,MSFT,MU,NFLX,NKE,NVDA,PFE,PG,PYPL,QCOM,T,TMO,TSLA,TXN,UNH,V,VZ,WFC,WMT,XOM",
2022-12-31,0.3,50,50,"AAPL,ABBV,ADBE,AMAT,AMD,AMZN,AVGO,BA,BAC,BKNG,BRK-B,C,CMCSA,COST,CRM,CSCO,CVX,DIS,GOOG,GS,HD,INTC,INTU,JNJ,JPM,KO,LLY,MA,META,MRK,MRNA,MSFT,MU,NFLX,NKE,NVDA,PFE,PG,PYPL,QCOM,T,TMO,TSLA,TXN,UNH,V,VZ,WFC,WMT,XOM","ADVANC.BK,AOT.BK,AWC.BK,BAM.BK,BANPU.BK,BBL.BK,BCH.BK,BDMS.BK,BEM.BK,BGRIM.BK,BH.BK,BTS.BK,CBG.BK,COM7.BK,CPALL.BK,CPF.BK,CPN.BK,CRC.BK,EA.BK,GLOBAL.BK,GPSC.BK,GUNKUL.BK,HANA.BK,HMPRO.BK,IRPC.BK,IVL.BK,JMART.BK,JMT.BK,KBANK.BK,KCE.BK,KKP.BK,KTB.BK,KTC.BK,LH.BK,MINT.BK,MTC.BK,OR.BK,OSP.BK,PTT.BK,PTTEP.BK,PTTGC.BK,SAWAD.BK,SCC.BK,SCGP.BK,SPRC.BK,TISCO.BK,TOP.BK,TRUE.BK,TTB.BK,TU.BK"
2023-01-31,0.3,50,50,"AAPL,ABBV,ADBE,AMAT,AMD,AMZN,AVGO,BA,BAC,BKNG,BRK-B,C,CMCSA,COST,CRM,CSCO,CVX,DIS,GOOG,GS,HD,INTC,JNJ,JPM,KO,LLY,MA,META,MRK,MRNA,MSFT,MU,NFLX,NKE,NVDA,OXY,PFE,PG,PYPL,QCOM,T,TMO,TSLA,TXN,UNH,V,VZ,WFC,WMT,XOM","ADVANC.BK,AOT.BK,AWC.BK,BAM.BK,BANPU.BK,BBL.BK,BCH.BK,BDMS.BK,BEM.BK,BGRIM.BK,BH.BK,BTS.BK,CBG.BK,COM7.BK,CPALL.BK,CPF.BK,CPN.BK,CRC.BK,DELTA.BK,EA.BK,GLOBAL.BK,GPSC.BK,GUNKUL.BK,HANA.BK,HMPRO.BK,IRPC.BK,IVL.BK,JMART.BK,JMT.BK,KBANK.BK,KKP.BK,KTB.BK,KTC.BK,LH.BK,MINT.BK,MTC.BK,OR.BK,OSP.BK,PTT.BK,PTTEP.BK,PTTGC.BK,SAWAD.BK,SCC.BK,SCGP.BK,SPRC.BK,TISCO.BK,TOP.BK,TRUE.BK,TTB.BK,TU.BK"
2023-02-28,0.0,50,0,"AAPL,ABBV,ADBE,AMAT,AMD,AMZN,AVGO,BA,BAC,BKNG,BRK-B,C,CMCSA,COST,CRM,CSCO,CVX,DIS,GOOG,GS,HD,INTC,JNJ,JPM,KO,LLY,MA,META,MRK,MRNA,MSFT,MU,NFLX,NKE,NVDA,OXY,PEP,PFE,PG,PYPL,QCOM,TMO,TSLA,TXN,UNH,V,VZ,WFC,WMT,XOM",
2023-03-31,0.0,50,0,"AAPL,ABBV,ADBE,AMAT,AMD,AMZN,AVGO,BA,BAC,BKNG,BRK-B,C,CMCSA,COST,CRM,CSCO,CVX,DIS,GOOG,GS,HD,INTC,JNJ,JPM,KO,LLY,MA,META,MRK,MRNA,MSFT,MU,NFLX,NKE,NVDA,OXY,PEP,PFE,PG,PYPL,QCOM,TMO,TSLA,TXN,UNH,V,VZ,WFC,WMT,XOM",
2023-04-30,0.0,50,0,"AAPL,ABBV,ADBE,AMAT,AMD,AMZN,AVGO,BA,BAC,BKNG,BRK-B,C,CMCSA,COST,CRM,CSCO,CVX,DIS,GOOG,GS,HD,INTC,JNJ,JPM,KO,LLY,MA,META,MRK,MRNA,MSFT,MU,NFLX,NKE,NVDA,OXY,PEP,PFE,PG,PYPL,QCOM,TMO,TSLA,TXN,UNH,V,VZ,WFC,WMT,XOM",
2023-05-31,0.0,50,0,"AAPL,ABBV,ADBE,AMAT,AMD,AMZN,AVGO,BA,BAC,BKNG,BRK-B,C,CMCSA,COST,CRM,CSCO,CVX,DIS,GOOG,GS,HD,INTC,JNJ,JPM,KO,LLY,MA,META,MRK,MSFT,MU,NFLX,NKE,NOW,NVDA,OXY,PEP,PFE,PG,PYPL,QCOM,TMO,TSLA,TXN,UNH,V,VZ,WFC,WMT,XOM",
2023-06-30,0.0,50,0,"AAPL,ABBV,ADBE,AMAT,AMD,AMZN,AVGO,BA,BAC,BKNG,BRK-B,C,CMCSA,COST,CRM,CSCO,CVX,DIS,GOOG,GS,HD,INTC,JNJ,JPM,KO,LLY,MA,META,MRK,MSFT,MU,NFLX,NKE,NVDA,OXY,PANW,PEP,PFE,PG,PYPL,QCOM,TMO,TSLA,TXN,UNH,V,VZ,WFC,WMT,XOM",
2023-07-31,0.0,50,0,"AAPL,ABBV,ADBE,AMAT,AMD,AMZN,AVGO,BA,BAC,BKNG,BRK-B,C,CMCSA,COST,CRM,CSCO,CVX,DIS,GOOG,GS,HD,INTC,JNJ,JPM,KO,LLY,MA,META,MRK,MSFT,MU,NFLX,NKE,NVDA,OXY,PANW,PEP,PFE,PG,PYPL,QCOM,TMO,TSLA,TXN,UNH,V,VZ,WFC,WMT,XOM",
2023-08-31,0.3,50,50,"AAPL,ABBV,ADBE,AMAT,AMD,AMZN,AVGO,BA,BAC,BKNG,BRK-B,C,CMCSA,COST,CRM,CSCO,CVX,DIS,GOOG,GS,HD,INTC,JNJ,JPM,KO,LLY,MA,META,MRK,MSFT,MU,NFLX,NKE,NVDA,OXY,PANW,PEP,PFE,PG,PYPL,QCOM,TMO,TSLA,TXN,UNH,V,VZ,WFC,WMT,XOM","ADVANC.BK,AOT.BK,AWC.BK,BANPU.BK,BBL.BK,BCH.BK,BCP.BK,BDMS.BK,BEM.BK,BGRIM.BK,BH.BK,BTS.BK,CBG.BK,COM7.BK,CPALL.BK,CPF.BK,CPN.BK,CRC.BK,DELTA.BK,EA.BK,GLOBAL.BK,GPSC.BK,HANA.BK,HMPRO.BK,IVL.BK,JMART.BK,JMT.BK,KBANK.BK,KKP.BK,KTB.BK,KTC.BK,LH.BK,MINT.BK,MTC.BK,OR.BK,OSP.BK,PTT.BK,PTTEP.BK,PTTGC.BK,SAWAD.BK,SCB.BK,SCC.BK,SCGP.BK,SPRC.BK,TISCO.BK,TOP.BK,TRUE.BK,TTB.BK,TU.BK,WHA.BK"
2023-09-30,0.3,50,50,"AAPL,ABBV,ADBE,AMAT,AMD,AMZN,AVGO,BA,BAC,BKNG,BRK-B,C,CMCSA,COST,CRM,CSCO,CVX,DIS,GOOG,HD,INTC,INTU,JNJ,JPM,KO,LLY,MA,META,MRK,MSFT,MU,NFLX,NKE,NVDA,OXY,PANW,PEP,PFE,PG,PYPL,QCOM,TMO,TSLA,TXN,UNH,V,VZ,WFC,WMT,XOM","ADVANC.BK,AOT.BK,AWC.BK,BANPU.BK,BBL.BK,BCH.BK,BCP.BK,BDMS.BK,BEM.BK,BGRIM.BK,BH.BK,BTS.BK,CBG.BK,COM7.BK,CPALL.BK,CPF.BK,CPN.BK,CRC.BK,DELTA.BK,EA.BK,GLOBAL.BK,GPSC.BK,HANA.BK,HMPRO.BK,IVL.BK,JMART.BK,JMT.BK,KBANK.BK,KKP.BK,KTB.BK,KTC.BK,LH.BK,MINT.BK,MTC.BK,OR.BK,OSP.BK,PTT.BK,PTTEP.BK,PTTGC.BK,SAWAD.BK,SCB.BK,SCC.BK,SCGP.BK,SPRC.BK,TISCO.BK,TOP.BK,TRUE.BK,TTB.BK,TU.BK,WHA.BK"
2023-10-31,0.0,50,0,"AAPL,ABBV,ADBE,AMAT,AMD,AMZN,AVGO,BA,BAC,BKNG,BRK-B,C,CMCSA,COST,CRM,CSCO,CVX,DIS,GOOG,HD,INTC,JNJ,JPM,KO,LLY,MA,MCD,META,MRK,MSFT,MU,NFLX,NKE,NVDA,OXY,PANW,PEP,PFE,PG,PYPL,QCOM,TMO,TSLA,TXN,UBER,UNH,V,WFC,WMT,XOM",
2023-11-30,0.0,50,0,"AAPL,ABBV,ADBE,AMAT,AMD,AMZN,AVGO,BA,BAC,BKNG,BRK-B,C,CMCSA,COST,CRM,CSCO,CVX,DIS,GOOG,HD,INTC,INTU,JNJ,JPM,KO,LLY,MA,MCD,META,MRK,MSFT,MU,NFLX,NKE,NVDA,PANW,PEP,PFE,PG,PYPL,QCOM,TMO,TSLA,TXN,UBER,UNH,V,WFC,WMT,XOM",
2023-12-31,0.0,50,0,"AAPL,ABBV,ADBE,AMAT,AMD,AMZN,AVGO,BA,BAC,BKNG,BRK-B,C,CMCSA,COST,CRM,CSCO,CVX,DIS,GOOG,HD,INTC,INTU,JNJ,JPM,KO,LLY,MA,MCD,META,MRK,MSFT,MU,NFLX,NKE,NVDA,PANW,PEP,PFE,PG,PYPL,QCOM,TMO,TSLA,TXN,UBER,UNH,V,WFC,WMT,XOM",
2024-01-31,0.0,50,0,"AAPL,ABBV,ADBE,AMAT,AMD,AMZN,AVGO,BA,BAC,BKNG,BRK-B,C,CMCSA,COST,CRM,CSCO,CVX,DIS,GOOG,HD,INTC,JNJ,JPM,KO,LLY,MA,MCD,META,MRK,MSFT,MU,NFLX,NKE,NVDA,ORCL,PANW,PEP,PFE,PG,PYPL,QCOM,TMO,TSLA,TXN,UBER,UNH,V,WFC,WMT,XOM",
2024-02-29,0.0,50,0,"AAPL,ABBV,ADBE,AMAT,AMD,AMZN,AVGO,BA,BAC,BKNG,BRK-B,C,CMCSA,COST,CRM,CSCO,CVX,DIS,GOOG,HD,INTC,JNJ,JPM,KO,LLY,MA,MCD,META,MRK,MSFT,MU,NFLX,NKE,NVDA,ORCL,PANW,PEP,PFE,PG,PYPL,QCOM,TMO,TSLA,TXN,UBER,UNH,V,WFC,WMT,XOM",
2024-03-31,0.0,50,0,"AAPL,ABBV,ADBE,AMAT,AMD,AMZN,AVGO,BA,BAC,BKNG,BRK-B,C,CMCSA,COST,CRM,CSCO,CVX,DIS,GOOG,HD,INTC,JNJ,JPM,KO,LLY,MA,MCD,META,MRK,MSFT,MU,NFLX,NKE,NVDA,ORCL,PANW,PEP,PFE,PG,PYPL,QCOM,TMO,TSLA,TXN,UBER,UNH,V,WFC,WMT,XOM",
2024-04-30,0.0,50,0,"AAPL,ABBV,ADBE,AMAT,AMD,AMZN,AVGO,BA,BAC,BKNG,BRK-B,C,CMCSA,COST,CRM,CSCO,CVX,DIS,GOOG,HD,INTC,JNJ,JPM,KO,LLY,MA,MCD,META,MRK,MSFT,MU,NFLX,NKE,NVDA,ORCL,PANW,PEP,PFE,PG,PYPL,QCOM,TMO,TSLA,TXN,UBER,UNH,V,WFC,WMT,XOM",
2024-05-31,0.3,50,50,"AAPL,ADBE,AMAT,AMD,AMZN,AVGO,BA,BAC,BKNG,BRK-B,C,CMCSA,COST,CRM,CSCO,CVX,DIS,GOOG,HD,INTC,INTU,JNJ,JPM,KO,LLY,MA,MCD,META,MRK,MSFT,MU,NFLX,NKE,NVDA,ORCL,PANW,PEP,PFE,PG,PYPL,QCOM,TMO,TSLA,TXN,UBER,UNH,V,WFC,WMT,XOM","ADVANC.BK,AOT.BK,AWC.BK,BANPU.BK,BBL.BK,BCH.BK,BCP.BK,BDMS.BK,BEM.BK,BGRIM.BK,BH.BK,BTS.BK,CBG.BK,COM7.BK,CPALL.BK,CPF.BK,CPN.BK,CRC.BK,DELTA.BK,EA.BK,GLOBAL.BK,GPSC.BK,HANA.BK,HMPRO.BK,IVL.BK,JMART.BK,JMT.BK,KBANK.BK,KCE.BK,KTB.BK,KTC.BK,LH.BK,MINT.BK,MTC.BK,OR.BK,OSP.BK,PTT.BK,PTTEP.BK,PTTGC.BK,SAWAD.BK,SCB.BK,SCC.BK,SCGP.BK,SIRI.BK,TISCO.BK,TOP.BK,TRUE.BK,TTB.BK,TU.BK,WHA.BK"
2024-06-30,0.0,50,0,"AAPL,ADBE,AMAT,AMD,AMZN,AVGO,BA,BAC,BKNG,BRK-B,C,CMCSA,COST,CRM,CSCO,CVX,DIS,GOOG,HD,INTC,INTU,JNJ,JPM,KO,LLY,MA,MCD,META,MRK,MSFT,MU,NFLX,NKE,NVDA,ORCL,PANW,PEP,PFE,PG,PYPL,QCOM,TMO,TSLA,TXN,UBER,UNH,V,WFC,WMT,XOM",
2024-07-31,0.0,50,0,"AAPL,ADBE,AMAT,AMD,AMZN,AVGO,BA,BAC,BKNG,BRK-B,C,COST,CRM,CSCO,CVX,DIS,GOOG,HD,INTC,INTU,JNJ,JPM,KO,LLY,MA,MCD,META,MRK,MSFT,MU,NFLX,NKE,NVDA,ORCL,PANW,PEP,PFE,PG,PYPL,QCOM,SMCI,TMO,TSLA,TXN,UBER,UNH,V,WFC,WMT,XOM",
2024-08-31,0.3,50,50,"AAPL,ADBE,AMAT,AMD,AMZN,AVGO,BA,BAC,BKNG,BRK-B,COST,CRM,CSCO,CVX,DIS,GOOG,HD,INTC,INTU,JNJ,JPM,KO,LLY,LRCX,MA,MCD,META,MRK,MSFT,MU,NFLX,NKE,NVDA,ORCL,PANW,PEP,PFE,PG,PYPL,QCOM,SMCI,TMO,TSLA,TXN,UBER,UNH,V,WFC,WMT,XOM","ADVANC.BK,AMATA.BK,AOT.BK,AWC.BK,BANPU.BK,BBL.BK,BCH.BK,BCP.BK,BDMS.BK,BEM.BK,BGRIM.BK,BH.BK,BTS.BK,CBG.BK,COM7.BK,CPALL.BK,CPF.BK,CPN.BK,CRC.BK,DELTA.BK,EA.BK,GLOBAL.BK,GPSC.BK,HANA.BK,HMPRO.BK,IVL.BK,JMART.BK,JMT.BK,KBANK.BK,KCE.BK,KTB.BK,KTC.BK,LH.BK,MINT.BK,MTC.BK,OR.BK,OSP.BK,PTT.BK,PTTEP.BK,PTTGC.BK,SAWAD.BK,SCB.BK,SCC.BK,SCGP.BK,TISCO.BK,TOP.BK,TRUE.BK,TTB.BK,TU.BK,WHA.BK"
2024-09-30,0.3,50,50,"AAPL,ADBE,AMAT,AMD,AMZN,AVGO,BA,BAC,BKNG,BRK-B,COST,CRM,CSCO,CVX,DIS,GOOG,HD,INTC,JNJ,JPM,KO,LLY,LRCX,MA,MCD,META,MRK,MSFT,MU,NFLX,NKE,NOW,NVDA,ORCL,PANW,PEP,PFE,PG,PLTR,PYPL,QCOM,SMCI,TMO,TSLA,TXN,UBER,UNH,V,WMT,XOM","ADVANC.BK,AOT.BK,AWC.BK,BANPU.BK,BBL.BK,BCH.BK,BCP.BK,BDMS.BK,BEM.BK,BGRIM.BK,BH.BK,BTS.BK,CBG.BK,COM7.BK,CPALL.BK,CPF.BK,CPN.BK,CRC.BK,DELTA.BK,EA.BK,GLOBAL.BK,GPSC.BK,HANA.BK,HMPRO.BK,IVL.BK,JMART.BK,JMT.BK,KBANK.BK,KCE.BK,KTB.BK,KTC.BK,LH.BK,MINT.BK,MTC.BK,OR.BK,OSP.BK,PTT.BK,PTTEP.BK,PTTGC.BK,SAWAD.BK,SCB.BK,SCC.BK,SCGP.BK,SPRC.BK,TISCO.BK,TOP.BK,TRUE.BK,TTB.BK,TU.BK,WHA.BK"
2024-10-31,0.3,50,50,"AAPL,ADBE,AMAT,AMD,AMZN,AVGO,BA,BAC,BKNG,BRK-B,COST,CRM,CSCO,CVX,DIS,GOOG,HD,INTC,JNJ,JPM,KO,LLY,LRCX,MA,MCD,META,MRK,MSFT,MU,NFLX,NKE,NOW,NVDA,ORCL,PANW,PEP,PFE,PG,PLTR,PYPL,QCOM,SMCI,TMO,TSLA,TXN,UBER,UNH,V,WMT,XOM","ADVANC.BK,AOT.BK,AWC.BK,BANPU.BK,BBL.BK,BCH.BK,BCP.BK,BDMS.BK,BEM.BK,BGRIM.BK,BH.BK,CBG.BK,COM7.BK,CPALL.BK,CPF.BK,CPN.BK,CRC.BK,DELTA.BK,EA.BK,GLOBAL.BK,GPSC.BK,HANA.BK,HMPRO.BK,ITC.BK,IVL.BK,JMART.BK,JMT.BK,KBANK.BK,KCE.BK,KTB.BK,KTC.BK,LH.BK,MINT.BK,MTC.BK,OR.BK,OSP.BK,PTT.BK,PTTEP.BK,PTTGC.BK,SAWAD.BK,SCB.BK,SCC.BK,SCGP.BK,SPRC.BK,TISCO.BK,TOP.BK,TRUE.BK,TTB.BK,TU.BK,WHA.BK"
2024-11-30,0.0,50,0,"AAPL,ADBE,AMAT,AMD,AMZN,AVGO,BA,BAC,BKNG,BRK-B,COST,CRM,CSCO,CVX,DIS,GOOG,HD,INTC,JNJ,JPM,KO,LLY,MA,MCD,META,MRK,MSFT,MU,NFLX,NKE,NOW,NVDA,ORCL,PANW,PEP,PFE,PG,PLTR,PYPL,QCOM,SMCI,TMO,TSLA,TXN,UBER,UNH,V,WFC,WMT,XOM",
2024-12-31,0.0,50,0,"AAPL,ADBE,AMAT,AMD,AMZN,AVGO,BA,BAC,BKNG,BRK-B,COST,CRM,CRWD,CSCO,CVX,DIS,GOOG,GS,HD,INTC,JNJ,JPM,KO,LLY,MA,MCD,META,MRK,MSFT,MU,NFLX,NKE,NOW,NVDA,ORCL,PANW,PEP,PFE,PG,PLTR,QCOM,SMCI,TSLA,TXN,UBER,UNH,V,WFC,WMT,XOM",
2025-01-31,0.3,50,50,"AAPL,ADBE,AMAT,AMD,AMZN,AVGO,BA,BAC,BKNG,BRK-B,COST,CRM,CRWD,CSCO,CVX,DIS,GOOG,GS,HD,INTC,JNJ,JPM,KO,LLY,MA,MCD,META,MRK,MSFT,MU,NFLX,NKE,NOW,NVDA,ORCL,PANW,PEP,PFE,PG,PLTR,QCOM,SMCI,TSLA,TXN,UBER,UNH,V,WFC,WMT,XOM","ADVANC.BK,AMATA.BK,AOT.BK,AWC.BK,BANPU.BK,BBL.BK,BCH.BK,BCP.BK,BDMS.BK,BEM.BK,BGRIM.BK,BH.BK,BTS.BK,CBG.BK,COM7.BK,CPALL.BK,CPF.BK,CPN.BK,CRC.BK,DELTA.BK,EA.BK,GLOBAL.BK,GPSC.BK,HANA.BK,HMPRO.BK,ITC.BK,IVL.BK,JMT.BK,KBANK.BK,KCE.BK,KTB.BK,KTC.BK,LH.BK,MINT.BK,MTC.BK,OR.BK,OSP.BK,PTT.BK,PTTEP.BK,PTTGC.BK,SAWAD.BK,SCB.BK,SCC.BK,SCGP.BK,SPRC.BK,TISCO.BK,TOP.BK,TRUE.BK,TTB.BK,TU.BK"
2025-02-28,0.0,50,0,"AAPL,ADBE,AMAT,AMD,AMZN,AVGO,BA,BAC,BKNG,BRK-B,COST,CRM,CRWD,CSCO,CVX,DIS,GOOG,GS,HD,INTC,JNJ,JPM,LLY,MA,MCD,META,MRK,MSFT,MU,NFLX,NKE,NOW,NVDA,ORCL,PANW,PEP,PFE,PG,PLTR,QCOM,SMCI,TMO,TSLA,TXN,UBER,UNH,V,WFC,WMT,XOM",
2025-03-31,0.0,50,0,"AAPL,ABBV,ADBE,AMAT,AMD,AMZN,AVGO,BA,BAC,BKNG,BRK-B,COST,CRM,CRWD,CSCO,CVX,DIS,GOOG,GS,HD,INTC,JNJ,JPM,KO,LLY,MA,META,MRK,MSFT,MU,NFLX,NKE,NOW,NVDA,ORCL,PANW,PEP,PFE,PG,PLTR,QCOM,SMCI,TSLA,TXN,UBER,UNH,V,WFC,WMT,XOM",
2025-04-30,0.3,50,50,"AAPL,ABBV,ADBE,AMAT,AMD,AMZN,AVGO,BA,BAC,BKNG,BRK-B,COST,CRM,CRWD,CSCO,CVX,DIS,GOOG,GS,HD,INTC,JNJ,JPM,KO,LLY,MA,META,MRK,MSFT,MU,NFLX,NKE,NOW,NVDA,ORCL,PANW,PEP,PFE,PG,PLTR,QCOM,SMCI,TSLA,TXN,UBER,UNH,V,WFC,WMT,XOM","ADVANC.BK,AMATA.BK,AOT.BK,AWC.BK,BANPU.BK,BBL.BK,BCH.BK,BCP.BK,BDMS.BK,BEM.BK,BGRIM.BK,BH.BK,BTS.BK,CBG.BK,COM7.BK,CPALL.BK,CPF.BK,CPN.BK,CRC.BK,DELTA.BK,EA.BK,GLOBAL.BK,GPSC.BK,HANA.BK,HMPRO.BK,ITC.BK,IVL.BK,JMT.BK,KBANK.BK,KCE.BK,KTB.BK,KTC.BK,LH.BK,MINT.BK,MTC.BK,OR.BK,OSP.BK,PTT.BK,PTTEP.BK,PTTGC.BK,SAWAD.BK,SCB.BK,SCC.BK,SCGP.BK,TISCO.BK,TOP.BK,TRUE.BK,TTB.BK,TU.BK,VGI.BK"
2025-05-31,0.3,50,50,"AAPL,ABBV,ADBE,AMAT,AMD,AMZN,AVGO,BA,BAC,BKNG,BRK-B,COIN,COST,CRM,CRWD,CSCO,CVX,DIS,GOOG,GS,HD,INTC,JNJ,JPM,KO,LLY,MA,META,MRK,MSFT,MU,NFLX,NOW,NVDA,ORCL,PANW,PEP,PFE,PG,PLTR,QCOM,SMCI,TSLA,TXN,UBER,UNH,V,WFC,WMT,XOM","ADVANC.BK,AMATA.BK,AOT.BK,AWC.BK,BANPU.BK,BBL.BK,BCP.BK,BDMS.BK,BEM.BK,BGRIM.BK,BH.BK,BTS.BK,CBG.BK,COM7.BK,CPALL.BK,CPF.BK,CPN.BK,CRC.BK,DELTA.BK,EA.BK,GLOBAL.BK,GPSC.BK,HANA.BK,HMPRO.BK,ITC.BK,IVL.BK,JMT.BK,KBANK.BK,KCE.BK,KTB.BK,KTC.BK,LH.BK,MINT.BK,MTC.BK,OR.BK,OSP.BK,PTT.BK,PTTEP.BK,PTTGC.BK,SAWAD.BK,SCB.BK,SCC.BK,SCGP.BK,TISCO.BK,TLI.BK,TOP.BK,TRUE.BK,TTB.BK,TU.BK,VGI.BK"
2025-06-30,0.0,50,0,"AAPL,ABBV,ADBE,AMAT,AMD,AMZN,AVGO,BA,BAC,BKNG,BRK-B,COIN,COST,CRM,CRWD,CSCO,CVX,DIS,GE,GOOG,GS,HD,INTC,JNJ,JPM,LLY,MA,META,MRK,MSFT,MU,NFLX,NOW,NVDA,ORCL,PANW,PEP,PFE,PG,PLTR,QCOM,SMCI,TSLA,TXN,UBER,UNH,V,WFC,WMT,XOM",
2025-07-31,0.0,50,0,"AAPL,ABBV,ACN,ADBE,AMAT,AMD,AMZN,AVGO,BA,BAC,BKNG,BRK-B,COIN,COST,CRM,CRWD,CSCO,CVX,DIS,GE,GOOG,GS,HD,INTC,JNJ,JPM,LLY,MA,META,MRK,MSFT,MU,NFLX,NOW,NVDA,ORCL,PEP,PFE,PG,PLTR,QCOM,SMCI,TSLA,TXN,UBER,UNH,V,WFC,WMT,XOM",
2025-08-31,0.3,50,50,"AAPL,ABBV,ADBE,AMAT,AMD,AMZN,AVGO,BA,BAC,BKNG,BRK-B,COIN,COST,CRM,CRWD,CSCO,CVX,DIS,GE,GOOG,GS,HD,INTC,JNJ,JPM,LLY,MA,META,MRK,MSFT,MU,NFLX,NOW,NVDA,ORCL,PEP,PFE,PG,PLTR,QCOM,SMCI,TMO,TSLA,TXN,UBER,UNH,V,WFC,WMT,XOM","ADVANC.BK,AMATA.BK,AOT.BK,AWC.BK,BANPU.BK,BBL.BK,BCP.BK,BDMS.BK,BEM.BK,BGRIM.BK,BH.BK,BTS.BK,CBG.BK,CCET.BK,COM7.BK,CPALL.BK,CPF.BK,CPN.BK,CRC.BK,DELTA.BK,EA.BK,GLOBAL.BK,GPSC.BK,HANA.BK,HMPRO.BK,ITC.BK,IVL.BK,JMT.BK,KBANK.BK,KCE.BK,KTB.BK,KTC.BK,LH.BK,MINT.BK,MTC.BK,OR.BK,OSP.BK,PTT.BK,PTTEP.BK,PTTGC.BK,SAWAD.BK,SCB.BK,SCC.BK,SCGP.BK,TISCO.BK,TOP.BK,TRUE.BK,TTB.BK,VGI.BK,WHA.BK"
2025-09-30,0.0,50,0,"AAPL,ABBV,ADBE,AMAT,AMD,AMZN,AVGO,BA,BAC,BKNG,BRK-B,COIN,COST,CRM,CRWD,CSCO,CVX,GE,GOOG,GS,HD,INTC,INTU,JNJ,JPM,KO,LLY,MA,META,MRK,MSFT,MU,NFLX,NOW,NVDA,ORCL,PEP,PFE,PG,PLTR,QCOM,SMCI,TSLA,TXN,UBER,UNH,V,WFC,WMT,XOM",
2025-10-31,0.0,50,0,"AAPL,ABBV,ADBE,AMAT,AMD,AMZN,APP,AVGO,BA,BAC,BKNG,BRK-B,C,COIN,COST,CRM,CRWD,CSCO,CVX,GOOG,GS,HD,INTC,INTU,JNJ,JPM,KO,LLY,MA,META,MRK,MSFT,MU,NFLX,NOW,NVDA,ORCL,PEP,PG,PLTR,QCOM,SMCI,TSLA,TXN,UBER,UNH,V,WFC,WMT,XOM",
2025-11-30,0.3,50,50,"AAPL,ABBV,ADBE,AMAT,AMD,AMZN,APP,AVGO,BA,BAC,BKNG,BRK-B,COIN,COST,CRM,CRWD,CSCO,CVX,GEV,GOOG,GS,HD,INTC,INTU,JNJ,JPM,KO,LLY,MA,META,MRK,MSFT,MU,NFLX,NOW,NVDA,ORCL,PEP,PG,PLTR,QCOM,SMCI,TSLA,TXN,UBER,UNH,V,WFC,WMT,XOM","ADVANC.BK,AMATA.BK,AOT.BK,AWC.BK,BANPU.BK,BBL.BK,BCP.BK,BDMS.BK,BEM.BK,BGRIM.BK,BH.BK,BTS.BK,CBG.BK,CCET.BK,COM7.BK,CPALL.BK,CPF.BK,CPN.BK,CRC.BK,DELTA.BK,EA.BK,GPSC.BK,HANA.BK,HMPRO.BK,IVL.BK,JMT.BK,KBANK.BK,KCE.BK,KKP.BK,KTB.BK,KTC.BK,LH.BK,MINT.BK,MTC.BK,OR.BK,OSP.BK,PTT.BK,PTTEP.BK,PTTGC.BK,SAWAD.BK,SCB.BK,SCC.BK,SCGP.BK,TISCO.BK,TOP.BK,TRUE.BK,TTB.BK,TU.BK,VGI.BK,WHA.BK"
2025-12-31,0.0,50,0,"AAPL,ADBE,AMAT,AMD,AMZN,APP,AVGO,BA,BAC,BKNG,BRK-B,C,COIN,COST,CRM,CRWD,CSCO,CVX,GEV,GOOG,GS,HD,HOOD,INTC,INTU,JNJ,JPM,KO,LLY,MA,META,MRK,MSFT,MU,NFLX,NOW,NVDA,ORCL,PG,PLTR,QCOM,SMCI,TSLA,TXN,UBER,UNH,V,WFC,WMT,XOM",
2026-01-31,0.3,50,50,"AAPL,ADBE,AMAT,AMD,AMZN,APP,AVGO,BA,BAC,BKNG,BRK-B,C,COIN,COST,CRM,CRWD,CSCO,CVX,GEV,GOOG,GS,HD,HOOD,INTC,INTU,JNJ,JPM,KO,LLY,MA,META,MRK,MSFT,MU,NFLX,NOW,NVDA,ORCL,PG,PLTR,QCOM,SMCI,TSLA,TXN,UBER,UNH,V,WFC,WMT,XOM","ADVANC.BK,AMATA.BK,AOT.BK,AWC.BK,BANPU.BK,BBL.BK,BCP.BK,BDMS.BK,BEM.BK,BGRIM.BK,BH.BK,BTS.BK,CBG.BK,CCET.BK,CENTEL.BK,COM7.BK,CPALL.BK,CPF.BK,CPN.BK,CRC.BK,DELTA.BK,EA.BK,GPSC.BK,HANA.BK,HMPRO.BK,IVL.BK,JMT.BK,KBANK.BK,KCE.BK,KKP.BK,KTB.BK,KTC.BK,LH.BK,MINT.BK,MTC.BK,OR.BK,OSP.BK,PTT.BK,PTTEP.BK,PTTGC.BK,SAWAD.BK,SCB.BK,SCC.BK,SCGP.BK,TISCO.BK,TLI.BK,TOP.BK,TRUE.BK,TTB.BK,TU.BK"
2026-02-28,0.3,50,50,"AAPL,ADBE,AMAT,AMD,AMZN,APP,AVGO,BA,BAC,BKNG,BRK-B,C,COIN,COST,CRM,CRWD,CSCO,CVX,GEV,GOOG,GS,HD,HOOD,INTC,INTU,JNJ,JPM,KO,LLY,MA,META,MRK,MSFT,MU,NFLX,NOW,NVDA,ORCL,PG,PLTR,QCOM,SMCI,TSLA,TXN,UBER,UNH,V,WFC,WMT,XOM","ADVANC.BK,AMATA.BK,AOT.BK,AWC.BK,BANPU.BK,BBL.BK,BCP.BK,BDMS.BK,BEM.BK,BGRIM.BK,BH.BK,BTS.BK,CBG.BK,CCET.BK,CENTEL.BK,COM7.BK,CPALL.BK,CPF.BK,CPN.BK,CRC.BK,DELTA.BK,EA.BK,GPSC.BK,HANA.BK,HMPRO.BK,IVL.BK,JMT.BK,KBANK.BK,KCE.BK,KKP.BK,KTB.BK,KTC.BK,LH.BK,MINT.BK,MTC.BK,OR.BK,OSP.BK,PTT.BK,PTTEP.BK,PTTGC.BK,SAWAD.BK,SCB.BK,SCC.BK,SCGP.BK,TISCO.BK,TLI.BK,TOP.BK,TRUE.BK,TTB.BK,TU.BK"
2026-03-31,0.3,50,50,"AAPL,ADBE,AMAT,AMD,AMZN,APP,AVGO,BA,BAC,BKNG,BRK-B,C,COIN,COST,CRM,CRWD,CSCO,CVX,GE,GEV,GOOG,GS,HD,HOOD,INTC,INTU,JNJ,JPM,LLY,MA,META,MRK,MSFT,MU,NFLX,NOW,NVDA,ORCL,PG,PLTR,QCOM,SMCI,TSLA,TXN,UBER,UNH,V,WFC,WMT,XOM","ADVANC.BK,AMATA.BK,AOT.BK,AWC.BK,BANPU.BK,BBL.BK,BCP.BK,BDMS.BK,BEM.BK,BGRIM.BK,BH.BK,BTS.BK,CBG.BK,CCET.BK,CENTEL.BK,COM7.BK,CPALL.BK,CPF.BK,CPN.BK,CRC.BK,DELTA.BK,EA.BK,GPSC.BK,HANA.BK,HMPRO.BK,IVL.BK,JMT.BK,KBANK.BK,KCE.BK,KKP.BK,KTB.BK,KTC.BK,LH.BK,MINT.BK,MTC.BK,OR.BK,OSP.BK,PTT.BK,PTTEP.BK,PTTGC.BK,SAWAD.BK,SCB.BK,SCC.BK,SCGP.BK,TISCO.BK,TLI.BK,TOP.BK,TRUE.BK,TTB.BK,TU.BK"
2026-04-30,0.0,50,0,"AAPL,ABBV,ADBE,AMAT,AMD,AMZN,APP,AVGO,BA,BAC,BKNG,BRK-B,C,COIN,COST,CRM,CRWD,CSCO,CVX,GE,GEV,GOOG,GS,HD,HOOD,INTC,INTU,JNJ,JPM,KO,LLY,MA,META,MSFT,MU,NFLX,NOW,NVDA,ORCL,PG,PLTR,QCOM,TSLA,TXN,UBER,UNH,V,WFC,WMT,XOM",
2026-05-31,0.0,50,0,"AAPL,ABBV,ADBE,AMAT,AMD,AMZN,APP,AVGO,BA,BAC,BKNG,BRK-B,C,COIN,COST,CRM,CRWD,CSCO,CVX,GE,GEV,GOOG,GS,HD,HOOD,INTC,INTU,JNJ,JPM,LLY,LRCX,MA,META,MSFT,MU,NFLX,NOW,NVDA,ORCL,PG,PLTR,QCOM,TSLA,TXN,UBER,UNH,V,WFC,WMT,XOM",
