,One-model US cap 70% / TH cap 30% stockcap5 pure + daily exposure
2017-12-29,10000.0
2018-01-02,10065.55944982996
2018-01-03,10099.745341043783
2018-01-04,10133.817607553805
2018-01-05,10309.90952875501
2018-01-08,10181.26350105351
2018-01-09,10153.40266910009
2018-01-10,10205.045551118586
2018-01-11,10117.83987456566
2018-01-12,10217.398250238302
2018-01-15,10176.625293502208
2018-01-16,9980.863702124845
2018-01-17,10067.345248111333
2018-01-18,10105.387058003955
2018-01-19,10126.911015677057
2018-01-22,10128.406724484106
2018-01-23,10169.867156919054
2018-01-24,10213.43523910185
2018-01-25,10164.448691584423
2018-01-26,10240.628799020744
2018-01-29,10192.095388092697
2018-01-30,10110.555136675079
2018-01-31,10156.64130697155
2018-02-01,10096.20819048042
2018-02-02,9962.5004349092
2018-02-05,9618.390256688
2018-02-06,9769.367062281588
2018-02-07,9764.02728327386
2018-02-08,9513.751694634619
2018-02-09,9634.60375943284
2018-02-12,9735.645000215576
2018-02-13,9771.834615997426
2018-02-14,9827.180998930487
2018-02-15,9959.024389244838
2018-02-16,9926.24428852827
2018-02-19,9933.399534190788
2018-02-20,9903.256547334346
2018-02-21,9888.258496100632
2018-02-22,9900.701205477686
2018-02-23,10019.999868627041
2018-02-26,10196.089520562813
2018-02-27,10069.446379432087
2018-02-28,10042.842796178575
2018-03-01,9901.548124797066
2018-03-02,9910.87471601334
2018-03-05,10031.13149045699
2018-03-06,10062.600286974672
2018-03-07,10095.181888479097
2018-03-08,10097.559097724587
2018-03-09,10229.491842970163
2018-03-12,10245.386502221085
2018-03-13,10167.929310592503
2018-03-14,10133.8478540433
2018-03-15,10110.734862776613
2018-03-16,10137.331759643266
2018-03-19,9989.825487602835
2018-03-20,10041.861074779317
2018-03-21,10027.469428510942
2018-03-22,9797.566139790099
2018-03-23,9631.728541072313
2018-03-26,9748.594708136903
2018-03-27,9607.10416113168
2018-03-28,9558.574955469554
2018-03-29,9654.026785211074
2018-03-30,9647.97722639019
2018-04-02,9540.832190684065
2018-04-03,9593.017476393932
2018-04-04,9626.09945687895
2018-04-05,9635.485428238386
2018-04-06,9561.352991269068
2018-04-09,9577.558377929634
2018-04-10,9662.714167813108
2018-04-11,9642.836754148366
2018-04-12,9696.110181948718
2018-04-13,9679.38368197027
2018-04-16,9684.715739603624
2018-04-17,9764.862143588027
2018-04-18,9782.945952041415
2018-04-19,9756.654366962475
2018-04-20,9729.527528043041
2018-04-23,9669.738472400482
2018-04-24,9630.273573933522
2018-04-25,9618.021662525769
2018-04-26,9700.466468907103
2018-04-27,9708.2921765871
2018-04-30,9664.806114757446
2018-05-01,9680.62101092565
2018-05-02,9681.341857985735
2018-05-03,9714.833549090126
2018-05-04,9735.1844362026
2018-05-07,9776.874535980938
2018-05-08,9785.573224830054
2018-05-09,9829.371138598854
2018-05-10,9885.982444801699
2018-05-11,9820.8302378498
2018-05-14,9826.707244189643
2018-05-15,9757.08563960085
2018-05-16,9845.224949679572
2018-05-17,9774.12787331492
2018-05-18,9764.973147395827
2018-05-21,9848.552978562262
2018-05-22,9874.801912471727
2018-05-23,9895.749997489893
2018-05-24,9940.788560398067
2018-05-25,9940.11378611297
2018-05-28,9916.412989879882
2018-05-29,9909.904899297364
2018-05-30,9945.368494729326
2018-05-31,9875.10283386062
2018-06-01,9991.882172664453
2018-06-04,10040.998407443465
2018-06-05,10068.999919319447
2018-06-06,10135.832503483238
2018-06-07,10065.459709711733
2018-06-08,10137.250209879307
2018-06-11,10159.579332203146
2018-06-12,10160.356479400458
2018-06-13,10192.977423056498
2018-06-14,10253.028911244599
2018-06-15,10183.5273863786
2018-06-18,10350.947082572598
2018-06-19,10305.603717027718
2018-06-20,10342.292405976827
2018-06-21,10283.822405910785
2018-06-22,10270.722757275693
2018-06-25,10048.643773151567
2018-06-26,10098.090220234806
2018-06-27,10000.710788499153
2018-06-28,10037.324959780966
2018-06-29,10057.648101728884
2018-07-02,10071.348017860719
2018-07-03,10037.575098572515
2018-07-04,10035.153894622912
2018-07-05,10118.297654149927
2018-07-06,10220.810198036304
2018-07-09,10287.221060960146
2018-07-10,10291.401888686163
2018-07-11,10295.154749451429
2018-07-12,10408.310451183053
2018-07-13,10342.863242257808
2018-07-16,10388.823125107949
2018-07-17,10366.99842786762
2018-07-18,10387.048979629744
2018-07-19,10358.037064622707
2018-07-20,10370.132703310248
2018-07-23,10413.529118422919
2018-07-24,10561.016248099686
2018-07-25,10588.16674780608
2018-07-26,10596.581982826261
2018-07-27,10613.268147898058
2018-07-30,10513.109295275779
2018-07-31,10399.847087743065
2018-08-01,10352.236090906863
2018-08-02,10368.719925119678
2018-08-03,10402.950998161084
2018-08-06,10366.922960055024
2018-08-07,10429.9619373124
2018-08-08,10385.15841889147
2018-08-09,10370.162724939697
2018-08-10,10325.651735226113
2018-08-13,10318.779289487777
2018-08-14,10359.504485086061
2018-08-15,10229.636357954338
2018-08-16,10275.04880202625
2018-08-17,10247.886356708714
2018-08-20,10304.930945295764
2018-08-21,10298.255360576119
2018-08-22,10254.03510081894
2018-08-23,10277.124498661757
2018-08-24,10455.347345988514
2018-08-27,10473.82280521083
2018-08-28,10487.075001233388
2018-08-29,10545.050521340247
2018-08-30,10526.383878713359
2018-08-31,10563.07396763208
2018-09-03,10567.586827511699
2018-09-04,10593.603535100145
2018-09-05,10596.002431933997
2018-09-06,10557.213114332239
2018-09-07,10535.232621307174
2018-09-10,10587.404066441979
2018-09-11,10622.566222673113
2018-09-12,10648.655021349967
2018-09-13,10644.426865149208
2018-09-14,10641.12695846052
2018-09-17,10601.37517193237
2018-09-18,10642.363983235453
2018-09-19,10612.628386997336
2018-09-20,10601.572224473808
2018-09-21,10592.993700554498
2018-09-24,10599.999168949405
2018-09-25,10587.24500212692
2018-09-26,10567.136312443643
2018-09-27,10607.297706587422
2018-09-28,10658.725488416758
2018-10-01,10687.822196132047
2018-10-02,10640.175382573298
2018-10-03,10641.380401261484
2018-10-04,10622.939731683844
2018-10-05,10609.123638530944
2018-10-08,10573.533783415267
2018-10-09,10643.24429294248
2018-10-10,10315.003728844948
2018-10-11,10224.007077417002
2018-10-12,10263.4059342966
2018-10-15,10194.277140424307
2018-10-16,10380.299473449966
2018-10-17,10335.945745715037
2018-10-18,10231.556977606868
2018-10-19,10204.782347057706
2018-10-22,10228.474011818007
2018-10-23,10238.676149284038
2018-10-24,10097.175048968991
2018-10-25,10181.714689267525
2018-10-26,10084.9960789347
2018-10-29,10025.63327892817
2018-10-30,10125.686913929712
2018-10-31,10193.297296249151
2018-11-01,10204.068910179458
2018-11-02,10156.512335137655
2018-11-05,10171.82586770323
2018-11-06,10209.644919295522
2018-11-07,10323.696742825863
2018-11-08,10315.446704886732
2018-11-09,10338.792114970425
2018-11-12,10209.833793074306
2018-11-13,10200.060935439995
2018-11-14,10153.106017992886
2018-11-15,10192.978481311951
2018-11-16,10203.978945300547
2018-11-19,10141.493359477823
2018-11-20,10066.882206935985
2018-11-21,10081.900265606208
2018-11-22,10075.262980459986
2018-11-23,10057.709086241452
2018-11-26,10103.653581282024
2018-11-27,10116.103985250322
2018-11-28,10195.593569937504
2018-11-29,10192.086260431277
2018-11-30,10217.164228921856
2018-12-03,10319.53323755142
2018-12-04,10074.895205808667
2018-12-06,10056.4635343349
2018-12-07,10007.082136977253
2018-12-10,10031.433148427353
2018-12-11,10043.138715528181
2018-12-12,10058.536178478525
2018-12-13,10056.499035715742
2018-12-14,9968.863375006546
2018-12-17,9926.9960529768
2018-12-18,9922.415249479887
2018-12-19,9870.342557654982
2018-12-20,9830.12809930294
2018-12-21,9740.255465548124
2018-12-24,9653.415500581612
2018-12-25,9629.74794072045
2018-12-26,9816.489415770275
2018-12-27,9877.533083102302
2018-12-28,9859.354102350144
2018-12-31,9889.076495235751
2019-01-02,9863.192024402915
2019-01-03,9759.457096942944
2019-01-04,9843.77620996275
2019-01-07,9830.907085308008
2019-01-08,9851.609187016858
2019-01-09,9894.912840439223
2019-01-10,9879.899900422819
2019-01-11,9890.934938912194
2019-01-14,9888.11706118539
2019-01-15,9916.612357601605
2019-01-16,9917.98557483368
2019-01-17,9880.062400129365
2019-01-18,9916.264569176366
2019-01-21,9929.48740734636
2019-01-22,9904.375465418514
2019-01-23,9922.47133798399
2019-01-24,9906.71012694597
2019-01-25,9952.44543886393
2019-01-28,9908.809917456989
2019-01-29,9915.490082660966
2019-01-30,9943.99778650893
2019-01-31,9913.493934781442
2019-02-01,9911.52427755957
2019-02-04,9937.453818996762
2019-02-05,9972.56624759707
2019-02-06,9931.638948501135
2019-02-07,9846.715372052502
2019-02-08,9886.106591354073
2019-02-11,9781.085351055695
2019-02-12,9975.060911014767
2019-02-13,9957.042630921906
2019-02-14,9986.897516424113
2019-02-15,10024.04843962905
2019-02-18,10015.526853493828
2019-02-19,10070.263153319584
2019-02-20,10062.337233128286
2019-02-21,9986.710336404376
2019-02-22,10066.857587227389
2019-02-25,10140.757586207874
2019-02-26,10109.98467867524
2019-02-27,10100.484897272792
2019-02-28,10091.764688760662
2019-03-01,10104.837844379057
2019-03-04,10101.376048344968
2019-03-05,10088.68386319227
2019-03-06,9968.354889986229
2019-03-07,9960.70436374883
2019-03-08,9997.3528397862
2019-03-11,10024.477022551175
2019-03-12,10001.440640953348
2019-03-13,10056.807262571574
2019-03-14,9998.697983941836
2019-03-15,10137.790131283382
2019-03-18,10129.399062815319
2019-03-19,10211.603181122788
2019-03-20,10207.716626210404
2019-03-21,10352.995302271656
2019-03-22,10209.636320947442
2019-03-25,10201.040796852503
2019-03-26,10182.882505926225
2019-03-27,10151.33874038606
2019-03-28,10196.45075996173
2019-03-29,10257.420397253245
2019-04-01,10381.823217895568
2019-04-02,10578.748099077346
2019-04-03,10688.845181197818
2019-04-04,10664.082459261515
2019-04-05,10720.463920180253
2019-04-08,10787.19893006215
2019-04-09,10683.746263465968
2019-04-10,10722.308410600896
2019-04-11,10632.704514344548
2019-04-12,10702.508770206327
2019-04-15,10621.149835866348
2019-04-16,10734.952332499834
2019-04-17,10752.577914428239
2019-04-18,10767.171120262636
2019-04-19,10771.662382841465
2019-04-22,10842.126359122247
2019-04-23,10914.450729775592
2019-04-24,10929.540163839418
2019-04-25,10865.854684643267
2019-04-26,10896.101976563512
2019-04-29,10861.796327076072
2019-04-30,10920.952590819974
2019-05-01,10870.939771971796
2019-05-02,10876.719890321107
2019-05-03,11026.929335851326
2019-05-06,10961.633884335013
2019-05-07,10794.129267020613
2019-05-08,10835.746289507186
2019-05-09,10804.799333878225
2019-05-10,10871.559541383735
2019-05-13,10810.906463945978
2019-05-14,10979.109931083947
2019-05-15,11016.072832382131
2019-05-16,11070.275995372038
2019-05-17,10951.598127893798
2019-05-20,10992.998881194088
2019-05-21,11066.24234248574
2019-05-22,10985.047210658688
2019-05-23,10908.651047906176
2019-05-24,10904.011092503668
2019-05-27,10994.997177564652
2019-05-28,11012.324650315324
2019-05-29,10956.343244110365
2019-05-30,10922.74401101506
2019-05-31,10855.60543946569
2019-06-03,10677.900580293897
2019-06-04,10717.275519476825
2019-06-05,10825.467175836462
2019-06-06,10951.851038440387
2019-06-07,11070.282311574801
2019-06-10,11074.259825856769
2019-06-11,11057.687467718926
2019-06-12,11064.447424234022
2019-06-13,11128.179175685638
2019-06-14,11157.03412747907
2019-06-17,11236.819207173543
2019-06-18,11322.249504332809
2019-06-19,11317.416368141357
2019-06-20,11527.219279133245
2019-06-21,11436.84413609406
2019-06-24,11544.665969531388
2019-06-25,11472.370134768462
2019-06-26,11658.883442482625
2019-06-27,11495.328612407884
2019-06-28,11650.272442809819
2019-07-01,11460.202880683932
2019-07-02,11519.143106155752
2019-07-03,11686.777212607854
2019-07-04,11602.585478215029
2019-07-05,11559.514390744835
2019-07-08,11722.644065910357
2019-07-09,11765.529570465163
2019-07-10,11857.06727651211
2019-07-11,11730.129799663986
2019-07-12,11769.820595038802
2019-07-15,11742.768041532094
2019-07-16,11542.762419988794
2019-07-17,11581.82733381436
2019-07-18,11772.21914316787
2019-07-19,11774.351374696274
2019-07-22,11744.463431820242
2019-07-23,11684.585029257443
2019-07-24,11746.526343846584
2019-07-25,11784.870782873433
2019-07-26,11822.02114154052
2019-07-29,11734.9171143946
2019-07-30,11721.810355107144
2019-07-31,11612.51547250401
2019-08-01,11559.800665073166
2019-08-02,11659.937909238672
2019-08-05,11606.038654839964
2019-08-06,11775.450416783833
2019-08-07,11955.499530862508
2019-08-08,12063.291681128474
2019-08-09,11932.137085109389
2019-08-12,11832.530722468031
2019-08-13,11766.793304437984
2019-08-14,11590.580423628659
2019-08-15,11659.639831522745
2019-08-16,11698.44518526212
2019-08-19,11707.292783886138
2019-08-20,11675.078529038772
2019-08-21,11626.534614258406
2019-08-22,11587.41358143555
2019-08-23,11551.937572145125
2019-08-26,11581.49344790348
2019-08-27,11576.027817813267
2019-08-28,11605.566357112482
2019-08-29,11638.6871374167
2019-08-30,11632.598258603686
2019-09-02,11627.129557806718
2019-09-03,11604.341958329731
2019-09-04,11740.686023449907
2019-09-05,11818.964518804536
2019-09-06,11843.688275209806
2019-09-09,11814.496690804688
2019-09-10,11770.85076314932
2019-09-11,11834.249273931797
2019-09-12,11869.087344252242
2019-09-13,11811.261273109218
2019-09-16,11798.414161044422
2019-09-17,11850.472346325483
2019-09-18,11839.884131023095
2019-09-19,11812.838827610041
2019-09-20,11734.776725401918
2019-09-23,11780.931556953436
2019-09-24,11708.171071659006
2019-09-25,11776.52198433264
2019-09-26,11769.606324474373
2019-09-27,11626.164587729185
2019-09-30,11579.447063031288
2019-10-01,11539.821592350767
2019-10-02,11436.210706347834
2019-10-03,11535.561866348644
2019-10-04,11639.10784905283
2019-10-07,11551.946258803033
2019-10-08,11432.779168843907
2019-10-09,11506.011429113374
2019-10-10,11521.714699417256
2019-10-11,11658.745084455437
2019-10-14,11664.755313303982
2019-10-15,11775.837828206528
2019-10-16,11789.75258938773
2019-10-17,11777.92677024485
2019-10-18,11641.731934667423
2019-10-21,11714.954069945317
2019-10-22,11669.05242451583
2019-10-23,11719.457983220093
2019-10-24,11808.488448685497
2019-10-25,11924.854136033222
2019-10-28,11940.177151827931
2019-10-29,11910.271417964073
2019-10-30,11926.616420033859
2019-10-31,11915.707679527472
2019-11-01,12020.990697120647
2019-11-04,12118.95992980227
2019-11-05,12076.94040752325
2019-11-06,12095.408043836542
2019-11-07,12081.935765844242
2019-11-08,12129.976844931216
2019-11-11,12075.126797812729
2019-11-12,12073.276638209465
2019-11-13,12077.651570853332
2019-11-14,12096.185249831427
2019-11-15,12093.992346877063
2019-11-18,12175.302302722697
2019-11-19,12129.66416312596
2019-11-20,12064.980332568332
2019-11-21,12018.86091086922
2019-11-22,12044.00307765185
2019-11-25,12132.321661313676
2019-11-26,12102.072905667155
2019-11-27,12129.866692560196
2019-11-28,12150.688405741092
2019-11-29,12141.748798713346
2019-12-02,12040.483863746731
2019-12-03,12003.439370552675
2019-12-04,12054.57053457428
2019-12-05,12090.702436840977
2019-12-06,12198.70747399361
2019-12-09,12130.53762482023
2019-12-10,12149.281739204762
2019-12-11,12181.946416653833
2019-12-12,12336.752528077901
2019-12-13,12301.986906866889
2019-12-16,12393.023723587086
2019-12-17,12413.224077216488
2019-12-18,12389.548418228851
2019-12-19,12442.221864727622
2019-12-20,12473.253955579046
2019-12-23,12526.685067338112
2019-12-24,12559.5437527201
2019-12-25,12559.5437527201
2019-12-26,12646.048310641747
2019-12-27,12633.682078194355
2019-12-30,12560.257120697928
2019-12-31,12545.807425375799
2020-01-02,12810.334870469469
2020-01-03,12799.752626773652
2020-01-06,12866.7421993249
2020-01-07,12882.029144926948
2020-01-08,12967.253618770974
2020-01-09,13019.760222287769
2020-01-10,12935.52922366351
2020-01-13,13012.402867029654
2020-01-14,12985.28257303292
2020-01-15,12997.146113112622
2020-01-16,13079.37935214571
2020-01-17,13167.925311787023
2020-01-20,13185.279642779533
2020-01-21,13135.038471650287
2020-01-22,13159.169611286552
2020-01-23,13256.719660242128
2020-01-24,13271.572739571455
2020-01-27,13100.422514377358
2020-01-28,13294.701209658706
2020-01-29,13304.148029467704
2020-01-30,13493.928168568595
2020-01-31,13315.52134055824
2020-02-03,13456.74002301842
2020-02-04,13529.605884137109
2020-02-05,13561.032062112281
2020-02-06,13630.410476039104
2020-02-07,13678.666779766136
2020-02-10,13954.823211671466
2020-02-11,13920.713128904303
2020-02-12,13978.222907242043
2020-02-13,13977.342914046772
2020-02-14,14067.793068842055
2020-02-17,14066.890335900063
2020-02-18,14163.866266572866
2020-02-19,14295.544513725918
2020-02-20,14238.773296836407
2020-02-21,14198.070212483883
2020-02-24,13938.346868954208
2020-02-25,13549.878485716736
2020-02-26,13595.57139407262
2020-02-27,13172.067877656182
2020-02-28,13029.927601883757
2020-03-02,13395.088588118058
2020-03-03,13206.404270071138
2020-03-04,13571.50022395334
2020-03-05,13329.368931968147
2020-03-06,13291.460415606589
2020-03-09,12408.602085591214
2020-03-10,12625.16723350434
2020-03-11,12417.864203864388
2020-03-12,11942.371863525117
2020-03-13,12221.080052248979
2020-03-16,11664.807357425367
2020-03-17,12045.627783635513
2020-03-18,11849.974786838948
2020-03-19,12002.221911198849
2020-03-20,11906.368596478125
2020-03-23,12106.931115629788
2020-03-24,12544.03165125791
2020-03-25,12420.282084689907
2020-03-26,12655.234864329428
2020-03-27,12408.166615258986
2020-03-30,12516.847803289369
2020-03-31,12391.73660064606
2020-04-01,12232.774117415001
2020-04-02,12529.78965557122
2020-04-03,12451.423212377926
2020-04-06,12841.312266618927
2020-04-07,12714.411624669783
2020-04-08,12806.046929876162
2020-04-09,12957.528391384847
2020-04-10,12943.991985823868
2020-04-13,13037.039947133575
2020-04-14,13254.656037421622
2020-04-15,13156.055344280607
2020-04-16,13258.343302570183
2020-04-17,13181.839622334615
2020-04-20,13153.176658671538
2020-04-21,12953.526565264094
2020-04-22,13192.132557234036
2020-04-23,13169.940192987468
2020-04-24,13196.293212884697
2020-04-27,13251.599436520479
2020-04-28,13176.314956469221
2020-04-29,13398.968347115022
2020-04-30,13345.325019111702
2020-05-01,13273.843476770826
2020-05-04,13399.73452748794
2020-05-05,13412.480441824726
2020-05-06,13399.44071371657
2020-05-07,13626.940960400796
2020-05-08,13623.64919271712
2020-05-11,13509.289765194468
2020-05-12,13454.554271589132
2020-05-13,13468.42965088212
2020-05-14,13602.04204875732
2020-05-15,13670.312375796399
2020-05-18,13697.596557290637
2020-05-19,13675.715422810603
2020-05-20,13711.614855167954
2020-05-21,13449.41871982305
2020-05-22,13541.180517794028
2020-05-25,13537.848287752233
2020-05-26,13384.752560651461
2020-05-27,13430.669640488948
2020-05-28,13470.221318913063
2020-05-29,13656.492663914158
2020-06-01,13578.69525587513
2020-06-02,13647.769573699325
2020-06-03,13601.40582361087
2020-06-04,13544.411235562928
2020-06-05,13682.938253483559
2020-06-08,13683.58420562435
2020-06-09,13796.926762185623
2020-06-10,13899.66447082569
2020-06-11,13302.574207939713
2020-06-12,13400.00853398306
2020-06-15,13447.758149016596
2020-06-16,13600.258270056556
2020-06-17,13685.857836197463
2020-06-18,13701.485159854234
2020-06-19,13673.900965095327
2020-06-22,13822.744693699724
2020-06-23,13848.39120531985
2020-06-24,13619.135923067182
2020-06-25,13701.312056033774
2020-06-26,13504.245401854576
2020-06-29,13566.391116628485
2020-06-30,13761.52768897802
2020-07-01,13827.185706479493
2020-07-02,13909.601544937908
2020-07-03,13927.895606467153
2020-07-06,14125.412596144304
2020-07-07,13973.683164074451
2020-07-08,14163.253742654702
2020-07-09,14147.400961678717
2020-07-10,14239.160537120642
2020-07-13,14044.402573519603
2020-07-14,14113.407988657045
2020-07-15,14214.05523338976
2020-07-16,14087.444414726164
2020-07-17,14138.953287935976
2020-07-20,14323.034094621038
2020-07-21,14297.993297774494
2020-07-22,14278.23158099004
2020-07-23,14116.26339942838
2020-07-24,14117.402848536949
2020-07-27,14408.920497908224
2020-07-28,14260.210279803718
2020-07-29,14412.013534585521
2020-07-30,14517.40642653967
2020-07-31,14602.952070457266
2020-08-03,14693.411781002898
2020-08-04,14803.249561928018
2020-08-05,14991.176005614288
2020-08-06,15118.990509940943
2020-08-07,14964.200028162762
2020-08-10,15012.641994385578
2020-08-11,14808.277601046844
2020-08-12,15067.472466570101
2020-08-13,15071.084966125904
2020-08-14,15044.936383769797
2020-08-17,15198.23040935524
2020-08-18,15244.561119718395
2020-08-19,15155.854009294739
2020-08-20,15325.660554311491
2020-08-21,15396.870715634886
2020-08-24,15618.93511991195
2020-08-25,15626.280636424017
2020-08-26,15953.168523681143
2020-08-27,15822.017723862627
2020-08-28,15955.078296433743
2020-08-31,15959.969913820441
2020-09-01,16185.807756060876
2020-09-02,16131.02391389107
2020-09-03,15517.620771978229
2020-09-04,15340.554343515283
2020-09-08,14960.622418145935
2020-09-09,15307.4780317568
2020-09-10,15063.361804878117
2020-09-11,14939.63458044727
2020-09-14,15121.443792161948
2020-09-15,15246.870289536248
2020-09-16,15054.215178755532
2020-09-17,14842.955894852963
2020-09-18,14768.434296812473
2020-09-21,14691.79355744048
2020-09-22,14954.650322594736
2020-09-23,14566.82700746782
2020-09-24,14718.176449036633
2020-09-25,14913.500371478214
2020-09-28,15116.493560017874
2020-09-29,15158.883372867413
2020-09-30,15228.287881438879
2020-10-01,15373.017415378596
2020-10-02,15116.92789995132
2020-10-05,15350.06370305513
2020-10-06,15079.22229110833
2020-10-07,15282.567573294922
2020-10-08,15255.529141195197
2020-10-09,15388.103300717557
2020-10-12,15529.853602547315
2020-10-13,15571.146858164404
2020-10-14,15507.81711842277
2020-10-15,15451.025325123841
2020-10-16,15407.87277556995
2020-10-19,15277.945011387834
2020-10-20,15356.21332625311
2020-10-21,15506.248667180189
2020-10-22,15403.576039726682
2020-10-23,15507.001320285477
2020-10-26,15314.033938155373
2020-10-27,15431.317274958525
2020-10-28,14901.232509637724
2020-10-29,15071.368569639175
2020-10-30,14823.40331316821
2020-11-02,14855.75980798036
2020-11-03,15129.280363407222
2020-11-04,15438.573106070711
2020-11-05,15963.701549645795
2020-11-06,15859.37575142467
2020-11-09,15809.735925767107
2020-11-10,15699.951795806051
2020-11-11,15741.779440189353
2020-11-12,15696.291014875667
2020-11-13,15816.185990535516
2020-11-16,15977.271285360748
2020-11-17,16068.931287668114
2020-11-18,15941.552351930419
2020-11-19,16042.696243138515
2020-11-20,16027.81136124464
2020-11-23,15983.200178819521
2020-11-24,16223.446742087863
2020-11-25,16117.774785135787
2020-11-26,15967.479459762775
2020-11-27,15969.879277004577
2020-11-30,16170.751043772269
2020-12-01,16344.478664980124
2020-12-02,16552.945205948123
2020-12-03,16791.83334651674
2020-12-04,16965.871130272983
2020-12-07,16978.846339898904
2020-12-08,16958.448481277137
2020-12-09,16889.6618776936
2020-12-10,16899.208334002375
2020-12-11,16840.789743911926
2020-12-14,16783.74954156832
2020-12-15,17061.89171096538
2020-12-16,17204.567153028664
2020-12-17,17333.88543782793
2020-12-18,17243.152149979775
2020-12-21,17040.659575159552
2020-12-22,17224.788252940056
2020-12-23,17303.930889221352
2020-12-24,17507.211461216422
2020-12-25,17731.57925209086
2020-12-28,17783.48941670539
2020-12-29,17987.377777584563
2020-12-30,18001.263025877557
2020-12-31,18090.27785255082
2021-01-04,18353.70699370159
2021-01-05,18702.85543414063
2021-01-06,19212.21097666205
2021-01-07,19829.17952175157
2021-01-08,20023.492436905814
2021-01-11,19741.86889997671
2021-01-12,19831.633729932084
2021-01-13,20112.26506235383
2021-01-14,20214.306316653507
2021-01-15,19703.320407945663
2021-01-18,19624.299199457822
2021-01-19,19996.23673028764
2021-01-20,19818.65040926868
2021-01-21,19454.579271288534
2021-01-22,19393.738010893798
2021-01-25,19400.565062148587
2021-01-26,19396.997572596385
2021-01-27,18713.03616090334
2021-01-28,18967.526013751267
2021-01-29,18749.339729716634
2021-02-01,19152.616311045414
2021-02-02,19505.18195316465
2021-02-03,19713.03869074713
2021-02-04,19937.627813403185
2021-02-05,20097.576749152377
2021-02-08,20994.75469431426
2021-02-09,20974.35157694637
2021-02-10,20733.104990535085
2021-02-11,20898.879472521785
2021-02-12,21021.248151467917
2021-02-15,21019.578868090717
2021-02-16,21247.789196355032
2021-02-17,21359.87512649392
2021-02-18,21247.12963645592
2021-02-19,21477.94556080577
2021-02-22,20978.973872434024
2021-02-23,20961.251754300116
2021-02-24,21354.167155862877
2021-02-25,20882.463454289755
2021-02-26,20862.071037639293
2021-03-01,21485.64621276917
2021-03-02,21273.03454430645
2021-03-03,21450.485027276987
2021-03-04,21145.271525660395
2021-03-05,21511.746814209793
2021-03-08,21607.506768741856
2021-03-09,22120.37637508916
2021-03-10,22402.749089414046
2021-03-11,22714.992180043464
2021-03-12,22642.519952177754
2021-03-15,22597.95589412419
2021-03-16,22626.605083460217
2021-03-17,22904.72249421211
2021-03-18,22564.430757331935
2021-03-19,22582.882388586306
2021-03-22,22411.388573164775
2021-03-23,22175.75864285758
2021-03-24,22032.064870495902
2021-03-25,22157.04725564653
2021-03-26,22634.13169002349
2021-03-29,22573.027044830116
2021-03-30,22751.21772365946
2021-03-31,22855.402253255426
2021-04-01,23075.02646556331
2021-04-02,23056.355746487574
2021-04-05,23328.552362383853
2021-04-06,23266.1687975134
2021-04-07,23208.780122999076
2021-04-08,23426.259572557214
2021-04-09,23559.507222574117
2021-04-12,23590.272700696863
2021-04-13,23678.816467831453
2021-04-14,23675.59183779251
2021-04-15,23703.050928937097
2021-04-16,23657.105772733754
2021-04-19,23344.375745433103
2021-04-20,23128.86070972121
2021-04-21,23267.514645286512
2021-04-22,23035.214684532755
2021-04-23,23245.211464949985
2021-04-26,23281.767284333626
2021-04-27,23376.075662832714
2021-04-28,23273.654935558534
2021-04-29,23500.405102796984
2021-04-30,23184.628529575824
2021-05-03,23274.686410429513
2021-05-04,23062.33390157165
2021-05-05,23153.481823228547
2021-05-06,23361.319072938
2021-05-07,23600.660563568246
2021-05-10,23305.91869958498
2021-05-11,23113.84019852686
2021-05-12,22530.48741079657
2021-05-13,22785.84757684541
2021-05-14,23087.01556931325
2021-05-17,23158.652356706985
2021-05-18,23103.006675006036
2021-05-19,22958.746413151406
2021-05-20,23095.262307748977
2021-05-21,23167.878084208263
2021-05-24,23361.75472894831
2021-05-25,23287.64908470214
2021-05-26,23317.935110403734
2021-05-27,23339.111036886738
2021-05-28,23389.140850252297
2021-05-31,23371.194807537395
2021-06-01,23286.112064545054
2021-06-02,23310.030679678785
2021-06-03,23220.370013166117
2021-06-04,23491.66659164113
2021-06-07,23456.57639269265
2021-06-08,23416.089375768555
2021-06-09,23379.58744065912
2021-06-10,23420.026039134944
2021-06-11,23423.38452346459
2021-06-14,23373.8634944759
2021-06-15,23293.537809325295
2021-06-16,23217.036007749306
2021-06-17,23075.46121288524
2021-06-18,22953.617545371726
2021-06-21,23231.915409366207
2021-06-22,23419.925598819704
2021-06-23,23459.66249182517
2021-06-24,23671.869890193262
2021-06-25,23829.494830418305
2021-06-28,23840.078980996157
2021-06-29,23801.799353024537
2021-06-30,24029.860737084095
2021-07-01,23995.68953248601
2021-07-02,24258.953943711633
2021-07-05,24296.23860714968
2021-07-06,24333.81377962256
2021-07-07,24471.164429290773
2021-07-08,24339.729944220868
2021-07-09,24653.062244402234
2021-07-12,24663.931461810356
2021-07-13,24764.961438076192
2021-07-14,24825.410703772424
2021-07-15,24652.749034070475
2021-07-16,24516.82535667852
2021-07-19,24365.37470169575
2021-07-20,24599.004953980948
2021-07-21,24797.775823439028
2021-07-22,24940.082449415484
2021-07-23,25085.34477116606
2021-07-26,25148.382262732688
2021-07-27,24969.67008313045
2021-07-28,25077.79112618064
2021-07-29,25128.090217135636
2021-07-30,24923.034953285744
2021-08-02,24920.168177539865
2021-08-03,25147.8873351423
2021-08-04,25421.008737547054
2021-08-05,25560.74499484202
2021-08-06,25460.208847395766
2021-08-09,25663.914226025692
2021-08-10,25489.25909966851
2021-08-11,25328.457000445167
2021-08-12,25199.088109480075
2021-08-13,25377.586658189855
2021-08-16,25524.53557661304
2021-08-17,25538.836825014063
2021-08-18,25298.091469298743
2021-08-19,25368.99543147476
2021-08-20,25631.573921613966
2021-08-23,25999.239682473362
2021-08-24,25876.543323159374
2021-08-25,25589.885658927
2021-08-26,25436.24059050824
2021-08-27,25625.046121600353
2021-08-30,25564.61668503085
2021-08-31,25504.12206873169
2021-09-01,25483.934171287427
2021-09-02,25554.424734086006
2021-09-03,25885.581582068655
2021-09-06,26034.262157703397
2021-09-07,25836.65384171487
2021-09-08,25772.7304855891
2021-09-09,25882.93534998058
2021-09-10,25605.4972858417
2021-09-13,25484.98798500731
2021-09-14,25731.218792840453
2021-09-15,25917.6736612126
2021-09-16,25864.853780529196
2021-09-17,25773.05710042737
2021-09-20,25302.972351717377
2021-09-21,25414.873942686714
2021-09-22,25647.695489706985
2021-09-23,25994.364755614457
2021-09-24,25808.918522747248
2021-09-27,25621.85040269934
2021-09-28,25112.176628157766
2021-09-29,25212.80282499674
2021-09-30,25341.565504679358
2021-10-01,25303.374439761385
2021-10-04,25240.481480010392
2021-10-05,25803.467969571506
2021-10-06,26085.973150639078
2021-10-07,26121.889924027804
2021-10-08,26036.29542182934
2021-10-11,26201.75667448932
2021-10-12,26042.384012263654
2021-10-13,26028.165341716332
2021-10-14,26266.235790566123
2021-10-15,26592.2317757149
2021-10-18,27045.200334310925
2021-10-19,27017.287857157076
2021-10-20,27038.441943531507
2021-10-21,27074.475758863715
2021-10-22,27061.490609303215
2021-10-25,27315.41928636565
2021-10-26,27034.03049557797
2021-10-27,26968.07308774557
2021-10-28,27222.501360782742
2021-10-29,27424.938389143226
2021-11-01,27471.631642464716
2021-11-02,27696.232323723118
2021-11-03,27810.065242387827
2021-11-04,28034.511411230633
2021-11-05,28001.01445354943
2021-11-08,28392.37863854922
2021-11-09,27989.83869348646
2021-11-10,27556.128525715823
2021-11-11,27784.05191973903
2021-11-12,27883.116901765392
2021-11-15,27672.088369823712
2021-11-16,27748.331906153082
2021-11-17,27761.00141056813
2021-11-18,27628.883523022057
2021-11-19,27596.921147638168
2021-11-22,27496.87295363673
2021-11-23,27684.307381366194
2021-11-24,27852.613769634303
2021-11-25,28085.295257738584
2021-11-26,27432.426317470392
2021-11-29,27984.354865655794
2021-11-30,27578.333041929276
2021-12-01,27135.493334990253
2021-12-02,27339.124896674588
2021-12-03,27069.428205814835
2021-12-06,27119.051453852382
2021-12-07,27744.746747727786
2021-12-08,27590.75093554454
2021-12-09,27212.21567229359
2021-12-10,27486.115922703895
2021-12-13,26792.562164101182
2021-12-14,26819.43073656409
2021-12-15,27289.467275143146
2021-12-16,26844.564829122257
2021-12-17,26620.618801661905
2021-12-20,26325.788144764978
2021-12-21,27106.23996952475
2021-12-22,27385.14533216341
2021-12-23,27572.776520278017
2021-12-24,27542.541532799838
2021-12-27,27811.07678611056
2021-12-28,27794.751413557427
2021-12-29,27788.774161570924
2021-12-30,27592.630589036384
2021-12-31,27472.707523201545
2022-01-03,27478.14245101128
2022-01-04,27412.11598540018
2022-01-05,27081.188642065696
2022-01-06,26832.871947371485
2022-01-07,26930.18676395537
2022-01-10,27012.053256426378
2022-01-11,27304.37932407888
2022-01-12,27209.551936702494
2022-01-13,26776.565665126433
2022-01-14,26832.916466873034
2022-01-17,26803.01024181249
2022-01-18,26268.10495284473
2022-01-19,26119.96820703213
2022-01-20,25629.52142987521
2022-01-21,25241.21727003139
2022-01-24,25314.902396837562
2022-01-25,25137.43405701302
2022-01-26,25200.09812600464
2022-01-27,24791.84332100969
2022-01-28,25329.207588670582
2022-01-31,25985.098921517205
2022-02-01,26102.997530166733
2022-02-02,26438.717343108292
2022-02-03,26203.85340800279
2022-02-04,26193.52477790162
2022-02-07,26194.42897304158
2022-02-08,26387.775919385538
2022-02-09,26669.440554954504
2022-02-10,26388.907415248927
2022-02-11,26285.814278438476
2022-02-14,26192.610847696345
2022-02-15,26368.84699440056
2022-02-16,26361.137621270474
2022-02-17,26139.997453660948
2022-02-18,25838.28444206012
2022-02-21,25610.250480656647
2022-02-22,25600.831651150293
2022-02-23,25529.82246154271
2022-02-24,25417.485021215616
2022-02-25,25843.530773341325
2022-02-28,25966.89276742504
2022-03-01,25870.5150348777
2022-03-02,26044.2805874841
2022-03-03,25888.23403720661
2022-03-04,25851.627881832155
2022-03-07,25571.02566661717
2022-03-08,25858.18179953975
2022-03-09,25830.608400997793
2022-03-10,25803.214003384408
2022-03-11,25811.255634541878
2022-03-14,25891.49134632476
2022-03-15,25773.449826724707
2022-03-16,25959.85364296412
2022-03-17,26171.47349318814
2022-03-18,26069.89478263775
2022-03-21,26097.025030310688
2022-03-22,26379.566281367664
2022-03-23,26248.404254912748
2022-03-24,26546.47592284485
2022-03-25,26520.917565834927
2022-03-28,26541.22084655908
2022-03-29,26648.505191983793
2022-03-30,26609.777659851028
2022-03-31,26360.288934471155
2022-04-01,26360.751862122073
2022-04-04,26520.884754617917
2022-04-05,26443.48282475521
2022-04-06,26421.87400320651
2022-04-07,26506.13388990893
2022-04-08,26522.49671408215
2022-04-11,26290.34848436095
2022-04-12,26408.62088741451
2022-04-13,26470.176796041516
2022-04-14,26379.49269363621
2022-04-18,26527.640169087394
2022-04-19,26606.72709655615
2022-04-20,26721.79440923895
2022-04-21,26602.40728963603
2022-04-22,26398.278558055634
2022-04-25,26152.97273169251
2022-04-26,26233.040536557775
2022-04-27,26289.541367090278
2022-04-28,26434.59606087817
2022-04-29,26397.36470160137
2022-05-02,26108.10375059826
2022-05-03,26238.53523351675
2022-05-04,26395.13075748711
2022-05-05,26043.44915424884
2022-05-06,26121.85845451304
2022-05-09,25826.21014123794
2022-05-10,25918.518845728016
2022-05-11,25848.53254904354
2022-05-12,25738.234471336662
2022-05-13,25888.06092460158
2022-05-16,25844.413138473443
2022-05-17,25953.164060467145
2022-05-18,25594.798544336572
2022-05-19,25628.93567634835
2022-05-20,25580.170115325487
2022-05-23,25758.140382803824
2022-05-24,25667.527956210488
2022-05-25,25679.345951044783
2022-05-26,25878.765394938884
2022-05-27,26058.607924512504
2022-05-30,26010.629282684644
2022-05-31,25938.891417425137
2022-06-01,25889.171958725867
2022-06-02,25946.373888994724
2022-06-03,25831.082380720844
2022-06-06,25871.360987141485
2022-06-07,25999.717603165893
2022-06-08,25978.15492329847
2022-06-09,25797.946201739487
2022-06-10,25677.58374422759
2022-06-13,25440.44397127152
2022-06-14,25417.440225624272
2022-06-15,25546.62638861952
2022-06-16,25375.706430717873
2022-06-17,25379.720587045143
2022-06-20,25434.27767158192
2022-06-21,25649.06502809435
2022-06-22,25660.262315979886
2022-06-23,25725.579053511072
2022-06-24,25904.36445954138
2022-06-27,25910.52065025142
2022-06-28,25799.108488151014
2022-06-29,25742.41874418766
2022-06-30,25666.84095259244
2022-07-01,25760.70666660426
2022-07-04,25826.049320584556
2022-07-05,25762.40712657242
2022-07-06,25774.998089203295
2022-07-07,25918.66584002367
2022-07-08,25915.38588135772
2022-07-11,25813.935016539188
2022-07-12,25867.821728840303
2022-07-13,25875.70754970464
2022-07-14,25832.24706971359
2022-07-15,26089.852109195654
2022-07-18,26076.230218004534
2022-07-19,26242.368673427027
2022-07-20,26204.785233514693
2022-07-21,26298.72451426314
2022-07-22,26322.985570588968
2022-07-25,26312.16024275714
2022-07-26,26266.301151183634
2022-07-27,26322.66506116555
2022-07-28,26389.362193415283
2022-07-29,26390.47734281815
2022-08-01,26394.566265091522
2022-08-02,26253.02868771183
2022-08-03,26512.159358867375
2022-08-04,26676.574212939333
2022-08-05,26456.539412275328
2022-08-08,26425.4089939007
2022-08-09,26220.568666182575
2022-08-10,26385.264904444048
2022-08-11,26350.319135499816
2022-08-12,26472.403685833426
2022-08-15,26516.151910785637
2022-08-16,26534.08105128066
2022-08-17,26318.108608250925
2022-08-18,26372.806859542343
2022-08-19,26221.897890988635
2022-08-22,25991.96782905943
2022-08-23,26142.324502581378
2022-08-24,26155.994375090006
2022-08-25,26319.366161702077
2022-08-26,25811.098649858643
2022-08-29,25931.05237305279
2022-08-30,25798.833617062643
2022-08-31,25718.503609045107
2022-09-01,25780.438922280246
2022-09-02,25777.486655804216
2022-09-05,25764.16533874263
2022-09-06,25583.987286265623
2022-09-07,25871.041136036212
2022-09-08,25897.3652086503
2022-09-09,26004.270935791053
2022-09-12,26121.08369049402
2022-09-13,25596.302628970112
2022-09-14,25823.821042777592
2022-09-15,25728.536707698753
2022-09-16,25773.58744603586
2022-09-19,25740.016428765328
2022-09-20,25693.833109152773
2022-09-21,25559.13547554641
2022-09-22,25530.66724874616
2022-09-23,25281.25362934969
2022-09-26,25198.18843028578
2022-09-27,25360.872026854784
2022-09-28,25698.25954283851
2022-09-29,25435.401978754402
2022-09-30,25266.90710705057
2022-10-03,25429.2339483089
2022-10-04,25704.841506895264
2022-10-05,25609.481650622743
2022-10-06,25600.49637315486
2022-10-07,25312.8753126205
2022-10-10,25279.534516206037
2022-10-11,25225.944621523297
2022-10-12,25275.7030251161
2022-10-13,25486.891399245767
2022-10-14,25323.693516060488
2022-10-17,25675.04447531877
2022-10-18,25716.288296747392
2022-10-19,25769.740619475473
2022-10-20,25741.99899312148
2022-10-21,25970.228528316315
2022-10-24,25967.952687684636
2022-10-25,26166.999151302716
2022-10-26,26152.450071645137
2022-10-27,26010.320377513945
2022-10-28,26159.477674025788
2022-10-31,26114.74909275742
2022-11-01,26179.281161650793
2022-11-02,25936.432964699186
2022-11-03,25876.60408730723
2022-11-04,26022.53871054542
2022-11-07,25961.02122161358
2022-11-08,25992.05548995625
2022-11-09,25608.001827701202
2022-11-10,25952.92054861075
2022-11-11,25870.511251690346
2022-11-14,25716.60840778213
2022-11-15,25679.09641758421
2022-11-16,25531.866074548907
2022-11-17,25545.13577373643
2022-11-18,25574.131291919337
2022-11-21,25547.881635555026
2022-11-22,25781.281260208023
2022-11-23,25776.334579108785
2022-11-24,25748.836812871075
2022-11-25,25655.903446415618
2022-11-28,25551.03007473422
2022-11-29,25522.058895756258
2022-11-30,25697.85410289483
2022-12-01,25698.599081673605
2022-12-02,25591.922695425837
2022-12-05,25320.242531119202
2022-12-06,25284.24177107535
2022-12-07,25342.52676140013
2022-12-08,25407.95757453202
2022-12-09,25299.150512909444
2022-12-12,25358.613011565798
2022-12-13,25658.019650963553
2022-12-14,25551.0787652125
2022-12-15,25239.472904549453
2022-12-16,25373.52455542254
2022-12-19,25239.186885753956
2022-12-20,25371.419752949783
2022-12-21,25476.335654272472
2022-12-22,25267.95972909051
2022-12-23,25382.78820339406
2022-12-26,25302.259737420572
2022-12-27,25260.10373761785
2022-12-28,25152.850105102225
2022-12-29,25341.45689617919
2022-12-30,25314.988752662986
2023-01-03,25358.55827688567
2023-01-04,25449.9030160828
2023-01-05,25257.34432568685
2023-01-06,25723.90933567837
2023-01-09,25840.56877732702
2023-01-10,25830.734260343826
2023-01-11,25808.074692250975
2023-01-12,25931.85609695035
2023-01-13,25878.1118068488
2023-01-16,25770.086893414125
2023-01-17,25762.499834903978
2023-01-18,25616.08285748068
2023-01-19,25545.081616210475
2023-01-20,25585.84831309142
2023-01-23,25740.02615811274
2023-01-24,25857.81760091548
2023-01-25,25805.501484835215
2023-01-26,25697.67488991155
2023-01-27,25781.550459421833
2023-01-30,25577.104028273076
2023-01-31,25620.158358300894
2023-02-01,25968.140323131764
2023-02-02,26429.439706850193
2023-02-03,26278.88801284441
2023-02-06,26326.758950080755
2023-02-07,26738.68305728604
2023-02-08,26293.30719625619
2023-02-09,26133.96400694805
2023-02-10,25971.938499175678
2023-02-13,26087.10811203625
2023-02-14,26441.21537348676
2023-02-15,26360.265040839287
2023-02-16,26412.123767704918
2023-02-17,26167.589171479376
2023-02-20,26234.421709829014
2023-02-21,25929.84505587041
2023-02-22,25877.084074489347
2023-02-23,25972.398066205362
2023-02-24,25741.11127098569
2023-02-27,25802.759034763803
2023-02-28,25847.5886781567
2023-03-01,25966.004515945908
2023-03-02,25808.864511389816
2023-03-03,25961.168571476017
2023-03-06,25690.146402631373
2023-03-07,25325.239493024525
2023-03-08,25569.066871522322
2023-03-09,25219.945874951794
2023-03-10,25193.355309857427
2023-03-13,25140.65261666575
2023-03-14,25387.037092597267
2023-03-15,25409.775890721095
2023-03-16,25686.31978230483
2023-03-17,25969.008541345087
2023-03-20,25914.346644670488
2023-03-21,25911.94467087619
2023-03-22,25951.727528447507
2023-03-23,26304.64137680986
2023-03-24,26051.115742777336
2023-03-27,25985.52402527575
2023-03-28,26156.497465327924
2023-03-29,26307.865327920885
2023-03-30,26418.388924909796
2023-03-31,26579.44797643751
2023-04-03,26558.1053110895
2023-04-04,26527.022091498777
2023-04-05,26120.534263560025
2023-04-06,26158.154967778642
2023-04-07,26285.793186618026
2023-04-10,26540.912679210593
2023-04-11,26631.738514556182
2023-04-12,26316.323413678423
2023-04-13,26686.842885926548
2023-04-14,26442.402454596533
2023-04-17,26565.807955607896
2023-04-18,26778.562795400703
2023-04-19,26369.621641688896
2023-04-20,26265.68667010988
2023-04-21,26007.64309344995
2023-04-24,25955.227657241405
2023-04-25,25565.742402061856
2023-04-26,25774.532639461035
2023-04-27,26301.586033738637
2023-04-28,26508.382014048457
2023-05-01,26380.317510944384
2023-05-02,26312.580078087372
2023-05-03,26101.36665934863
2023-05-04,25992.326131958165
2023-05-05,26255.85906103717
2023-05-08,26299.795106510086
2023-05-09,26199.571884938687
2023-05-10,26186.315951528275
2023-05-11,26052.755448264747
2023-05-12,26091.17612333944
2023-05-15,26402.154535876798
2023-05-16,26258.407396757048
2023-05-17,26723.90365942305
2023-05-18,27166.589813595743
2023-05-19,27304.04168049384
2023-05-22,27212.443617693472
2023-05-23,27140.379014209684
2023-05-24,27173.427657118897
2023-05-25,27800.08926551169
2023-05-26,28461.191172047533
2023-05-29,28461.92833698773
2023-05-30,28502.5153499713
2023-05-31,28337.39493087562
2023-06-01,28502.083487297517
2023-06-02,28475.333057104323
2023-06-05,28578.519631723466
2023-06-06,28635.42583435764
2023-06-07,28121.66146429551
2023-06-08,28540.29390380577
2023-06-09,28546.740223761768
2023-06-12,29013.210439187413
2023-06-13,29074.32990607509
2023-06-14,29475.20294277881
2023-06-15,29616.489726294
2023-06-16,29373.074888552543
2023-06-19,29449.52185969804
2023-06-20,29383.69513023888
2023-06-21,29178.48132171992
2023-06-22,29232.651084732315
2023-06-23,29512.84104608303
2023-06-26,29266.778840322742
2023-06-27,29666.832955253198
2023-06-28,29683.480806291896
2023-06-29,29853.949560874968
2023-06-30,30225.801995482376
2023-07-03,30163.030664215257
2023-07-04,29895.924300975177
2023-07-05,29700.933085575332
2023-07-06,29521.82947018154
2023-07-07,29778.89120658294
2023-07-10,29770.25613921709
2023-07-11,29849.68043840213
2023-07-12,29955.02625249824
2023-07-13,30322.646067684225
2023-07-14,30090.604181185823
2023-07-17,30407.98825726822
2023-07-18,30614.49926950231
2023-07-19,30109.037202031323
2023-07-20,29382.772690391896
2023-07-21,29450.08470960544
2023-07-24,29671.10292640608
2023-07-25,29933.303849749223
2023-07-26,29787.58350124757
2023-07-27,29596.539631831285
2023-07-28,30282.36869421991
2023-07-31,30237.424346477623
2023-08-01,30185.562494756494
2023-08-02,29508.90635143132
2023-08-03,29607.477190523572
2023-08-04,29826.75581066561
2023-08-07,30050.25576238338
2023-08-08,30001.439845854333
2023-08-09,29692.745797804644
2023-08-10,29710.75161401966
2023-08-11,29512.872729985254
2023-08-14,29917.82734848793
2023-08-15,29653.51344985863
2023-08-16,29410.569752048166
2023-08-17,29123.769623662916
2023-08-18,29088.768824916875
2023-08-21,29522.784910442893
2023-08-22,29318.523618334093
2023-08-23,29685.712037787045
2023-08-24,28973.300849407395
2023-08-25,29223.565543416364
2023-08-28,29493.69151740271
2023-08-29,30194.036668789642
2023-08-30,30186.52663084554
2023-08-31,30337.34635668494
2023-09-01,30276.150630186254
2023-09-04,30335.48823785622
2023-09-05,30460.29671213158
2023-09-06,30459.68702173856
2023-09-07,30579.316145211924
2023-09-08,30589.000007680992
2023-09-11,30820.899571322003
2023-09-12,30609.934316440023
2023-09-13,30771.998095468633
2023-09-14,30928.921922985344
2023-09-15,30582.698705488332
2023-09-18,30515.931196580757
2023-09-19,30394.044809487583
2023-09-20,30240.83128706588
2023-09-21,29933.133922098186
2023-09-22,29811.81815587756
2023-09-25,29834.447512314215
2023-09-26,29632.105757046924
2023-09-27,29794.34030655564
2023-09-28,30140.908752106217
2023-09-29,30052.186652210512
2023-10-02,30240.93768207126
2023-10-03,30228.023748388085
2023-10-04,30359.440096387807
2023-10-05,30271.116127335612
2023-10-06,30437.562431060545
2023-10-09,30517.37360286645
2023-10-10,30603.407187642646
2023-10-11,30497.062561687766
2023-10-12,30393.25377424688
2023-10-13,30338.03899395152
2023-10-16,30365.580826289955
2023-10-17,30419.644397356107
2023-10-18,30290.353383106434
2023-10-19,30128.233885917078
2023-10-20,29832.095859265522
2023-10-23,29882.19008227095
2023-10-24,29841.27997870819
2023-10-25,29320.16564659198
2023-10-26,29007.802231212318
2023-10-27,28972.017409543092
2023-10-30,29213.365211564498
2023-10-31,29204.151770769375
2023-11-01,29652.709790181638
2023-11-02,29862.21793816169
2023-11-03,29910.50357783139
2023-11-06,29627.912794955388
2023-11-07,29722.848345862345
2023-11-08,29662.90424895502
2023-11-09,29717.76921347708
2023-11-10,30148.095660320305
2023-11-13,30380.37871965877
2023-11-14,30566.12878940173
2023-11-15,30308.86715164837
2023-11-16,30399.919063960486
2023-11-17,30212.4528829146
2023-11-20,30346.262710631003
2023-11-21,30261.85429331378
2023-11-22,30463.15170924931
2023-11-23,30555.59051653831
2023-11-24,30701.933994907427
2023-11-27,30783.467984148065
2023-11-28,30606.65614505055
2023-11-29,30272.823411672864
2023-11-30,30367.91073867112
2023-12-01,30925.830415708548
2023-12-04,30318.777575869583
2023-12-05,30844.57054737498
2023-12-06,30721.166126046504
2023-12-07,31039.647794920857
2023-12-08,31118.82186956076
2023-12-11,31563.641666440868
2023-12-12,32005.086553338042
2023-12-13,32334.406308121776
2023-12-14,31909.08969283559
2023-12-15,31824.86255231555
2023-12-18,32144.867679588308
2023-12-19,32323.259887600427
2023-12-20,31877.341222848085
2023-12-21,32444.818363457543
2023-12-22,32288.20864404625
2023-12-25,31989.31775107109
2023-12-26,32226.583945920225
2023-12-27,32397.325943790747
2023-12-28,32056.056505974815
2023-12-29,31971.586741919797
2024-01-02,31704.660219782716
2024-01-03,31068.51177723475
2024-01-04,31378.282121763932
2024-01-05,31578.94684371938
2024-01-08,32165.59951062301
2024-01-09,32367.31283295535
2024-01-10,32446.964477646437
2024-01-11,32593.40408354391
2024-01-12,32366.42757091625
2024-01-15,32303.681916601818
2024-01-16,32273.36594550026
2024-01-17,32458.372019688028
2024-01-18,32938.5828773091
2024-01-19,33507.37418955292
2024-01-22,33288.64854460149
2024-01-23,33310.122737651196
2024-01-24,33724.45358655387
2024-01-25,33852.8157187838
2024-01-26,33647.05930578246
2024-01-29,33851.67912754822
2024-01-30,33493.272408221535
2024-01-31,33270.93031406919
2024-02-01,33659.81068350933
2024-02-02,33933.16743704068
2024-02-05,34131.46994513203
2024-02-06,34232.667249933125
2024-02-07,34439.079817963975
2024-02-08,34665.193251175915
2024-02-09,35228.56280884261
2024-02-12,35493.18530673349
2024-02-13,35064.82099062558
2024-02-14,35850.25726144738
2024-02-15,36116.829723038994
2024-02-16,35896.73363008433
2024-02-19,35775.9546765071
2024-02-20,35725.09218410547
2024-02-21,35455.09364928063
2024-02-22,36294.78521416051
2024-02-23,36375.57530021983
2024-02-26,36783.67767221499
2024-02-27,37172.85452971896
2024-02-28,37399.522348870516
2024-02-29,37852.196529051755
2024-03-01,38691.3976007491
2024-03-04,39314.786635485245
2024-03-05,38590.12604848444
2024-03-06,39149.97280478712
2024-03-07,39494.43601224212
2024-03-08,38936.07822800134
2024-03-11,38655.8589130249
2024-03-12,39084.78253607494
2024-03-13,39363.24013633786
2024-03-14,38851.28056311054
2024-03-15,38724.10942613996
2024-03-18,39025.35811752076
2024-03-19,38774.653826496215
2024-03-20,39623.158752976065
2024-03-21,39958.3805534076
2024-03-22,40202.99370117284
2024-03-25,40779.35003024295
2024-03-26,40681.66045379415
2024-03-27,40684.89040542486
2024-03-28,40935.114048895586
2024-03-29,40840.87710064994
2024-04-01,41159.56240377325
2024-04-02,41182.571006494516
2024-04-03,41576.072001230496
2024-04-04,41087.68881543187
2024-04-05,41814.54305270248
2024-04-08,41921.23262614841
2024-04-09,41748.71721967871
2024-04-10,41261.135117161764
2024-04-11,42183.99564322895
2024-04-12,40942.83146628383
2024-04-15,40480.27286073526
2024-04-16,40850.81016054518
2024-04-17,40032.40622250794
2024-04-18,40017.45235954252
2024-04-19,39307.785623233765
2024-04-22,39699.929230794536
2024-04-23,40405.57954006232
2024-04-24,39860.70549525452
2024-04-25,39912.46034833581
2024-04-26,40258.28030585099
2024-04-29,40323.30947285514
2024-04-30,39860.27634808148
2024-05-01,39841.7540516196
2024-05-02,40060.01512928834
2024-05-03,39950.44366475757
2024-05-06,40430.56879738807
2024-05-07,40242.101865026576
2024-05-08,40355.96867238868
2024-05-09,40532.90507090546
2024-05-10,40505.22186882891
2024-05-13,40494.27821357574
2024-05-14,40763.1162042066
2024-05-15,40950.621536779596
2024-05-16,40464.52464349379
2024-05-17,40599.76090761707
2024-05-20,40934.169271090745
2024-05-21,40921.68029472473
2024-05-22,40789.16669740744
2024-05-23,40573.55075864593
2024-05-24,41053.975992345615
2024-05-27,41114.98142422686
2024-05-28,41367.62367124482
2024-05-29,41060.438310919904
2024-05-30,41200.097113177915
2024-05-31,41150.03233702142
2024-06-03,41388.59756687629
2024-06-04,41077.58462766755
2024-06-05,41517.948547369444
2024-06-06,41566.59184464874
2024-06-07,41156.13580982656
2024-06-10,41653.71727010218
2024-06-11,41509.956030929054
2024-06-12,41871.514186487635
2024-06-13,41696.87372048699
2024-06-14,41888.40924249794
2024-06-17,41952.995607702454
2024-06-18,42328.89827543789
2024-06-19,42193.66411135203
2024-06-20,42091.099657300096
2024-06-21,41748.45215833493
2024-06-24,41734.1720687177
2024-06-25,41750.78891104251
2024-06-26,41716.37222934891
2024-06-27,41843.58187199158
2024-06-28,41767.518048268204
2024-07-01,41880.91162132245
2024-07-02,42348.60784901644
2024-07-03,43059.03314509642
2024-07-04,42854.3207863623
2024-07-05,43158.627066188
2024-07-08,42918.30482662871
2024-07-09,43008.14829534007
2024-07-10,43386.370207718566
2024-07-11,42616.98025951738
2024-07-12,42484.91767355517
2024-07-15,42907.369003919855
2024-07-16,43184.72976792389
2024-07-17,42092.48680265329
2024-07-18,41640.524585060506
2024-07-19,41332.16151962103
2024-07-22,41930.923190265516
2024-07-23,42001.45336271389
2024-07-24,40702.40052595065
2024-07-25,39969.94827571276
2024-07-26,40429.454861020255
2024-07-29,40139.37889324061
2024-07-30,39669.92576420209
2024-07-31,40739.66811450297
2024-08-01,39808.91813762495
2024-08-02,39417.71965377987
2024-08-05,38135.58457695615
2024-08-06,38638.341289803095
2024-08-07,38175.18292736336
2024-08-08,39407.292345888825
2024-08-09,39346.819662269474
2024-08-12,39495.130065342666
2024-08-13,39864.6860253961
2024-08-14,39818.73881517079
2024-08-15,40563.64089259924
2024-08-16,40875.5372707979
2024-08-19,40666.50013211347
2024-08-20,40405.46138989578
2024-08-21,40250.64046057699
2024-08-22,40032.87185036759
2024-08-23,40822.87631573688
2024-08-26,40102.2110321328
2024-08-27,40249.85554588407
2024-08-28,39919.90393721725
2024-08-29,40148.70209557075
2024-08-30,40195.92521711424
2024-09-02,40220.83168207904
2024-09-03,40031.83729304679
2024-09-04,40211.429132490084
2024-09-05,40423.1343131791
2024-09-06,39434.08815842315
2024-09-09,39856.41496567352
2024-09-10,40181.446723693676
2024-09-11,40262.551508796445
2024-09-12,40759.284498283545
2024-09-13,40436.612036559716
2024-09-16,40207.88704074195
2024-09-17,40290.044033113154
2024-09-18,40326.09798815389
2024-09-19,41016.43096579104
2024-09-20,40659.74976590582
2024-09-23,40746.18352672136
2024-09-24,41094.07876325499
2024-09-25,40670.569646166565
2024-09-26,40739.93272042252
2024-09-27,40342.15452602237
2024-09-30,40354.56546073231
2024-10-01,40529.910198396705
2024-10-02,40388.74810504133
2024-10-03,40527.67596752966
2024-10-04,40850.146384343614
2024-10-07,40875.24028233007
2024-10-08,41061.060570373505
2024-10-09,41161.96541778045
2024-10-10,41361.298389866926
2024-10-11,41461.742301702754
2024-10-14,41348.82017551622
2024-10-15,41276.190932678684
2024-10-16,41533.77246072698
2024-10-17,41849.81754045892
2024-10-18,42042.46689659795
2024-10-21,41928.30404317342
2024-10-22,42349.923040099486
2024-10-23,42077.83607906132
2024-10-24,42720.60715577723
2024-10-25,42723.415416296964
2024-10-28,42808.04454745872
2024-10-29,42783.71865471133
2024-10-30,42791.054336298424
2024-10-31,42589.66404146917
2024-11-01,42673.91318756785
2024-11-04,42381.18391853176
2024-11-05,43030.10614464358
2024-11-06,43632.14740305019
2024-11-07,44876.93162304847
2024-11-08,44713.5260774468
2024-11-11,45703.99304638031
2024-11-12,45622.97621259073
2024-11-13,45986.84507696865
2024-11-14,45574.89345835824
2024-11-15,45329.92719735354
2024-11-18,45463.65530907119
2024-11-19,45926.44823272328
2024-11-20,45927.52007343181
2024-11-21,46084.39581061587
2024-11-22,46471.35084908974
2024-11-25,45492.80226619833
2024-11-26,45641.25715985705
2024-11-27,45687.20392212305
2024-11-28,45599.94908788992
2024-11-29,46163.254201679294
2024-12-02,46108.44576221275
2024-12-03,46241.218274438426
2024-12-04,46526.28928249273
2024-12-05,46129.404892322025
2024-12-06,46422.98065375473
2024-12-09,46028.16355294696
2024-12-10,45580.062588552864
2024-12-11,46298.662722731126
2024-12-12,46090.01457860592
2024-12-13,46082.30898809599
2024-12-16,46683.33280009942
2024-12-17,46491.8699993347
2024-12-18,45214.75060034979
2024-12-19,45355.2396237351
2024-12-20,45806.58134583677
2024-12-23,45425.3430152822
2024-12-24,46165.651549221955
2024-12-25,45905.07496492204
2024-12-26,45859.591234222
2024-12-27,45237.022439775166
2024-12-30,44580.49665197229
2024-12-31,44755.728595127584
2025-01-02,44983.46641266235
2025-01-03,45661.814126331556
2025-01-06,46026.33381674945
2025-01-07,45536.20292603248
2025-01-08,45358.44712934959
2025-01-09,45358.3729225381
2025-01-10,44820.19384040341
2025-01-13,44714.42415040486
2025-01-14,44829.91923712426
2025-01-15,45922.034179579365
2025-01-16,45586.95702282031
2025-01-17,46424.858589849806
2025-01-20,46227.67680141173
2025-01-21,46208.40229116884
2025-01-22,46448.50546965199
2025-01-23,46569.60095361861
2025-01-24,46708.4783936521
2025-01-27,45260.66292178348
2025-01-28,46243.95649499908
2025-01-29,46051.074975170195
2025-01-30,46501.12010960613
2025-01-31,46218.34877560455
2025-02-03,46566.98958861934
2025-02-04,47147.8585456686
2025-02-05,47004.166423806026
2025-02-06,47165.43832580206
2025-02-07,46925.04556477353
2025-02-10,47276.25799868184
2025-02-11,47061.79266771643
2025-02-12,47408.5561920619
2025-02-13,47703.9995309816
2025-02-14,47365.00286743463
2025-02-17,47426.07387872981
2025-02-18,47317.58676038089
2025-02-19,47032.51004714851
2025-02-20,46453.197104293344
2025-02-21,45565.485627740745
2025-02-24,45026.702256394565
2025-02-25,44567.68115665173
2025-02-26,44804.747901071925
2025-02-27,44175.74140124488
2025-02-28,45036.19778808656
2025-03-03,44994.62962303113
2025-03-04,44305.53811310057
2025-03-05,44420.630454679966
2025-03-06,43244.825716282256
2025-03-07,43307.536601264204
2025-03-10,42136.580475245486
2025-03-11,42485.5749433551
2025-03-12,42708.21389706324
2025-03-13,42335.42322563028
2025-03-14,43020.18783981639
2025-03-17,43239.712553629535
2025-03-18,42917.43377710987
2025-03-19,43584.160277249735
2025-03-20,43498.81288470033
2025-03-21,43943.669485579194
2025-03-24,44805.55776488071
2025-03-25,45089.07726548512
2025-03-26,44355.03394811219
2025-03-27,44743.47712536437
2025-03-28,43758.15441733863
2025-03-31,44266.59167860015
2025-04-01,44204.42013581497
2025-04-02,44725.2356694455
2025-04-03,43569.13740159119
2025-04-04,41925.55857786778
2025-04-07,42120.85000509504
2025-04-08,42091.57614764665
2025-04-09,44092.40301446883
2025-04-10,43290.100125294135
2025-04-11,43425.64870395056
2025-04-14,43268.95210428549
2025-04-15,43483.84268640699
2025-04-16,43580.048488458
2025-04-17,43197.06551270013
2025-04-18,43197.06551270013
2025-04-21,43165.59838717139
2025-04-22,43576.7565082571
2025-04-23,43810.68501417885
2025-04-24,44514.67402031117
2025-04-25,44218.53259933258
2025-04-28,44671.75357233076
2025-04-29,44402.24687455989
2025-04-30,44335.440296539564
2025-05-01,43805.29917197056
2025-05-02,44509.10512728577
2025-05-05,44198.028432022234
2025-05-06,44096.63170218733
2025-05-07,43764.18971909241
2025-05-08,43713.79908934058
2025-05-09,43971.69752011811
2025-05-12,43812.27047263377
2025-05-13,44857.98567020195
2025-05-14,44660.26145971943
2025-05-15,45141.796925332594
2025-05-16,45067.137205018065
2025-05-19,45160.33786993239
2025-05-20,45179.907972400135
2025-05-21,44708.31236971203
2025-05-22,44421.76206642106
2025-05-23,44782.901395309425
2025-05-26,44506.163540750895
2025-05-27,44504.10501706437
2025-05-28,44548.722153694034
2025-05-29,44637.834158576836
2025-05-30,44468.947428847976
2025-06-02,45137.01827494626
2025-06-03,45122.35532775846
2025-06-04,45180.53775537887
2025-06-05,44319.36175926727
2025-06-06,44599.62259848293
2025-06-09,45280.48592078707
2025-06-10,45235.50894127055
2025-06-11,45249.0486152826
2025-06-12,45042.69717106311
2025-06-13,44925.502182062126
2025-06-16,45303.510875086606
2025-06-17,45001.58427060846
2025-06-18,45591.69527183495
2025-06-19,45657.46555069415
2025-06-20,45622.7693307853
2025-06-23,46441.89607626152
2025-06-24,46558.42424145218
2025-06-25,46555.39516010471
2025-06-26,46753.46384107392
2025-06-27,46440.540518011796
2025-06-30,46683.128348634425
2025-07-01,45704.933721631845
2025-07-02,46310.50619937588
2025-07-03,46457.04112330358
2025-07-04,46550.51323746705
2025-07-07,46430.48186360068
2025-07-08,46820.527738831246
2025-07-09,47360.84344875931
2025-07-10,47744.08435360847
2025-07-11,47796.811133197145
2025-07-14,47697.77412077902
2025-07-15,47994.68853666179
2025-07-16,48272.32483760548
2025-07-17,48385.92215614337
2025-07-18,48200.70834898681
2025-07-21,48210.27528865392
2025-07-22,47625.74045085232
2025-07-23,47791.674389156
2025-07-24,47923.017181299576
2025-07-25,48219.893832351736
2025-07-28,48623.09549773782
2025-07-29,48476.46279891641
2025-07-30,48684.417439542536
2025-07-31,48946.45622132519
2025-08-01,47726.00027233384
2025-08-04,48046.39821870859
2025-08-05,47801.29352875167
2025-08-06,47622.49598020714
2025-08-07,48030.32861153034
2025-08-08,48343.57203548883
2025-08-11,48371.04121059311
2025-08-12,49182.96354462881
2025-08-13,49201.28817897939
2025-08-14,48778.70019054824
2025-08-15,48712.71358983285
2025-08-18,48624.57438039426
2025-08-19,47484.45267324717
2025-08-20,47404.133212558176
2025-08-21,47097.30821349625
2025-08-22,48154.72608973026
2025-08-25,47212.349576607456
2025-08-26,47743.11528169293
2025-08-27,47762.51258555641
2025-08-28,48053.119458299465
2025-08-29,47421.65320430443
2025-09-01,47483.39390873164
2025-09-02,47304.968559833804
2025-09-03,47786.38852880203
2025-09-04,47944.14401843604
2025-09-05,48147.088785133834
2025-09-08,48149.470754505324
2025-09-09,48530.74998357804
2025-09-10,49275.28153294296
2025-09-11,49705.01378099222
2025-09-12,49907.96408927701
2025-09-15,50402.848210918804
2025-09-16,50648.60236200811
2025-09-17,49849.76032150625
2025-09-18,51027.510204951934
2025-09-19,51307.04835687856
2025-09-22,51123.5656277863
2025-09-23,50866.90752036198
2025-09-24,51030.96355331989
2025-09-25,51665.909230158126
2025-09-26,51729.69244158438
2025-09-29,51862.00076475857
2025-09-30,51678.53836716027
2025-10-01,52702.83377286095
2025-10-02,52670.542284612275
2025-10-03,52715.53632847272
2025-10-06,53884.594835573436
2025-10-07,54029.10559686132
2025-10-08,55027.3012549207
2025-10-09,54534.83438159208
2025-10-10,53550.35431639741
2025-10-13,54832.21440746567
2025-10-14,54691.64696796013
2025-10-15,55689.74165638482
2025-10-16,55713.894734345246
2025-10-17,55494.687932466346
2025-10-20,57155.94504625352
2025-10-21,55426.750528611425
2025-10-22,55315.86645216365
2025-10-23,56101.4049735577
2025-10-24,56801.32488624826
2025-10-27,56908.858022588865
2025-10-28,57024.422327409826
2025-10-29,57046.39700390049
2025-10-30,56715.500389535315
2025-10-31,56631.5511897608
2025-11-03,57150.23715542446
2025-11-04,55865.24467304348
2025-11-05,56699.48885829637
2025-11-06,55628.03991462193
2025-11-07,55461.52895562094
2025-11-10,56959.877897535014
2025-11-11,56538.9546388698
2025-11-12,57025.23738120182
2025-11-13,55507.938715800905
2025-11-14,55157.46047257673
2025-11-17,54618.70217845505
2025-11-18,54056.896408472196
2025-11-19,54157.07092579779
2025-11-20,52836.740892243084
2025-11-21,53266.08262729238
2025-11-24,54814.28545541526
2025-11-25,55149.02803274249
2025-11-26,55729.29111454215
2025-11-27,55591.17980999563
2025-11-28,56383.65518116197
2025-12-01,56331.37128107528
2025-12-02,56338.05989677386
2025-12-03,56610.669654738864
2025-12-04,56412.55106194754
2025-12-05,56891.18854201087
2025-12-08,56381.01941533579
2025-12-09,56875.34446048635
2025-12-10,56962.4121281236
2025-12-11,56850.419663636734
2025-12-12,55939.982267714695
2025-12-15,56198.548775802024
2025-12-16,55888.945674724324
2025-12-17,55232.051568548
2025-12-18,55910.57075662485
2025-12-19,56349.00328041912
2025-12-22,56950.42522398994
2025-12-23,56684.597879585264
2025-12-24,56758.352825119575
2025-12-25,56755.07221695924
2025-12-26,56685.23267721692
2025-12-29,55904.721656660324
2025-12-30,56892.40135737884
2025-12-31,56242.68889867211
2026-01-02,56501.94986692743
2026-01-05,57170.920284761356
2026-01-06,57391.31887953927
2026-01-07,56956.41742760789
2026-01-08,57000.73307991997
2026-01-09,57670.49701532812
2026-01-12,58293.26732071389
2026-01-13,57802.84589753725
2026-01-14,58153.89412863274
2026-01-15,57856.01867757482
2026-01-16,57816.93681644232
2026-01-19,57807.72891049145
2026-01-20,57388.921306290846
2026-01-21,57896.88480345821
2026-01-22,59088.59958983339
2026-01-23,58914.61073606548
2026-01-26,59446.6231548048
2026-01-27,59714.00736098661
2026-01-28,59890.24013102319
2026-01-29,60160.94510009134
2026-01-30,58065.45589545424
2026-02-02,58498.31301461589
2026-02-03,59062.6121402775
2026-02-04,59769.60800018147
2026-02-05,59515.83649273535
2026-02-06,60444.89892051467
2026-02-09,60815.0886046842
2026-02-10,60183.41411709696
2026-02-11,60584.85294547089
2026-02-12,60216.78345585694
2026-02-13,60497.21503659486
2026-02-16,60389.51367092014
2026-02-17,59835.8079790748
2026-02-18,60324.86111890404
2026-02-19,60382.66207941635
2026-02-20,60360.815386246686
2026-02-23,60720.19555388961
2026-02-24,60717.788222206684
2026-02-25,61406.879200483745
2026-02-26,60807.54981466954
2026-02-27,61492.35485849748
2026-03-02,61023.43416347699
2026-03-03,60121.35625073941
2026-03-04,59580.05495000087
2026-03-05,59574.963217846576
2026-03-06,59927.166906780665
2026-03-09,59638.76309312505
2026-03-10,60568.79175426076
2026-03-11,60237.73003901261
2026-03-12,60813.217713507576
2026-03-13,60887.22713077732
2026-03-16,61141.32357164298
2026-03-17,61937.56457854933
2026-03-18,61415.18117262829
2026-03-19,61357.76750819015
2026-03-20,60465.527549583916
2026-03-23,60568.16848664399
2026-03-24,60044.46526283625
2026-03-25,60772.23355943232
2026-03-26,59959.19587441886
2026-03-27,60413.88203495911
2026-03-30,60783.217601138065
2026-03-31,61764.467580764
2026-04-01,61943.93911697961
2026-04-02,62203.15742177475
2026-04-03,61692.75178702297
2026-04-06,62046.26304122114
2026-04-07,62592.49081474106
2026-04-08,62733.173828993575
2026-04-09,63553.972952295815
2026-04-10,63587.30459438529
2026-04-13,63952.50381374642
2026-04-14,64110.49298426007
2026-04-15,64098.10031882396
2026-04-16,64224.77571078705
2026-04-17,64088.6402277521
2026-04-20,63800.80539273055
2026-04-21,63236.44305059056
2026-04-22,64110.761794003214
2026-04-23,64247.31699564454
2026-04-24,65845.0598962924
2026-04-27,66077.9695610349
2026-04-28,65928.03126489918
2026-04-29,66963.27976812211
