,AAPL,ADBE,ADVANC.BK,AMD,AMZN,AOT.BK,AVGO,BA,BAC,BANPU.BK,BBL.BK,BDMS.BK,BEM.BK,BGRIM.BK,BH.BK,BRK-B,C,CBG.BK,CPALL.BK,CPF.BK,CPN.BK,CRM,DELTA.BK,DIS,EA.BK,GOOG,GOOGL,GPSC.BK,HD,HMPRO.BK,INTC,IVL.BK,JNJ,JPM,KBANK.BK,KCE.BK,KTB.BK,MA,META,MINT.BK,MSFT,MTC.BK,MU,NFLX,NVDA,PTT.BK,PTTEP.BK,PTTGC.BK,QCOM,SAWAD.BK,SCC.BK,TOP.BK,TRUE.BK,TSLA,TTB.BK,UNH,V,WFC,WMT,XOM
2017-12-29,0.0,0.05999999999999987,9.656653839042573e-17,6.394433851411976e-18,0.05999999999999987,0.05999999999999983,5.70631894835425e-17,0.05999999999999994,0.05990362680503137,0.04009637319496872,1.3747836992463324e-17,0.0,2.7421133837304857e-17,0.0,1.305192463757737e-16,2.2008838613680933e-17,4.363905609885803e-17,2.3953532380573474e-17,0.059999999999999866,4.3212797761568366e-17,8.479214699787978e-17,1.64382180601905e-17,9.65343725339194e-19,9.374972205393327e-18,0.059999999999999956,1.5217057073659613e-17,1.760119013906557e-17,0.05999999999999993,0.059999999999999894,0.0,0.05999999999999987,0.05999999999999993,2.05601448688932e-18,6.989978113242875e-17,0.059999999999999956,1.5132170495232713e-17,5.2186870115225546e-18,1.3522324881361398e-17,2.5607231083818775e-17,7.831546718834066e-18,0.05999999999999985,4.290846201728905e-17,4.184769085909663e-17,6.023668804841088e-18,4.030509991769827e-17,0.0,0.0,8.97020730690417e-17,0.05999999999999992,1.3052533639840789e-17,3.190973380158037e-17,0.0,2.9958299530527806e-17,5.246808843679086e-17,0.05999999999999985,1.2420071600990306e-16,8.436920740755205e-17,7.365956461937634e-17,0.05999999999999984,1.2258882581222472e-18
2018-01-31,1.220718754921637e-16,2.7718452749809626e-17,5.273843984213019e-17,0.05999999999999986,0.05999999999999985,0.059999999999999776,8.439860807248523e-17,0.059999999999999803,0.0,0.05999999999999989,0.0,1.5311932715032303e-17,2.8176364775669175e-17,0.0,1.2138179777725548e-16,9.897066226018534e-18,1.270625580502557e-16,5.782443354884855e-17,0.040000000000000174,2.1997176030513234e-17,0.0,3.7122692343178885e-17,4.926375885326948e-17,3.0063905356634187e-17,0.05999999999999988,1.5146664995873435e-16,0.0,0.05999999999999982,0.059999999999999866,1.929120144767567e-16,7.838584389263583e-17,0.059999999999999824,2.5949595358065284e-17,0.0,3.5086958434728676e-17,5.951292867847075e-17,1.98031853758645e-16,2.9685014228702484e-17,4.666289383607667e-17,7.241541244002006e-17,6.423343620720544e-17,1.2508923461092672e-16,3.879560097317661e-17,0.05999999999999982,0.0,0.059999999999999824,0.0599999999999998,0.05999999999999979,0.05999999999999993,5.335235458200027e-17,5.136473738793499e-17,5.623155386885936e-17,0.05999999999999986,0.0,0.0,0.0,2.6429114677612264e-17,7.077091550880234e-17,0.05999999999999993,2.4049133170564455e-18
2018-02-28,3.4911433672222e-17,0.011340432034781413,0.05999999999999988,0.0,0.05999999999999992,0.059999999999999935,2.6298815355503456e-17,0.059999999999999984,4.61705146253572e-18,0.059999999999999984,1.3609102962976028e-16,2.4351079474221018e-17,0.0,0.0,0.0,4.458469071210952e-17,3.7270815524508175e-17,0.0,0.059999999999999984,1.7564541518975023e-17,3.2037072393859012e-18,0.0,2.2941127147496753e-17,1.302617247569801e-17,0.05999999999999997,2.1713282724812354e-17,0.0,0.059999999999999984,4.0495264848806296e-18,0.05999999999999992,0.0,4.0087874093773006e-17,1.4193687646485206e-17,0.0,0.0,4.816126604518962e-18,0.0,0.059999999999999915,0.0,1.749977260012379e-17,4.996453457011842e-17,0.020911870298609043,0.007747697666609675,0.05999999999999995,0.05999999999999997,0.059999999999999984,0.059999999999999984,0.059999999999999894,0.0,0.0,0.0,0.05999999999999997,1.673615429952488e-16,0.0,0.0,0.0,0.0,0.0,2.6598475707577242e-17,0.0
2018-03-30,0.0,0.05999999999999979,0.05999999999999983,5.918470471708197e-18,0.05999999999999979,3.2261079666974125e-17,0.0,8.436119614317367e-16,6.489865870629128e-17,9.746700380737504e-17,0.0,0.05999999999999985,5.929623363108729e-17,0.0,0.05999999999999988,0.0,0.0,1.70211056888115e-17,0.05999999999999988,8.319613354243526e-16,0.0,0.0,0.0,6.692539395355867e-18,8.805023124685645e-18,1.1874636315014986e-17,0.0,0.0,1.8556274850754412e-17,0.05999999999999988,0.04258767746180892,0.05741232253819084,3.977225760226092e-17,5.025000114906409e-17,2.0823453781080947e-18,5.792925508392978e-17,0.0,0.059999999999999734,0.0,0.0,1.6747327730102832e-16,0.0,0.05999999999999988,0.05999999999999988,0.05999999999999978,0.05999999999999984,0.05999999999999983,0.05999999999999988,8.924137850918525e-17,2.5980358368966642e-17,0.0,2.1421423613224456e-17,0.05999999999999988,6.172961018642751e-17,4.5266060379861234e-17,8.265092997494866e-17,0.0,0.0,0.0,0.0
2018-04-30,0.0,0.059999999999999894,0.059999999999999803,0.0,0.05999999999999987,2.969801668485267e-16,2.642715192361151e-17,0.0,0.0,5.924391732649121e-17,0.0,0.05999999999999986,1.3709185796459047e-16,0.0,2.3954130102964962e-17,0.0,9.542528275162233e-18,1.0521735282240268e-17,0.059999999999999824,0.04000000000000128,0.0,0.05999999999999984,5.562886463293e-17,0.0,0.0,0.0,6.428071067326613e-18,0.0,6.837193238912524e-17,0.05999999999999984,0.05999999999999986,0.059999999999999894,5.439190764043234e-17,6.663142236047377e-17,2.882834829959982e-17,2.4953892443684997e-17,3.1495851294771506e-17,0.059999999999999755,3.0094420963156387e-17,1.4862643234210463e-17,0.0,9.24394578088218e-18,0.05999999999999987,0.059999999999999845,7.01129017768413e-17,0.05999999999999991,0.059999999999999803,0.05999999999999991,0.0,0.0,0.0,5.3863096913457424e-17,0.05999999999999988,0.0,0.0,3.047001666320121e-17,0.0,5.660497634344793e-17,0.0,0.0
2018-05-31,0.00574143644177333,0.059999999999999984,7.5526983587288e-17,0.059999999999999984,0.05999999999999989,0.0,3.1947081191267396e-18,0.0,0.0,1.7885924739789183e-17,5.779884195742762e-18,0.059999999999999984,0.059999999999999866,0.0,0.0,3.2678580112029223e-17,0.0,0.0,2.4545454864801875e-18,0.059999999999999984,9.602880464582155e-18,4.1215151152331864e-17,1.6135494009153648e-17,0.0,8.117806485533939e-18,4.947977740981601e-17,0.0,2.5733304997543392e-17,5.67356109280049e-17,0.0,0.059999999999999984,0.059999999999999984,0.0,0.0,1.4667249282759997e-17,0.0,4.08255564756328e-17,0.05999999999999998,0.02585258930983817,0.0,0.0,3.2457730068391366e-17,0.05999999999999996,0.059999999999999984,0.059999999999999984,0.0,0.059999999999999984,0.0,0.0,0.0,0.0,0.0,0.059999999999999984,1.1606079438185263e-17,0.0,0.008405974248388742,0.05999999999999985,1.9404231582993248e-17,3.5197013003021913e-17,0.05999999999999998
2018-06-29,0.06000000000000001,0.06000000000000001,0.0,0.06000000000000001,0.06000000000000001,0.0,1.1889057352618943e-16,5.058859314755069e-17,8.827215373644442e-17,7.076506226812525e-17,1.4618756968236351e-16,2.9567953868167133e-17,2.5102513195026845e-17,0.0,2.2108716941116852e-17,3.3637258805761884e-18,1.403185485238395e-16,5.8974829693264505e-18,0.0,3.79136584793132e-17,3.285586488999747e-17,0.06000000000000001,4.679967647623561e-17,0.0,4.387260900245431e-17,0.06000000000000001,0.05999999999999999,0.0,0.059999999999999956,1.6192936905990794e-17,1.598576651177217e-16,6.079998621892035e-17,0.0,1.5201079287019712e-16,2.0297972385177893e-17,0.012520851123438755,4.8072522823902115e-17,0.05999999999999996,0.05999999999999977,4.1877105092528546e-17,0.06000000000000001,2.3392884726807353e-17,4.015801033525637e-17,0.05999999999999988,2.3257538071218897e-16,4.610646014231081e-17,0.05999999999999997,0.0,3.205939370373035e-17,3.2941690279927887e-17,0.0,0.0,8.410615185281717e-18,0.0599999999999999,0.0,0.027479148876559726,0.05999999999999993,2.6699845085769507e-16,1.6694987699488194e-16,0.05999999999999987
2018-07-31,0.0,0.01538427148539944,0.0,0.05999999999999987,0.05999999999999994,2.6861837000262495e-19,0.0,0.02248346353815693,0.0,6.952747310202174e-17,2.570524289318546e-17,0.05999999999999994,6.170844969698734e-17,0.0,1.3792106087408151e-17,0.0,0.0,0.0,0.0,1.0285799156558593e-16,0.0,0.05999999999999994,0.0,0.05999999999999994,0.0,0.05999999999999994,0.05999999999999994,0.0,0.04529716938173994,1.0415165943973901e-17,0.0,1.4281617445980993e-17,0.059999999999999915,2.6320817767783767e-16,0.05999999999999994,0.05999999999999994,3.2273280069403594e-17,0.0,1.1189460788146818e-17,8.183265578706326e-17,0.059999999999999866,0.0,0.05999999999999993,0.0168350955947036,0.0,7.376299566833856e-17,5.679951503669322e-17,0.0,0.05999999999999994,0.0,2.163433521767383e-17,0.0,0.0,0.0,0.0,0.05999999999999994,0.0,0.05999999999999994,2.99720022132625e-18,2.1321626003940737e-16
2018-08-31,0.05999999999999987,2.7901549359263586e-17,0.0,0.059999999999999956,0.059999999999999956,0.0,0.0,0.0,1.5177850228452257e-18,0.0,3.6447795172914713e-17,0.0,8.048423543663538e-17,0.0,0.0,0.05999999999999995,6.004103119416611e-17,0.0,0.0,3.8992387053049254e-17,2.3972838379843988e-17,0.059999999999999956,1.8029177602025998e-17,0.059999999999999956,2.7566388245226495e-17,0.0,0.0,0.0,7.344635660915607e-17,2.214621485287492e-17,2.4340975327172087e-17,1.836295278324883e-17,0.059999999999999894,1.6200173268790444e-17,1.7103241301512986e-17,0.05999999999999991,0.0,0.022893487079488916,0.0,0.05999999999999991,0.0599999999999999,0.059999999999999956,4.3328592552756676e-17,0.0,0.0,3.657784316316658e-17,4.10081915642531e-17,0.0,0.059999999999999956,0.059999999999999956,0.0,0.0,5.885866948971659e-18,1.7279777284183345e-18,0.0,0.059999999999999956,0.059999999999999935,0.017106512920511505,0.05999999999999993,0.0
2018-09-28,0.05999999999999997,0.0,0.0,0.05999999999999997,0.05999999999999997,0.0,2.232853947595399e-17,7.820990359196824e-19,0.0,0.0,0.0,2.428172325486761e-17,0.0,0.0,4.254098763510269e-17,0.00998488610598164,0.0,3.742831426775377e-17,0.0,1.6392422554024466e-17,0.05999999999999994,0.027239131949559226,0.05999999999999997,5.2356707776655704e-17,0.059999999999999956,0.0,4.249379891079475e-17,0.0,1.5358383739834898e-17,0.002775981944459173,6.5181202324885e-18,0.0,1.1021027719858069e-16,4.2209787619179757e-17,1.0559546164138521e-16,0.0,0.05999999999999989,2.0278027968135833e-18,0.0,0.059999999999999915,0.05999999999999997,0.05999999999999993,6.375179098324392e-17,0.0,0.059999999999999915,0.05999999999999997,0.059999999999999956,5.1742682769622635e-18,0.05999999999999994,0.05999999999999997,4.2332916093761945e-17,0.059999999999999956,0.0,0.0,0.0,1.0082224014791952e-17,0.0,5.4963811569552096e-18,5.78442957682309e-17,4.292207929683159e-17
2018-10-31,0.05999999999999997,3.108709418574781e-17,0.016183123753690135,0.0,0.0,4.914965500254843e-17,0.05999999999999997,0.05999999999999988,0.0,1.6325434230549798e-17,0.05999999999999994,0.0,0.059999999999999935,0.0,0.05999999999999992,0.05999999999999997,0.0,2.054322805832628e-17,0.0,3.4567135782618407e-17,2.1871375719621025e-17,0.0,0.0,0.011955513694353314,0.05999999999999995,5.945225299467645e-17,0.0,1.6558785074442056e-17,0.0,0.05999999999999997,0.0,5.88426698013767e-17,0.05999999999999993,5.052408990216301e-18,0.0,5.022626582388419e-18,0.059999999999999956,0.0,7.019968755816235e-17,0.0,1.787042232634164e-17,0.059999999999999956,3.494148895991729e-18,0.0,0.0,8.681508585150271e-17,0.011312488623019762,0.0,0.0,0.05999999999999992,1.0977546996415728e-17,0.05999999999999986,0.0,0.0,1.2685165418080396e-17,0.05999999999999997,0.0,0.0,0.05999999999999993,0.0005488739289372456
2018-11-30,0.0,9.231931352156657e-17,0.0,0.0,6.675293436227731e-18,7.947877332163789e-17,0.059999999999999915,0.0,2.973524400346652e-17,2.0225520553618895e-17,8.239936510889826e-17,0.05934676683149312,0.05999999999999986,0.0,0.05999999999999994,0.05999999999999994,5.5107959693740566e-18,2.3034659691979923e-17,0.0,0.0,0.0,8.315978039181e-18,0.0,0.05999999999999994,0.059999999999999935,0.0,2.2864622490999226e-17,1.7357432135046223e-17,0.0,0.05999999999999994,0.05999999999999994,0.0,0.05999999999999994,0.0,8.838832826476438e-18,4.041226633744684e-17,0.05999999999999994,4.002732893672641e-18,5.231907635110386e-17,0.0,0.0,0.05999999999999994,0.0,9.607955214209104e-18,1.0207229933894641e-16,4.303156154500275e-17,4.585997392089986e-18,2.2926069009226728e-17,0.0,0.059999999999999915,0.0,0.0,4.250470325994766e-17,0.05999999999999994,0.05999999999999994,0.059999999999999935,0.0,3.309914078773569e-17,0.04065323316850696,1.7496284682986633e-16
2018-12-31,0.0,0.0,2.1176239144176556e-16,3.309894062574799e-17,6.118972372355612e-17,0.059999999999999956,0.059999999999999935,0.0,2.3823517560948647e-17,4.498911766322035e-17,0.059999999999999956,0.059999999999999956,0.05999999999999995,0.0,0.059999999999999956,0.05041387390365819,0.0,6.085262690941492e-17,0.059999999999999915,0.059999999999999956,0.0,3.8656745803051715e-17,0.05999999999999993,1.859775508352293e-17,1.9222194734253765e-17,4.131974364432608e-17,9.884535048229952e-17,5.553557547643943e-17,0.0,0.05999999999999989,0.059999999999999956,2.1174063108199812e-16,0.0,0.0,1.9243398890023005e-17,0.0,0.04958612609634105,1.5264091775269216e-17,0.0,0.0,9.989803549676773e-17,0.059999999999999824,2.1364873039465132e-17,0.0,0.0,5.60754776655235e-17,0.0,1.3652510581565685e-16,0.0,0.0,0.05999999999999994,0.0,0.0,0.05999999999999987,2.560978610309341e-17,3.159619021667147e-16,5.462222430676374e-17,8.21117631133846e-17,0.059999999999999956,0.0
2019-01-31,0.0,0.0,0.0,0.05999999999999994,6.195034805055515e-17,0.059999999999999956,0.05999999999999997,0.03322215981683858,0.0,2.1711298154676645e-17,0.05999999999999997,0.0,0.05999999999999997,0.0,0.0,3.404278269758735e-17,7.101677338558068e-17,0.0,0.05999999999999997,0.05999999999999995,0.05999999999999994,0.059999999999999956,0.022715111509787837,5.975580976563397e-17,9.82788450800954e-18,0.0,0.0,0.05999999999999997,4.267286759220288e-17,0.05999999999999994,0.0,0.0,1.1831950324659421e-17,0.0,0.0,1.8757709928366624e-17,8.018717196541818e-18,1.886511780124777e-16,0.05999999999999993,0.05999999999999989,0.0,0.0,0.0,0.04406272867337361,0.0,0.0,0.0,0.0,1.7959025256676485e-18,0.059999999999999956,0.05999999999999994,1.5837891933878775e-17,7.655344327776758e-17,0.0,1.0553064275762072e-16,0.0,8.839161596320258e-18,5.008708133949113e-17,0.0,2.0331489528587072e-17
2019-02-28,3.358727741054184e-17,0.0,0.04193201939685476,0.032863708282919464,0.0,0.059999999999999956,0.05999999999999991,0.05999999999999997,0.0,1.5991540402360858e-17,7.865101546418084e-17,3.7694510725174436e-17,0.05999999999999997,0.0,0.0,3.719615526828919e-17,0.0,0.05999999999999991,0.05999999999999997,0.04183521080886052,1.8988598075824847e-17,0.059999999999999894,0.04336906151136532,3.214274193805839e-17,0.0,0.0,2.3888742816081274e-17,0.05999999999999996,0.0,4.7764616756868184e-17,0.05999999999999993,5.615152124378185e-17,1.571799730569857e-17,5.045677685467383e-17,7.372574772901426e-17,2.5940566746499025e-17,6.752805641448875e-17,0.05999999999999995,0.05999999999999996,0.0599999999999999,5.164592706463527e-17,2.3714268574711772e-17,0.0,0.0599999999999999,3.994706751094164e-18,8.753558188507724e-17,6.236338094417647e-17,5.956397986133421e-17,0.0,1.1260303413184206e-17,0.05999999999999995,9.525570211307553e-18,0.0,1.3316049497736834e-17,0.0,0.0,3.9582061676515046e-17,3.0879152177019164e-17,9.163204241845115e-17,6.150162457770526e-17
2019-03-29,0.059999999999999984,0.023279864207180968,2.6061027783180682e-17,0.059999999999999984,0.059999999999999984,1.2251076629347018e-17,0.059999999999999984,0.05999999999999993,1.122114759083195e-16,0.0,5.489115880191996e-17,0.0,0.0,0.05999999999999998,0.0,0.0,0.05999999999999998,0.059999999999999984,0.0,0.0,0.0,2.319546937842495e-17,0.0,2.2147954352913452e-17,0.0,7.171778573517806e-17,4.01196483763833e-18,1.5291167598434396e-18,8.564554086529005e-17,0.0,0.0,1.1545852306174274e-17,0.0,0.0,0.0,0.0,0.0,0.059999999999999984,0.059999999999999984,0.016720135792818877,9.840368721015355e-17,5.556561427061629e-18,0.059999999999999984,0.059999999999999984,0.059999999999999984,1.3322167921961314e-17,0.0,0.0,0.0,0.059999999999999984,1.3478085799463256e-17,2.0296861538302144e-17,0.0,0.0,2.4400773662743074e-17,0.0,0.05999999999999998,0.0,2.4036909008969428e-17,0.059999999999999984
2019-04-30,0.05999999999999995,0.059999999999999984,0.0,0.059999999999999984,0.058093091681098184,3.617129899350016e-17,0.05999999999999983,1.3235037085877709e-17,5.177842431773739e-17,0.0,0.0,5.677114027072474e-17,0.0,0.05471911257533084,0.0,0.0,7.53598215692971e-17,0.059999999999999984,0.0,0.0,0.0,5.81363816390604e-18,0.0,0.059999999999999935,0.05999999999999998,0.0,0.0,0.0,0.0471877957435708,0.0,0.0,0.0,1.5354617281778477e-17,0.059999999999999984,0.0,0.0,0.0,0.059999999999999984,0.059999999999999984,7.439941422634296e-18,0.059999999999999984,9.872976434591375e-17,2.151367537310747e-17,1.134306924358211e-17,0.059999999999999984,3.1612263909507006e-17,0.0,2.955766574133858e-17,0.05999999999999994,1.353626412348152e-16,2.656295322589485e-18,6.4103453448205434e-18,8.150489831659778e-17,2.7755575615628907e-17,0.0,0.0,0.059999999999999984,0.0,6.392727059517654e-17,1.0321604682062e-16
2019-05-31,7.921218595808966e-17,0.019918334484163528,0.05999999999999997,0.05999999999999997,0.010459635522219795,3.1025797727719193e-18,0.0,0.0,1.1599426146056343e-16,0.0,2.4319628435365884e-17,0.05999999999999991,0.05999999999999997,0.05999999999999992,2.5536343421183004e-17,0.0,5.0485703051280916e-17,0.05999999999999995,0.009622029993616592,0.05999999999999997,0.0,0.0,0.0,0.05999999999999997,0.05999999999999997,0.0,0.0,1.9743784281622653e-17,0.0,0.05999999999999997,3.269813527404089e-17,0.0,0.0,0.0,0.0,3.1448161411606553e-17,0.0,0.05999999999999997,0.0,0.0,0.059999999999999845,0.05999999999999997,4.739394301838447e-17,1.0587582306172672e-17,4.525788571690718e-17,3.635615474775167e-17,0.0,5.148036393754909e-17,0.05999999999999997,0.05999999999999997,0.0,4.2984658996397126e-17,5.0378095968214764e-17,1.6764385517000578e-17,2.1687989532561773e-17,0.0,0.05999999999999997,5.825695577363534e-18,0.0,0.0
2019-06-28,1.2841662976386318e-16,0.0,0.05999999999999994,0.05999999999999983,0.0,0.008708352772314337,4.805887464381768e-17,0.0,0.0,0.0,0.0,1.675916652402353e-18,0.059999999999999956,0.0599999999999999,0.0,1.1817115840617151e-17,9.596527414920086e-17,0.059999999999999956,0.059999999999999956,0.05999999999999991,0.0,3.2613500738532696e-18,0.0,0.059999999999999956,0.059999999999999956,0.0,2.4447089828944287e-17,0.059999999999999956,0.0,0.059999999999999956,0.0,4.088471349572309e-17,1.1096755075186547e-17,4.007676083923825e-17,0.0,0.0,1.0435730108525897e-16,5.52851010643241e-16,0.0,0.0,0.03129164722768531,0.059999999999999956,0.0,0.0,0.0,0.0,0.0,0.0,0.05999999999999995,0.059999999999999956,0.0,0.0,0.059999999999999956,0.0,2.7010789702342335e-17,2.5528079703091814e-18,4.829646537411751e-17,0.0,0.05999999999999993,6.513768018801236e-17
2019-07-31,4.8884193918244576e-17,0.0,0.05999999999999993,0.0402408630819774,0.0,0.059999999999999956,5.231123783562156e-17,4.127227549968507e-18,2.9561356616587165e-17,1.3880345913188175e-17,3.6826334548338563e-17,7.07771384045992e-17,8.205021689174327e-18,0.05999999999999993,2.8193262698003366e-17,0.0,3.869362307808143e-17,0.0599999999999999,0.05999999999999993,2.590569382031604e-17,3.443349657260292e-17,0.0,5.713763970267604e-18,0.0,0.0,3.210406292183784e-17,1.1130474306891023e-17,0.05999999999999991,0.0,0.05999999999999991,0.0,7.811839588527219e-18,3.1298671967828834e-17,7.065053198744475e-17,0.0,3.133449047670095e-17,0.05106795682968847,0.05999999999999994,2.6369658951873762e-17,0.05999999999999987,0.0,0.05999999999999987,1.7675547086033936e-17,1.1501684415707038e-17,2.5633471436850365e-17,0.0,0.029849310471350383,0.0,1.35780902531503e-18,0.059999999999999915,4.08143946046718e-17,0.0,0.05999999999999989,0.0,0.0,0.03884186961698405,0.059999999999999915,9.317068363328843e-17,0.05999999999999994,0.0
2019-08-30,0.05999999999999997,8.180790672496903e-17,0.059999999999999935,0.0,1.5721954518418295e-16,0.05999999999999997,3.238542809857107e-17,1.541026271626636e-16,2.9201131966515555e-17,4.8281752708883364e-17,0.0,4.5007490448558266e-17,8.500084909096543e-17,0.05999999999999982,2.932838310651156e-17,9.028134383348414e-17,3.995549086728604e-17,0.059999999999999845,0.0,0.0,3.3524651823324885e-18,1.2258824216464037e-16,6.672888014920038e-18,1.7779514407421225e-16,0.0,0.05999999999999977,0.05999999999999997,0.059999999999999866,0.059999999999999824,1.0525203994718172e-16,1.7478801382782755e-16,0.0,0.0,4.7474045257918064e-17,1.9123542937717106e-17,4.3750486895214974e-17,2.2474439775337666e-18,0.05999999999999997,0.0,6.413378839686181e-17,0.02490722811881113,6.152722633955308e-17,0.059999999999999866,0.0,0.05999999999999987,4.9314685331516954e-17,3.0033661587918144e-17,6.383542537039565e-17,0.05999999999999989,0.0,1.0881407893591075e-17,0.059999999999999894,0.059999999999999894,0.05999999999999997,0.0,0.0,0.0,1.3438716908937985e-18,0.015092771881188871,0.0
2019-09-30,0.059999999999999984,1.5163262503364945e-17,0.059999999999999984,7.516924253091501e-18,9.907492397510153e-18,0.0,0.0,0.059999999999999984,0.0,0.0,4.493078853155239e-17,0.0,1.0312426733511235e-18,0.059999999999999984,0.0,7.847031296368764e-18,1.0908559702406394e-16,0.059999999999999984,0.0,0.0,2.885033339752047e-17,0.0,0.0,0.0,0.0,0.059999999999999984,0.05999999999999997,0.059999999999999984,0.059999999999999984,0.0,0.05999999999999996,3.670423480368393e-18,0.0,0.059999999999999984,0.0,0.0,0.0,0.0,1.7357519215659378e-17,0.0,0.0,0.0,0.059999999999999984,0.0,0.059999999999999984,5.285085898688346e-17,0.0,0.0,0.0,4.0645562997833116e-17,0.0,0.059999999999999984,0.0,0.039999999999999925,0.0,4.9397516472673374e-18,0.0,0.059999999999999984,0.059999999999999984,9.853420582879562e-18
2019-10-31,0.05999999999999976,5.0653215520973777e-17,0.0599999999999998,0.0599999999999999,4.445603541226078e-17,0.05999999999999987,1.431146867680864e-16,2.1437616565076285e-17,0.040376092018504485,6.24834857792705e-18,2.1238034613932294e-16,0.0,4.3396275795029156e-17,0.05999999999999984,3.978990733605404e-17,1.1312882667135367e-16,5.930807350674798e-17,0.03166378750267644,0.0,2.148709021322105e-17,2.247873636158324e-17,0.0,0.0,1.2236329389214125e-16,0.0,0.0,0.0,0.059999999999999866,0.05999999999999974,0.0,0.059999999999999915,0.0,9.031580056153406e-17,0.059999999999999824,3.3401143875264254e-17,1.1029068889114345e-16,1.8988507924548896e-17,1.0911654562325262e-16,0.0,1.1955242472673752e-16,0.0,5.002210803245914e-17,0.059999999999999824,1.0185857108979893e-16,0.059999999999999894,1.4962003715034135e-17,3.550774912334316e-17,4.9349266773307484e-17,0.059999999999999803,0.059999999999999915,4.6834379735530334e-17,8.395365677530172e-17,2.5690578952727807e-17,0.059999999999999915,0.0,0.0,0.0,0.059999999999999824,0.027960120478819156,4.359675094283368e-16
2019-11-29,0.059999999999999935,1.2766954964936027e-16,1.553963730372823e-17,0.05999999999999994,0.0,7.939453218731059e-17,0.05999999999999988,0.0,0.059999999999999984,6.400321980291435e-17,0.0,0.0,5.1761568800480186e-17,0.0599999999999999,2.3415221105680277e-17,1.5247808693179382e-18,0.05999999999999997,5.0372942646789523e-17,2.7033512559127246e-17,6.918038415443538e-17,3.521305975070659e-17,5.551965146271913e-17,6.973038010736481e-18,2.318843230317851e-16,7.165485039876313e-17,5.486062992776651e-17,1.5845131834298314e-17,0.05999999999999987,3.1587487883411095e-18,2.7830159715992494e-17,0.059999999999999935,4.4276321612393244e-17,0.0,0.059999999999999915,3.1171769431394266e-17,0.059999999999999866,1.8270431889850077e-17,4.2722414258202984e-17,2.0900472885833593e-16,2.0917636873945875e-17,3.9790219730218007e-17,0.024488969268659518,9.566949848076184e-18,1.9102999757705287e-17,0.05999999999999991,1.7112493664853626e-17,3.79271092191275e-17,2.2098008791667047e-17,0.01551103073134016,0.059999999999999984,1.7206515609967444e-17,6.421778838752645e-17,5.885161244488386e-17,0.05999999999999992,0.05999999999999987,0.059999999999999915,7.444769960245792e-18,0.05999999999999992,0.0,0.0
2019-12-31,0.05999999999999993,0.05999999999999979,0.0,0.05999999999999993,7.562209614843521e-17,0.0,3.964052324834376e-16,0.0,0.0599999999999999,4.817503659742559e-17,0.0,8.20703212666559e-17,0.0,0.05999999999999993,0.040000000000000466,0.0,0.05999999999999993,0.0,0.0,0.0,0.0,0.0,0.0,0.0,2.800802759570753e-17,0.0,0.0,0.05999999999999993,0.0,4.690500804441149e-17,0.05999999999999993,1.1181743662369618e-17,0.0,0.05999999999999993,0.0,0.05999999999999987,1.2759993445949546e-17,1.0824465310910094e-16,0.0,0.0,0.0,0.0,0.05999999999999993,0.059999999999999866,0.05999999999999993,0.0,0.0,0.0,0.0,0.05999999999999993,0.0,2.5500658266235974e-17,3.0377101662585037e-17,0.05999999999999993,0.0,0.05999999999999993,0.0,0.0,0.0,5.3859717342454804e-17
2020-01-31,0.059999999999999984,0.059999999999999956,0.0,0.059999999999999984,0.027218871523044884,0.0,8.449913593611322e-17,0.0,5.3734616492405124e-17,0.0,0.0,0.0,0.0,0.05999999999999996,0.0,1.938596699325149e-17,0.0,0.0,6.015153220351369e-17,0.05999999999999998,1.2565302584432752e-17,0.05999999999999992,0.059999999999999984,1.7433712672153042e-17,6.110956982288118e-17,0.01999037941939249,0.021225520794875424,0.0,6.688810287212703e-18,0.0,0.035998566208603575,0.0,0.05999999999999995,0.0,0.0,0.059999999999999984,0.0,0.059999999999999984,2.0659396073185202e-16,0.0,0.059999999999999984,7.177899340005741e-17,0.0,0.059999999999999984,0.05999999999999998,2.1817433405647022e-17,7.38743182602424e-18,0.0,0.0,0.025570005175251567,1.887675401303009e-17,0.0,0.0,0.059999999999999984,2.6367375004983153e-17,8.597121352196746e-17,0.029996656878831744,3.0655562724553244e-17,9.503044059366833e-17,0.0
2020-02-28,0.059999999999999956,0.059999999999999935,0.0,0.059999999999999956,0.059999999999999956,9.002699878357468e-17,0.0,0.0,1.1753210838105261e-16,2.1764017315726504e-17,0.0,0.0,3.8512201535692405e-17,9.011846474767258e-18,0.0,1.5933670825487223e-18,4.116188544611637e-18,0.0,3.454366157334978e-17,1.5081992491231603e-16,1.0856225297332756e-17,0.059999999999999686,0.05999999999999992,2.996251915330582e-17,3.000744261168268e-17,0.059999999999999824,0.059999999999999956,0.0,0.04000000000000015,2.9933015076300136e-17,2.3272644864819305e-16,0.0,3.426126736417623e-17,0.0,0.0,0.059999999999999956,0.0,0.059999999999999956,1.9001074362996576e-16,0.0,0.059999999999999894,2.909304519368738e-19,0.059999999999999956,0.059999999999999956,0.059999999999999956,4.842914852109015e-17,0.0,0.0,5.432374177377581e-17,0.05999999999999988,0.0,0.0,7.6864699110924e-17,0.05999999999999993,0.0,0.0,6.245004513516502e-17,0.0,0.0,5.133239929147898e-17
2020-03-31,0.046674917353177324,0.05999999999999988,0.059999999999999915,0.05999999999999989,0.059999999999999915,0.0,2.0384344819539644e-16,1.0648534645350778e-16,0.0,0.0,4.6800814744813696e-17,0.0,0.0,0.0,0.0,0.0,0.0,1.9053288887388423e-16,1.2761224307763234e-17,0.0,0.0,0.059999999999999915,0.0,1.2946521031340006e-17,1.3221498799125151e-16,0.05999999999999986,0.05332508264682314,0.0,0.059999999999999915,0.0,0.059999999999999915,0.0,0.059999999999999915,3.7009749918046324e-17,0.0,0.0,2.212951248718193e-17,0.0,0.0,6.985120365050527e-17,0.05999999999999979,0.0,0.0,0.05999999999999973,0.05999999999999985,0.0,1.1070924338915929e-16,0.0,0.0,2.210129016052144e-17,0.0,5.301271915922228e-18,4.3903821967582125e-17,0.059999999999999915,3.872278763243844e-17,0.059999999999999915,4.076600168545491e-17,0.0,0.059999999999999915,0.0
2020-04-30,0.059999999999999956,0.05999999999999995,0.03196033636306044,0.059999999999999956,0.0599999999999999,6.188515054302112e-17,0.0,0.0,0.0,0.0,2.8568409453790488e-18,0.0,5.421937682087658e-17,4.337970892831272e-17,7.097960345805168e-17,7.636194978631505e-17,0.0,5.575444285807818e-17,0.059999999999999956,0.008039663636939825,0.0,1.8496022568502092e-17,0.0,0.0,4.6721688433812694e-17,0.0,3.5954298865444956e-17,1.1221096395421625e-17,0.05999999999999986,0.0,7.493812844481057e-17,0.059999999999999956,0.059999999999999956,2.3210384983665452e-17,0.0,3.7243213999748e-17,0.0,5.5238589254687804e-17,0.059999999999999956,0.0,0.059999999999999956,0.0,2.3744180439308643e-17,0.059999999999999956,0.059999999999999956,1.54804758943503e-17,0.0,0.0,4.525463378516948e-17,6.144062198303385e-17,0.05999999999999978,0.0,1.5201559454070017e-17,0.059999999999999866,1.4309941614627978e-17,0.05999999999999992,5.649083774500237e-17,0.0,0.059999999999999915,0.0
2020-05-29,1.3097162243624884e-16,0.03509021606928784,0.0,0.059999999999999956,0.059999999999999956,0.0,0.0,0.0,2.8238513806177867e-17,0.0,1.1418109833021001e-17,2.3175343734654904e-17,1.3874480927021396e-16,0.05999999999999989,0.0,0.0,0.0,0.059999999999999866,0.0,0.059999999999999956,3.686719943376609e-17,0.0,0.04739283580476037,0.0,4.290306057407182e-17,8.0024534216805e-17,3.6970917673009825e-17,0.05999999999999995,2.994525878283547e-16,1.2180713770448216e-16,0.059999999999999935,5.469855803457282e-18,0.028490805270866146,2.5171574758452724e-17,2.9945979112819355e-19,0.0,0.0,3.2596801758261034e-17,0.0599999999999999,4.966603861895718e-17,0.059999999999999956,2.4060177623869755e-18,0.0,0.059999999999999956,0.059999999999999956,0.0,0.0,8.835150007253013e-19,0.0,0.0,0.0,0.0,0.059999999999999956,0.059999999999999935,8.234961653426401e-18,0.059999999999999956,0.0,0.0,0.049026142855085504,0.0
2020-06-30,0.05999999999999974,0.05999999999999992,1.0731282884277711e-16,5.887999726651797e-17,0.05999999999999988,4.654013161640524e-17,5.701959017076625e-17,0.059999999999999894,1.5553038574445547e-16,1.0189925748939357e-16,0.0,3.8874663108080125e-17,0.0,0.05999999999999997,0.0,0.0,8.98125872897772e-17,0.05999999999999996,6.662936092034282e-17,7.486653814860261e-17,8.16310118236744e-17,0.03678246359870338,0.059999999999999776,5.006804427507714e-17,6.493121521882579e-17,2.638132548713554e-17,0.0,1.908195823574487e-16,0.0297741215658979,0.059999999999999866,8.735220662930532e-17,0.0,8.873184513115957e-17,5.800581113491909e-17,3.0902713281420216e-18,0.059999999999999845,4.324841291336042e-17,0.0,0.059999999999999915,1.1416419053393538e-16,5.0349417120573677e-17,0.05999999999999988,7.115714735988382e-18,2.3847142695747414e-17,0.05999999999999997,1.3887441662423622e-17,0.0,0.059999999999999956,0.0,0.0599999999999999,0.0,0.0,2.1896945217597152e-17,0.05999999999999984,0.033443414835398845,0.0,0.0,0.0,5.4733204019797807e-17,0.0
2020-07-31,0.05999999999999993,0.0599999999999999,8.225540236010207e-17,0.05999999999999994,0.05999999999999971,0.0,0.05999999999999994,0.05999999999999989,2.1305429084148143e-16,5.356007068247782e-17,7.238240658487928e-17,2.0035739048788852e-16,0.0,9.347304833259696e-17,0.0,5.066107775315065e-17,2.0225715369930552e-17,0.059999999999999755,9.744976568848766e-17,0.05999999999999989,0.0,0.02275944689006646,0.05999999999999986,1.451257343112906e-17,0.059999999999999845,3.271343423657763e-17,0.0,0.0,0.0,0.01724055310993372,4.9525281151864674e-17,5.285298288698771e-17,0.0,0.0,3.128699930584406e-17,0.05999999999999994,1.1360527110532364e-17,6.027988580520736e-17,0.05999999999999994,1.6889682581105234e-17,0.0,2.21457957844667e-16,4.9737235971923376e-17,5.616926414003515e-17,0.05999999999999992,9.89461899830054e-18,0.0,0.059999999999999866,0.05999999999999994,4.45645976992536e-17,0.0,3.037469542225151e-17,0.0,0.059999999999999894,6.308463350599151e-17,0.0,0.0,0.0,0.0,0.0
2020-08-31,0.05999999999999974,0.059999999999999866,5.208308338078342e-17,0.059999999999999894,0.05999999999999981,0.0,0.0,0.0,0.0,0.0,8.607446317729107e-17,0.0,0.0,4.4149308273087485e-17,0.0,0.039999999999999626,1.074361802416924e-16,0.059999999999999894,0.0,0.0,5.999138469437972e-17,0.059999999999999894,0.059999999999999894,3.3939601409213206e-16,1.5088504284919495e-16,2.602085213965206e-16,0.0,4.181115870238894e-17,0.0,0.0,7.745585428202689e-17,0.0,3.597264329133222e-17,0.0,0.0,0.05999999999999984,5.251569477300569e-17,0.059999999999999894,0.059999999999999894,0.059999999999999866,0.059999999999999894,0.0,0.0,0.05999999999999987,0.059999999999999894,1.0097522625754785e-16,9.908465606730922e-17,1.112044311916159e-16,0.05999999999999988,4.369331179095141e-17,9.190397796472755e-17,5.668535853272637e-17,0.0,0.059999999999999894,0.0,1.389627219462383e-16,0.0,0.0,3.3964614687312223e-16,7.353259887952198e-17
2020-09-30,0.05999999999999994,0.05116337794304428,4.9319873741935214e-17,0.05999999999999987,0.0,1.2207572867828424e-16,0.05999999999999994,2.1256196114604207e-17,1.4427627032280477e-16,2.458161739744071e-16,2.573878957953586e-18,0.0,0.0,0.0,0.0,0.05999999999999994,0.0,0.05841553304319425,3.9622680669018015e-17,4.210936249712784e-17,6.115773046827742e-17,0.05999999999999994,0.059999999999999776,0.05042108901376152,3.483920539899791e-17,6.941560557884908e-17,2.118259239904172e-17,0.0,0.05999999999999994,0.0,0.0,2.0199528662002984e-17,0.0,5.797983670525176e-17,0.0,0.05999999999999981,1.3090168962148524e-17,0.05999999999999994,0.05999999999999994,3.708179216566713e-17,7.531157767135644e-17,0.0,0.0,0.0,0.05999999999999994,2.965388552422413e-17,0.0,0.0,0.05999999999999983,0.0,0.0,6.904459701268809e-18,5.071187388740955e-18,0.05999999999999994,0.0,3.277492611400983e-18,0.0,0.0,0.059999999999999915,5.063797690969087e-17
2020-10-30,0.0,6.2282378829415054e-18,0.0,1.3389553213615256e-16,1.135638408226654e-16,0.05999999999999997,0.05999999999999997,0.0,0.0,0.05999999999999997,9.966878006644184e-17,3.133116243628788e-17,7.138124412083541e-17,0.0,2.7671075226512878e-17,0.0,1.6959949239616874e-17,3.222696377271737e-18,0.0,0.0,5.686869616763803e-17,0.059999999999999935,0.05999999999999997,0.05999999999999997,0.0,0.05999999999999997,0.059999999999999894,0.0,0.0,1.2419743332586156e-17,0.0,0.0,0.0,0.039999999999999966,3.8467960450257895e-17,0.05999999999999996,0.0,0.0,0.05999999999999997,3.550451673232782e-18,0.0,0.05999999999999996,0.0,0.0,0.05999999999999997,1.93204674938137e-17,0.0,0.0,0.05999999999999997,0.05999999999999997,0.0,8.475836291953141e-18,0.0,0.05999999999999997,0.0,0.0,8.519727239221684e-18,6.845039203493622e-18,0.059999999999999935,1.794158402206179e-17
2020-11-30,6.1524931327590555e-18,6.06800879682252e-17,1.3412805543408136e-17,1.4012492097824777e-16,2.4390853050355477e-17,0.05999999999999997,0.0,0.05999999999999997,1.0610202592845485e-16,0.05999999999999997,0.044349914946901464,4.2439137642998585e-19,0.0,0.0,0.057274243645870505,1.744936815275784e-17,0.0,3.500716162507262e-18,1.3242643488569e-17,0.0,0.0,6.507461981441238e-17,0.05999999999999997,0.0,1.370343473554454e-16,0.0,0.0,7.359165865466302e-17,2.4534201928646288e-17,0.0,1.4905480505024655e-17,0.059999999999999915,0.0,0.059999999999999935,0.0599999999999999,0.05999999999999997,0.0,0.0,4.994812807359801e-18,0.058375841407227895,0.0,0.0,0.05999999999999997,2.474049147858135e-17,0.0,0.0,0.0,0.059999999999999915,0.05999999999999997,0.05999999999999987,0.0,0.05999999999999997,7.987789050242714e-17,0.05999999999999997,1.1234336927055575e-16,0.0,0.0,0.0,6.518389205217886e-17,0.0
2020-12-31,2.93089745426251e-17,0.0,5.925640862546278e-18,5.087996364044927e-17,0.0,7.504533397132126e-17,0.0,1.4439135146949462e-16,1.3760703209851558e-16,0.05999999999999994,0.023189361569236934,1.4219324770865438e-17,0.0,0.0,2.3086061428135965e-16,0.0,0.05999999999999994,0.0,0.0,0.0,0.0,0.0,0.05999999999999994,0.05999999999999994,0.0,0.0,0.0,0.05999999999999985,2.751706221442871e-17,0.0,0.0,0.05999999999999994,0.0,0.0,0.05999999999999994,8.095470194832809e-17,0.05999999999999994,0.0,3.059725705444326e-17,0.05999999999999994,0.0,0.0,0.05999999999999994,0.0,0.0,0.05999999999999991,0.05999999999999994,0.05999999999999994,0.0,0.05999999999999994,0.0,0.05999999999999994,0.0,0.05999999999999994,0.016810638430763195,0.0,0.0,1.2311577434909253e-17,0.0,2.4769366601950096e-17
2021-01-29,0.0,3.3494741365969486e-17,2.957471933654194e-17,6.677895508797123e-17,0.0,1.7331884869110632e-17,0.0,0.0,8.686715326660676e-17,0.05999999999999971,0.0,3.766473727452271e-17,7.56822398850652e-17,0.0,0.05999999999999994,0.0,0.03343061706327338,0.0,5.51730663509611e-17,2.028712669575008e-17,0.0,0.0,0.05999999999999994,0.05999999999999992,0.05999999999999992,8.664695644551001e-17,1.1383390505481378e-16,0.059999999999999935,5.716495912011315e-17,5.83892832001918e-17,6.748493060654305e-17,0.059999999999999866,2.436234979362869e-17,4.049607875374697e-16,0.059999999999999866,0.059999999999999845,0.03930331189276463,7.197344288025981e-18,2.583034503191719e-17,0.059999999999999803,3.076877616187852e-17,5.828576959685492e-17,0.05999999999999994,4.710841220743285e-17,2.112328608661912e-17,0.0,0.027266071043961095,0.05999999999999994,0.0,0.0,1.6269620377941723e-17,0.05999999999999994,0.0,0.05999999999999994,0.05999999999999983,8.628821117474914e-17,4.048246736457395e-17,3.6105262837399723e-16,1.8200741825035847e-17,6.766992009393478e-16
2021-02-26,0.0,0.0,0.0,0.0,2.8143669146023094e-17,6.438635834070544e-17,0.0,0.0,0.05999999999999993,0.05999999999999994,1.1357675499624404e-16,0.0,0.0,8.252245061295398e-19,2.110829956941728e-17,0.0,0.0416614775385395,5.0168619727813984e-17,0.0,2.9456939868201235e-17,1.1722435363000302e-17,2.1876967526318278e-17,0.05999999999999991,0.05999999999999988,0.05999999999999993,0.0,0.0,7.201501261775985e-19,0.0,2.381075825680411e-17,0.05999999999999994,0.05999999999999994,0.0,0.059999999999999935,0.059999999999999915,0.05999999999999994,3.360181188451728e-18,6.658842337847462e-18,0.0,0.05999999999999994,4.4053127779905044e-17,0.05833852246146065,0.05999999999999994,0.0,4.4574590690111416e-18,5.2146172068862616e-17,0.0,9.861380848275283e-17,3.321259029072188e-17,0.0,0.0,0.05999999999999994,2.0605360537999517e-17,0.0,5.575212860685273e-18,6.850136328172853e-18,1.0210158651145623e-16,0.059999999999999845,8.85306816610545e-17,0.05999999999999994
2021-03-31,0.0,0.0,0.0,9.324312736942516e-18,7.101908523498825e-18,0.0,1.5827749855409466e-16,0.059999999999999984,0.059999999999999984,0.0,0.0,0.0,3.0368146845411e-17,0.0,0.0,2.9327527269290715e-17,0.059999999999999984,0.0,3.9297428867560107e-16,3.0312857526358816e-17,0.059999999999999984,0.0,0.0,2.595349179538843e-17,0.059999999999999984,0.059999999999999984,0.059999999999999984,0.0,0.02072898148481117,8.154356501197495e-18,0.059999999999999984,0.013658117442081182,0.0,0.059999999999999984,0.059999999999999984,0.059999999999999984,0.0,0.0,0.0,0.059999999999999984,8.957616664401338e-18,0.005612901073107097,0.059999999999999984,8.280799031598055e-17,1.9316035620459915e-17,4.437953461095226e-18,9.81143867537631e-17,0.0,0.0,0.059999999999999984,0.0,0.0,0.0,0.0,0.0,1.2243534017290164e-17,9.62004541080722e-19,0.05999999999999997,5.551369934054804e-17,0.05999999999999995
2021-04-30,0.0,0.0,0.0,7.78697506695034e-18,1.2697916024175135e-16,0.0,4.562070266917275e-17,0.05999999999999994,0.05999999999999994,8.933276942423929e-17,0.0,0.0,0.0,3.532347563234297e-17,0.0,0.05999999999999989,0.05999999999999994,3.994547090084286e-17,6.087272573386758e-17,0.0,0.0,0.0,4.390410986454139e-18,0.0,3.459345357421319e-17,0.05999999999999994,0.05999999999999988,0.0,0.0599999999999999,0.0,8.27344283117978e-18,0.05999999999999994,0.0,0.05999999999999994,0.0,0.0,1.3277234824598015e-17,0.04000000000000033,0.0599999999999999,0.0,8.823325578508178e-17,0.0,1.5793731909512306e-18,2.716364502448552e-17,0.0,0.0,0.0,0.0,0.0,0.05999999999999994,0.05999999999999994,0.0,1.7604503627734545e-17,0.0,4.269135164130087e-17,0.05999999999999993,0.05999999999999994,0.05999999999999994,1.8181009884678064e-18,0.05999999999999994
2021-05-31,3.153088299941526e-16,0.05269691541643276,1.1731532151594925e-16,5.199282017381448e-17,1.454582418625919e-16,5.3221207764480776e-17,0.0,0.0,0.05999999999999993,0.059999999999999915,0.0,0.0,2.580152638082584e-17,0.0,0.0,0.05999999999999991,0.0524302426950258,0.0,2.0471730353625682e-17,0.0,0.0,0.05999999999999993,0.05999999999999993,2.983187010666495e-17,8.086815669768085e-18,0.05999999999999982,0.05999999999999993,0.0,0.059999999999999915,7.916409382457227e-18,1.1389835408316805e-18,0.0,4.6709169244623445e-16,0.0,0.0,0.05999999999999987,1.522392747233945e-17,1.0156021083436503e-17,0.05999999999999993,0.0,4.484260185400041e-16,8.90662737696429e-18,2.143718401870589e-17,0.0,0.05999999999999991,0.0,0.0,0.0,0.0,1.6757071436590753e-17,0.05999999999999991,0.0,0.0,0.0,0.0,0.059999999999999894,0.0,0.05999999999999989,0.05487284188854108,0.0
2021-06-30,0.05999999999999994,0.059999999999999866,0.0,0.05999999999999994,0.05999999999999975,0.0,1.8214396996283645e-16,4.569540442645997e-17,4.441126595714224e-17,0.05999999999999994,4.83895217871917e-17,3.6386684976035925e-17,0.0,1.1977970032688522e-17,6.15332088966232e-17,0.01708135730414629,3.431464703878927e-17,5.576661140941985e-17,0.0,0.0,0.0,0.05999999999999994,0.05999999999999994,0.0,0.0,0.05999999999999994,0.05999999999999994,0.0,0.0,0.0,0.0,2.744724871900019e-17,0.0,6.781941988926204e-17,8.882296359571957e-18,0.05999999999999987,0.0,3.2390769628175513e-17,0.05999999999999993,0.0,0.05999999999999994,1.0699233095060845e-17,5.791984542314793e-18,9.137294806596459e-17,0.05999999999999994,1.3822998973965066e-17,0.0,0.0,0.0,2.425658110860112e-17,2.3368885466739565e-16,0.0,5.1514362294686606e-17,1.3939136777419083e-17,4.328742394554801e-18,0.05999999999999992,0.02291864269585401,0.05999999999999993,0.0,0.05999999999999994
2021-07-30,0.059999999999999956,0.059999999999999956,1.3048760800978079e-17,0.059999999999999956,0.0,0.0,0.059999999999999956,6.005981617777618e-17,0.0,0.010602235441837436,0.0,1.0277355666043241e-16,0.0,0.0,0.0,1.8077772128071857e-17,2.239847659411893e-17,0.059999999999999956,0.0,0.0,0.0,0.059999999999999935,0.059999999999999956,5.947172023447779e-17,3.4846778150024606e-17,0.059999999999999956,0.059999999999999956,0.0,0.0,0.0,0.0,0.0,0.059999999999999956,0.0,0.0,0.059999999999999956,1.8213088919329224e-17,0.0006780978589728255,0.05999999999999991,0.0,0.059999999999999956,0.0,0.0,0.028719666699189527,0.059999999999999956,0.0,1.4814378813344768e-17,0.0,0.059999999999999956,0.0,0.0,0.0,0.0,0.0,0.0,1.3825501531846654e-16,0.059999999999999845,2.220414585125423e-16,8.211588292696793e-18,2.6547901070304537e-16
2021-08-31,0.059999999999999935,0.059999999999999956,0.059999999999999935,0.059999999999999956,0.05999999999999989,0.0,0.05999999999999986,0.0,0.0,0.0,3.852721423923791e-17,7.067076341731185e-17,5.439758490398024e-17,0.0,0.0,2.328244468711252e-17,0.0,0.0,4.593953287679818e-16,2.0052983836975064e-18,0.0,0.05999999999999993,3.78928226478625e-17,4.4869882441790575e-17,1.2437080455332542e-16,0.059999999999999956,0.059999999999999956,5.772556606057087e-16,0.0006167261848803928,2.4042531253371137e-17,0.0,0.0,0.04472546713347035,0.0,3.428466976622253e-17,0.0,0.0,0.0,0.05999999999999995,1.5294914356379558e-17,0.059999999999999956,0.0,0.0,0.059999999999999935,0.05999999999999994,3.3725621233796046e-17,2.888517013455996e-17,0.0,0.059999999999999956,1.9038576463686748e-17,0.0,0.0,0.0,0.059999999999999956,2.7689789191714906e-17,0.0,3.4386641370371e-17,0.0,0.0546578066816485,0.0
2021-09-30,9.696621776128662e-19,4.458513473755821e-18,0.05999999999999993,0.05999999999999995,0.0,0.0,0.059999999999999956,2.0262736616722654e-18,0.05999999999999992,0.05999999999999994,6.660564353795761e-17,0.0,0.04722276830415991,0.0,0.059999999999999956,2.36207206548275e-17,6.455560954736707e-17,0.0,3.432036061390491e-17,0.0,0.0,0.059999999999999956,0.0,0.0,0.0,0.059999999999999956,0.059999999999999956,0.0,0.0,0.0,7.580095322865623e-18,0.03423255603597067,0.0,0.05999999999999994,0.059999999999999956,0.0,1.7221975579343468e-17,0.0,0.0,0.0,1.0622147200600448e-16,0.0,0.0,0.059999999999999956,0.0,0.0,0.0,0.02727852135942156,0.0,0.0,0.0,0.0,0.059999999999999956,0.05999999999999995,4.4667898884015157e-17,1.8461311631052494e-18,1.9528939834451955e-17,0.051266154300448286,5.4342667880005095e-17,0.0
2021-10-29,0.0,6.470400986657694e-17,4.1773133918508524e-17,8.329807712470331e-17,1.222862471827855e-17,0.0,6.383664812858853e-17,2.404642839837054e-17,0.059999999999999824,0.0,0.0599999999999998,1.7541215363457515e-17,0.05999999999999985,0.0,0.05999999999999987,1.1316784697667894e-16,6.06924199591784e-17,0.0,1.3707450487998428e-16,6.595084236493525e-17,0.05999999999999991,0.05999999999999983,8.893147591943673e-17,4.421258880660091e-17,7.869021789163993e-17,8.217076680082185e-18,0.0,3.700264435957231e-17,0.053738227956822114,0.0,4.0688931746023026e-17,1.24139075962723e-17,6.736030518916641e-17,4.069058163723088e-05,0.059999999999999824,1.0408340855860836e-17,7.78770662622758e-17,7.782285615365153e-17,9.663376384627502e-17,7.26234514365816e-17,0.05999999999999981,1.1078260219721084e-16,6.11667584096408e-17,0.059999999999999866,0.05999999999999986,1.246625219671612e-18,0.05999999999999993,0.0,4.737963493761651e-17,0.0,4.6566483308252385e-17,0.059999999999999776,0.059999999999999776,0.0599999999999998,0.059999999999999894,1.0787811616230762e-16,4.1199682554449144e-17,1.0229447497400727e-16,7.38341679462628e-17,0.046221081461540976
2021-11-30,0.05966699710622816,0.0,2.8245965595115427e-16,0.0599999999999999,1.3394440005957275e-17,7.371317797571231e-17,0.05999999999999997,0.0,0.0599999999999999,4.5327257334830296e-17,7.346610959886244e-17,5.853724433993024e-17,0.0,8.396130076144127e-17,0.0,5.268377235071324e-17,3.960829881774476e-18,4.26550076159987e-18,0.0,5.797542085301785e-17,2.0334008995509508e-17,0.05999999999999986,4.0185494667964405e-17,0.0,0.059999999999999915,0.0,0.0,1.46698388864936e-17,0.05999999999999991,0.0,0.0,6.658271177108611e-17,1.2984524494410426e-17,0.0,1.4095302783653267e-16,0.05999999999999997,2.1523761599999348e-17,3.8051747382422615e-17,0.0,3.301597891588875e-17,0.05999999999999997,5.023659265506737e-17,0.05999999999999996,0.05999999999999997,0.05999999999999992,0.0,0.0,0.0,0.05999999999999997,2.1615052031295077e-17,0.0,0.0,0.05999999999999988,0.05999999999999983,0.0,5.1788425309314875e-17,9.70011580885501e-17,0.04033300289377162,0.0,0.05999999999999997
2021-12-31,0.05999999999999994,0.0,0.05999999999999992,0.05999999999999994,0.0,5.702029513024871e-17,0.05999999999999994,1.9871872247091673e-17,4.15056253854936e-17,2.9367536056835245e-18,0.0,0.0,0.0,0.0,0.0,0.0,1.9427969308200612e-17,0.0,5.570440480265069e-17,0.0,1.9967493539446654e-17,0.0,3.1272802277941986e-17,0.0,0.05999999999999988,1.1134130726866305e-16,0.0,0.0599999999999999,0.05999999999999994,9.202788547992746e-16,0.0,0.0,3.442321712055764e-17,2.836580762719364e-17,0.0,0.039999999999999813,0.05999999999999994,9.58341082223364e-18,0.0,0.0,0.059999999999999845,1.646665088769902e-17,0.05999999999999994,2.1243378770004204e-18,0.05999999999999994,0.0,1.2465836808035636e-17,1.935052592488751e-17,0.05999999999999994,2.278985497300373e-18,0.0,1.110236170123405e-17,0.05999999999999994,0.05999999999999994,0.05999999999999994,0.05999999999999994,1.8127701751395153e-17,9.92555429889859e-17,0.0,4.310990108244003e-17
2022-01-31,0.059999999999999915,0.0,0.059999999999999845,0.0,0.0,0.0,0.05999999999999997,0.0,0.0,0.0,0.05999999999999986,0.0,0.0,3.270645433101327e-17,6.737069603872764e-17,0.05999999999999997,1.209867635975673e-17,0.0,0.0,0.0,4.766491820976304e-17,1.4876905171569633e-17,0.0,0.0,0.05999999999999997,0.0,2.3293234181009232e-17,0.0,1.908819412171905e-17,0.0,0.0,0.05999999999999997,0.02110863533094421,0.0,0.01889136466905615,0.0,0.05999999999999997,0.05999999999999997,2.02798194618909e-17,1.8436854951451053e-17,0.0,0.0,0.059999999999999956,0.0,0.0,4.779342645376757e-17,0.05999999999999997,0.0,0.05999999999999997,0.0,0.0,0.0,0.05999999999999997,0.0,0.05999999999999997,0.0,0.05999999999999997,1.2143064331837645e-17,7.670350443203752e-18,0.05999999999999997
2022-02-28,2.620754602404051e-17,0.0,0.05999999999999997,7.919182338222103e-17,8.612449371833148e-18,0.0,7.564545129077452e-17,0.0,0.0,5.272355686158293e-17,0.059999999999999894,0.0,0.0,7.392917756642878e-17,1.611801687002535e-16,0.05999999999999982,7.979560489267563e-18,0.0,0.05999999999999981,0.0,2.112017605638834e-17,5.166464533890186e-17,1.8441338702901956e-18,4.1579238456637245e-17,0.05999999999999989,0.0,0.0,2.5049200520765822e-17,0.0,0.01784936182474941,0.0,0.05999999999999988,2.6776031227945576e-17,0.0,0.05999999999999997,3.8835581427256466e-17,0.0599999999999999,0.059999999999999866,2.6526650498589815e-17,0.05999999999999997,1.0291469322948417e-16,0.0,7.824791992298235e-18,2.8974386029315205e-17,5.150583285582033e-17,0.0,0.05999999999999997,2.7787035494910706e-17,0.0,3.199600387067889e-17,1.1594255983943918e-17,0.05999999999999997,0.022150638175250703,2.6473119764470558e-17,0.05999999999999997,0.0,0.05999999999999997,0.05999999999999997,5.36405120374181e-17,0.059999999999999956
2022-03-31,1.487927951935727e-16,7.887877273544583e-18,0.0,0.0,0.0,0.059999999999999935,0.0,0.0,5.857456576595964e-17,1.3278266588013196e-16,0.05999999999999993,0.05999999999999994,0.0,1.7913564098193657e-17,0.05999999999999994,0.05999999999999994,0.0,0.0,0.05999999999999994,2.9291331843518507e-17,0.05999999999999994,0.0,1.575773903521654e-17,0.0,1.177557488471127e-17,0.0,3.6698372498618126e-17,0.0,0.0,0.05999999999999994,0.0,0.05999999999999992,0.053447096300185404,0.0,0.059999999999999915,0.0,0.04655290369981416,2.891557012204124e-18,0.0,0.05999999999999994,2.3542683415051438e-17,0.0,0.0,0.0,0.0,1.349983864084739e-16,0.05999999999999994,0.0,6.962791336286978e-18,0.0,2.4519652060591663e-17,0.05999999999999993,0.05999999999999994,0.0,3.8433491967494596e-18,1.0786263833553e-16,0.0,0.0,5.926249074805762e-16,0.05999999999999994
2022-04-29,0.0,0.0,5.073707659357638e-17,6.549874837393135e-17,0.0,0.031296829363089175,0.0,2.0745733840987302e-17,0.0,0.05999999999999987,1.1140633262769724e-16,0.0599999999999999,1.1546608297836202e-16,0.0,0.05999999999999993,0.05999999999999993,0.0,0.05999999999999993,0.02162109959656164,0.0,0.05999999999999991,0.0,0.04708207104034946,3.3221685328218595e-17,0.0,4.8534384386672976e-18,7.521586532099932e-18,6.059763204908539e-17,2.839081143161077e-17,0.05999999999999987,4.6834309988454685e-18,0.0,0.059999999999999803,3.829591396539766e-18,2.5326962749261354e-16,1.9773338797463014e-17,0.05999999999999989,2.1144639325217684e-17,7.226748307355188e-17,0.05999999999999993,0.0,0.0,0.0,2.803648610594403e-17,0.0,5.684797933776868e-17,0.05999999999999993,0.0,8.358288025440366e-18,0.0,1.14489878461844e-16,0.05999999999999989,0.0,3.143083418858066e-17,0.0,0.05999999999999986,6.67848148078542e-17,5.1592716628767474e-18,0.05999999999999993,0.059999999999999866
2022-05-31,2.0516961079518352e-17,0.0,8.835347127370136e-18,4.88168695506978e-17,0.0,0.05999999999999993,0.0,7.738131925947562e-18,4.254421798867867e-17,0.04000000000000079,3.0253143219779055e-17,0.05999999999999993,0.0,6.563645985825508e-17,0.05999999999999993,1.6039998476755704e-17,0.0,0.0,0.0,0.05999999999999986,0.05999999999999992,0.0,3.0807455268505034e-17,6.0739896682594065e-18,1.7583907201786372e-17,0.0,0.0,0.0,0.0,2.7333561250924574e-17,0.0,0.05999999999999993,0.05999999999999993,0.0,0.0,0.05999999999999993,0.05999999999999993,0.0599999999999999,0.0,0.059999999999999894,0.0,5.44792243535173e-18,0.0,0.0,0.0,3.004386124364177e-17,0.05999999999999993,1.9401256599238544e-17,0.0,2.540816557809364e-18,0.0,0.05999999999999992,0.0,0.0,1.8537141397523554e-17,0.05999999999999993,0.05999999999999993,1.2808144696684131e-17,4.558383538931106e-17,0.05999999999999992
2022-06-30,2.100080856957763e-17,5.679165887720343e-17,0.0,0.0,0.0,0.05999999999999997,2.311087531101156e-17,6.25829086765396e-17,0.0,0.05999999999999991,0.011520532492030881,0.05999999999999997,0.059999999999999894,0.05999999999999997,0.059999999999999935,2.0004808286766444e-17,0.0,6.938893903907226e-17,2.4612334846260312e-17,0.05999999999999992,0.05999999999999997,1.383690243015037e-18,0.0,0.0,9.57598330996012e-17,1.7631421282057193e-17,0.0,6.00095062318382e-17,0.0,8.656832193079547e-17,0.0,0.05999999999999994,0.059999999999999824,1.8181033110165328e-16,0.0,6.717700215681947e-17,0.05999999999999997,2.5319430082936422e-17,0.0,0.05999999999999997,1.6755274415831805e-17,0.0,0.0,3.0876312335247676e-17,2.3706693953736578e-17,5.454614249532871e-17,0.05999999999999997,0.0,5.544645663591507e-17,3.715735984822864e-17,0.05999999999999989,0.02847946750796881,5.857301661838804e-17,1.4889313348440625e-18,0.0,0.05999999999999996,0.0,6.54529842041182e-17,1.5424285185096895e-16,0.05999999999999997
2022-07-29,0.05999999999999988,1.748298885228355e-17,0.0,0.059999999999999935,0.059999999999999984,0.0,0.0,0.05999999999999988,0.0,0.059999999999999984,0.0,3.382710778154773e-17,0.01118410090792554,0.059999999999999984,0.059999999999999984,0.0,0.059999999999999956,2.381133218381226e-17,6.4834721879828305e-18,1.054559148128036e-16,2.1201308186940897e-18,0.059999999999999984,0.05999999999999998,0.0,0.0,3.201267456432299e-17,4.358320456819306e-18,0.0,1.004805709087248e-18,3.0207734400272906e-17,7.701435482856644e-18,1.6830510054706596e-17,0.0,1.3147880377055308e-18,0.0,3.223056313540208e-17,0.059999999999999935,4.8471432552779777e-17,0.0,0.0,0.0,5.1747242004096033e-17,0.0,0.059999999999999984,0.0,7.506218356410031e-17,0.059999999999999935,0.0,0.028815899092074746,0.0,0.0,0.0,9.907519694087454e-18,0.0,7.269961713669962e-18,0.059999999999999984,0.05999999999999984,0.0,7.52555395138015e-17,0.059999999999999984
2022-08-31,0.05999999999999997,0.0,5.63093178060742e-17,0.0,0.05999999999999992,0.044310801568475555,5.000418153818028e-17,0.05999999999999995,0.0,0.05999999999999993,0.05999999999999976,0.05999999999999997,1.533585044533749e-17,0.0,0.05999999999999997,0.0,0.0,2.1197270294947398e-17,1.5499759733692856e-17,8.324933807366178e-17,0.059999999999999776,4.572975128682236e-17,0.05999999999999997,0.05999999999999991,0.0,1.16607928485421e-16,3.159369293857194e-17,1.1796377159352837e-17,7.089995341968169e-17,0.0,2.0787106881062135e-17,0.0,0.0,0.0,0.02735517740310495,0.0,0.05999999999999997,0.0,1.5738715292592542e-17,3.4107907627274105e-17,0.0,8.213111365495653e-18,2.9113881482407714e-17,0.05999999999999997,2.3255289563557883e-17,2.5191910000565826e-17,4.824048176104976e-17,0.0,0.0,0.0,1.474122345883986e-17,0.02833402102841943,4.0271728849755325e-18,0.05999999999999997,5.360841169926987e-17,0.05999999999999997,2.0251943590601977e-17,2.222525049065783e-16,0.05999999999999996,0.0
2022-09-30,1.8304867331079176e-16,0.0,2.0686049749979044e-16,0.0,0.059999999999999956,2.088568774812171e-16,0.0,0.0,1.586982833099654e-16,1.1829495901602218e-17,0.04000000000000007,0.05999999999999991,0.059999999999999956,0.0,0.059999999999999956,0.0,1.540477170381722e-17,0.0,0.0,6.009189751197848e-18,0.059999999999999956,0.0,0.05999999999999993,4.4226258622842464e-17,0.059999999999999956,0.0,6.192203419039457e-17,0.0,0.0,0.05999999999999995,3.772575955011484e-18,0.0,1.1587885401319365e-18,0.0,1.8227473373079672e-17,1.7112898277120376e-17,0.05999999999999986,0.0,0.0,3.53655622824084e-17,6.5475852562764736e-18,0.0,9.574531904004732e-19,0.059999999999999956,5.661032880575654e-17,0.0,3.3046942951697395e-17,0.0,0.0,0.0,0.0,3.8093908030521493e-17,0.059999999999999915,0.059999999999999956,0.0,0.059999999999999956,0.0,0.059999999999999956,0.05999999999999987,0.059999999999999956
2022-10-31,0.0,0.0,2.7461942146754236e-17,1.298030579923039e-16,0.0,0.0,2.612749571170436e-17,0.0,0.059999999999999984,0.0,0.059999999999999984,0.059999999999999984,0.03953614704560576,6.029796915756683e-17,0.059999999999999915,0.0,1.5312652845253418e-17,1.1948489513276161e-17,4.5800987618330566e-17,0.0,3.779644984688452e-16,1.8556675065203015e-17,0.059999999999999956,0.0,0.05999999999999989,6.004536897350217e-17,2.3763358305945897e-17,0.0,6.118006223536249e-17,0.05999999999999998,1.6227074457719758e-17,0.0,0.0,0.05999999999999994,3.903734162865684e-17,0.0,0.059999999999999984,4.095964691129401e-18,0.0,4.343165614790665e-17,6.018082720821872e-18,0.0,2.6238777975271273e-17,0.059999999999999935,2.100593275104334e-17,0.0004638529543938319,0.059999999999999984,0.0,0.0,1.6302575615762115e-17,5.706484272921999e-17,0.0,0.0,0.0,0.059999999999999984,0.059999999999999984,0.0,0.05999999999999998,0.059999999999999984,0.059999999999999984
2022-11-30,3.8573450948445474e-17,0.0,1.3005293367196637e-17,0.0,1.7898895722773735e-17,0.0,0.0004968656625019516,0.059999999999999956,0.059999999999999984,3.3433586041221227e-18,0.002467648208566033,0.0,0.020164931385633487,5.390675420854286e-17,0.0,0.05999999999999991,0.0,6.897514510513855e-18,0.059999999999999984,0.0,2.570102328948303e-17,0.0,0.059999999999999935,1.42154318393172e-17,0.059999999999999984,0.0,7.633881433838558e-18,0.0,0.059999999999999984,0.059999999999999984,0.0,0.0,9.638626560239813e-17,0.05999999999999994,2.2789954157695915e-17,2.1636983264642697e-17,0.059999999999999984,0.0,3.684591000132206e-17,0.0,4.386285872223496e-18,0.0,5.692999473230364e-18,0.0599999999999999,0.059999999999999984,0.0,0.05999999999999989,6.638320765385093e-17,0.0,7.316482028920893e-18,1.1589337215885898e-16,0.0,4.220639917867327e-17,1.0662984560047108e-18,0.059999999999999915,7.89809224339471e-17,4.468434182991777e-17,0.016870554743298512,0.05999999999999997,0.05999999999999993
2022-12-30,2.859794558461852e-17,7.901260279294757e-17,1.8257254137857958e-16,0.0,8.02060285248801e-17,1.4886035476873922e-16,0.0,0.05999999999999997,1.317942818579507e-17,0.059999999999999956,0.023636940695958793,7.124514710360483e-17,0.017775898316123792,0.05999999999999994,0.0,0.0,0.0,0.05999999999999997,0.059999999999999915,2.938649391111654e-17,0.024485218024973318,0.0,0.05999999999999997,0.0,0.05999999999999997,0.0,0.0,0.059999999999999915,2.3330960126751598e-17,0.0599999999999999,0.0,9.217601384143644e-18,5.019176256769617e-18,0.02311066872407791,3.1496251202260305e-17,3.400906451662169e-16,4.990784849344592e-18,2.638290975215847e-17,0.0,0.05999999999999997,0.0,0.010991274238865943,0.0,0.05999999999999989,0.0,1.297721288586313e-17,0.0,0.05999999999999986,4.325753048907507e-17,0.05999999999999997,0.0,0.059999999999999956,0.0,7.184492914888416e-18,0.059999999999999866,0.0,0.0,3.1289138547842246e-17,0.0,0.0
2023-01-31,0.0,0.00019442378185254437,2.217615429235389e-19,0.059999999999999915,0.0,0.0,0.05999999999999987,0.059999999999999956,5.415858923100374e-17,7.502317599230769e-17,0.059999999999999935,1.8677792012291193e-16,0.0,0.059999999999999956,3.574718237418535e-17,0.0,4.6669248763179045e-17,0.059999999999999956,0.05999999999999988,3.579013664204791e-17,2.217819363434703e-16,0.0,0.059999999999999915,0.0,0.0,0.0,0.0,0.0,1.3250900196472725e-16,1.7453015924442717e-17,0.0,1.3834029151585433e-18,0.0,0.0,0.0,0.059999999999999956,5.3198553861505925e-18,0.0,0.059999999999999956,0.059999999999999894,7.355574836225505e-18,0.0,0.0,0.059999999999999956,0.05999999999999995,0.0,0.0,0.05999999999999991,0.0,0.059999999999999956,0.0,0.05999999999999992,0.0,2.1717957325392695e-17,0.03980557621814761,8.35533819177956e-17,0.0,1.173507766289812e-17,0.0,9.646018432489524e-17
2023-02-28,0.0,0.0,0.059999999999999984,3.3809454302004446e-17,2.3471963114013756e-17,1.7628041520172442e-17,0.059999999999999984,0.05999999999999997,0.0,1.0589150565882984e-17,0.059999999999999984,2.143439829411043e-17,0.0,0.059999999999999984,0.0,4.732171207086167e-17,0.059999999999999984,0.059999999999999984,0.0,0.0,0.0,0.030044233774840917,0.059999999999999984,0.009955766225158667,0.0,0.0,1.1019791652463007e-19,0.0,6.848517903765746e-18,0.0,2.5600723889671027e-17,1.513025984168089e-17,2.7528120726674495e-17,0.059999999999999984,0.0,1.6456392529124217e-17,0.0,0.0,0.059999999999999984,0.059999999999999984,1.562435047878015e-17,0.0,8.735774467084087e-18,0.059999999999999984,0.059999999999999984,2.0664246082096857e-17,0.0,0.0,0.0,0.059999999999999984,0.0,0.0,0.059999999999999984,0.059999999999999984,3.044439700339296e-16,4.544468250476106e-17,0.0,0.0,6.7980378890849e-17,0.0
2023-03-31,0.05999999999999993,0.0,1.4432328382397675e-17,0.059999999999999915,0.05999999999999993,0.0,0.05999999999999987,0.0,8.911277755155672e-17,1.0287531327822868e-16,3.3476226668468855e-17,0.0,3.963871553828798e-17,0.0,0.0,7.910483763106375e-17,4.862293617452471e-17,0.0,1.1092912932078215e-17,2.9720716751054174e-17,7.523754243707307e-17,0.059999999999999706,0.059999999999999866,0.0,0.0,0.043526541172259396,0.05647345882774106,1.097553758703608e-17,0.0,0.0,0.05999999999999993,0.0,2.3913490952222298e-18,0.0,0.0,2.7301354135819636e-17,3.1352591921215696e-17,8.838644521475662e-17,0.05999999999999993,4.571095669816325e-17,0.0599999999999999,0.0,0.05999999999999993,0.0599999999999997,0.05999999999999991,0.0,0.0,1.287453588592666e-17,0.05999999999999993,8.74615240433786e-17,6.333753171395107e-17,2.791005351310409e-17,0.05999999999999993,0.05999999999999986,1.4848093987181088e-17,1.7536136564255308e-17,0.0,1.5791592944040636e-17,1.1288721755668388e-16,9.781076634764548e-17
2023-04-28,0.059999999999999984,7.850458941765777e-17,0.05999999999999987,0.059999999999999935,0.0,0.0,0.05999999999999997,3.511866969811161e-17,8.763284672527714e-18,2.1238385919689045e-17,1.8962086740908497e-16,5.2026965438997244e-17,5.16231518035953e-17,7.35783593259447e-18,0.05999999999999991,0.05999999999999988,3.4842361005102005e-17,6.051084743869632e-17,1.215514297496302e-16,0.0,8.221183586284956e-18,0.05999999999999997,0.0,3.2659778180466025e-17,0.0,0.05999999999999992,0.05999999999999993,4.834067805254653e-17,0.0,1.4109417390868142e-16,0.059999999999999984,0.0,0.0,1.2374693914891335e-16,0.0,0.0,0.023072055222362702,2.619432448724978e-16,0.059999999999999935,2.1344043957657475e-17,0.05999999999999998,0.0,0.05999999999999987,6.408871460789848e-17,0.05999999999999987,0.0,5.828823298510103e-17,6.415585129116992e-17,0.0,2.2869889575866105e-18,1.275631618564976e-17,0.0,0.05999999999999986,1.0600786741477017e-16,0.0,3.23634348486923e-17,6.760000545447119e-17,2.746080814998441e-17,0.05999999999999998,0.01692794477763679
2023-05-31,0.05999999999999993,0.059999999999999894,0.0,0.05999999999999988,0.05999999999999993,8.111764344133212e-17,0.05999999999999993,0.0,1.038749062329586e-17,1.0612918754183457e-17,6.5235735833449145e-18,0.0,0.0,8.344062252610458e-17,0.0,0.0,0.0,3.530748666509694e-17,0.0,6.779428719642271e-17,0.0,0.05999999999999993,0.0,3.029798636310835e-17,8.430238316297675e-17,0.059999999999999866,0.05999999999999993,9.805035839569721e-17,1.589663111016354e-17,0.0,0.0599999999999999,1.3491346628534016e-17,6.572170386599644e-17,0.0,0.0,0.0,0.04000000000000063,4.9133456699158254e-17,0.059999999999999866,0.0,0.05999999999999993,0.0599999999999999,0.059999999999999866,0.059999999999999894,0.0599999999999999,2.160637583249775e-17,2.5784796530842635e-17,0.0,4.3039275564916046e-17,0.0,0.0,1.900873232033423e-16,1.681705491848579e-17,1.703409538922032e-17,0.05999999999999993,1.9297968662011564e-17,8.699878636651104e-17,8.687931022447653e-17,0.0,0.0
2023-06-30,0.059999999999999894,0.059999999999999984,0.0,0.059999999999999984,0.059999999999999984,0.0,0.059999999999999984,0.0,0.0,0.0,0.0,0.0,0.0,0.0,1.1121123467436988e-17,0.023517435962341602,1.1900571982016712e-17,0.0,2.2847115562274014e-17,0.0,0.0,0.0,0.0,0.0,1.5751530003861036e-17,0.059999999999999984,0.059999999999999984,0.0,2.3039632903194857e-17,0.0,6.837358678615636e-17,3.031486937447519e-17,0.0,0.05999999999999994,2.2754768637705454e-17,3.69868387369882e-17,0.059999999999999984,0.0,0.059999999999999984,0.0,0.059999999999999984,0.059999999999999984,0.016482564037658336,0.059999999999999984,0.059999999999999984,0.0,3.948390913168567e-17,0.0,2.7735883626861084e-17,1.1260669018605185e-17,1.0504836023018185e-17,0.0,0.0,0.059999999999999894,5.79643124093184e-17,0.0,0.0,0.059999999999999984,1.2613940125930678e-16,0.0
2023-07-31,0.05666008084493879,0.05999999999999988,0.0,0.05999999999999994,0.05999999999999994,7.005049798817379e-17,0.05999999999999994,0.05999999999999994,0.0,0.0,0.0,0.0,2.8340947018587147e-17,0.0,0.0,2.7573759494673677e-17,0.0,0.0,0.0,0.0,0.0,0.0,0.05999999999999994,0.0,0.0,0.05999999999999994,0.05999999999999994,0.0,0.0,0.0,0.031704689918809474,0.0,0.0,0.02274732551682091,2.0912603324222196e-18,0.0,0.0,0.0,0.05999999999999994,0.0,3.465530702786817e-17,1.5835557689811872e-17,0.04888790371943137,0.05999999999999993,0.05999999999999994,0.0,0.0,0.0,0.05999999999999994,2.3120766846626745e-17,0.0,3.297402778760047e-17,0.0,0.05999999999999994,0.0,0.0,0.0,0.05999999999999994,0.0,0.0
2023-08-31,0.0,0.05999999999999994,0.0,3.6713728776016334e-17,0.05999999999999997,0.0,0.05999999999999997,6.868892283452122e-17,0.0,0.0,0.0,0.0,0.0,0.0,0.05999999999999997,0.05999999999999997,0.0,0.05999999999999997,0.0,0.0,0.0,0.0,0.044375246775284566,0.0,0.0,5.990467733443408e-17,0.0,0.0,0.05999999999999997,0.0,0.05999999999999997,0.0,6.206138377687065e-18,0.0,0.0,0.05999999999999997,0.0,0.05999999999999997,0.017825761475766762,0.0,0.0,0.0,0.0,0.0,0.05999999999999997,0.05999999999999997,0.05999999999999997,0.0,0.0,0.0,0.0,0.05999999999999997,0.0,0.05999999999999997,0.0,0.0,0.0,0.0,0.03779899174894896,0.0
2023-09-29,0.0,0.059999999999999824,0.05999999999999987,0.0,0.0,2.7924427437657115e-17,0.0,0.0,5.517680195711236e-17,2.9869991469675964e-17,0.0,6.3657142169316145e-18,0.0,0.0,0.05999999999999997,0.03682864224766899,2.816764007198947e-17,0.05999999999999997,0.0,0.0,0.0,0.0,0.0,2.4939152473408956e-17,0.0,0.05999999999999997,0.05999999999999997,2.462659777535016e-17,0.0,0.0,0.05999999999999996,0.0,0.0,4.9223375483641294e-17,0.0,0.05999999999999997,0.0,5.095860612760096e-17,0.059999999999999935,1.6235989495154542e-17,0.0,0.0,0.05999999999999997,4.498516456669598e-17,0.028853674563364202,6.631678154621161e-18,0.05999999999999997,6.805605890927981e-18,0.0,0.0,1.1418965652823447e-17,0.05999999999999997,0.03431768318896686,0.0,0.059999999999999956,0.05999999999999997,0.0,9.22230334752895e-17,1.0321604682061997e-16,0.05999999999999997
2023-10-31,0.0,0.05999999999999992,0.05999999999999988,2.0459768760937056e-17,0.0599999999999999,7.141461726189543e-17,5.552665381334841e-17,1.5563705956640347e-17,0.0,2.175718069541152e-17,8.481090955301488e-18,0.0,4.789498513072633e-17,2.1863087000168367e-17,0.059999999999999956,0.016008111814754082,0.0,1.8816570400720187e-17,2.11720606753059e-17,0.0,0.0,8.781110410117668e-18,0.0,6.149520143116644e-17,5.426251095088002e-17,0.05999999999999993,0.001958736116416109,2.0600019464056434e-17,3.197254410200459e-17,1.3842897159250801e-17,0.05999999999999989,2.1374601024655698e-17,0.0,1.408243969146057e-17,0.059999999999999894,0.05999999999999987,1.7346454139281285e-17,0.0,1.3376192134868508e-19,1.460318139678962e-17,0.05999999999999992,0.059999999999999935,0.022033152068830456,0.0,0.0,0.0,0.059999999999999803,3.6585854833917934e-17,3.069343345241868e-17,4.714336226811507e-18,2.5107137755519335e-17,0.0,3.5155941450264955e-17,2.9285502979325795e-18,0.05999999999999995,0.059999999999999956,0.059999999999999956,0.0,0.059999999999999915,0.059999999999999956
2023-11-30,0.0,0.05999999999999994,1.7545875990542603e-16,0.059999999999999866,0.0,0.0,0.02145812865652661,0.0,1.0560129160008803e-16,0.0,2.1813408736989674e-17,0.0,0.0,0.0,0.0,0.0,0.05999999999999994,0.0,0.0,0.0,0.0,0.05999999999999994,3.436497337821834e-17,0.05999999999999994,0.0,6.723203217431492e-17,7.332224947008591e-17,1.744080803839983e-18,0.0,7.943796722600472e-18,0.05999999999999994,8.399184497152389e-18,7.235042934956783e-18,0.04209251931225554,5.924942552748128e-17,0.0,1.551821184457951e-17,3.259705544534213e-17,0.059999999999999915,2.5826126134357715e-17,0.05999999999999994,0.059999999999999824,0.05999999999999994,0.05999999999999994,1.7073999969194517e-17,6.559801820341151e-17,0.0,0.03644935203121803,0.05999999999999994,1.2694226756878601e-17,9.70193754091152e-17,0.059999999999999935,1.3478511399414664e-17,5.78589920885058e-17,5.2771817035560673e-17,0.05999999999999994,0.0,0.05999999999999994,0.0,0.0
2023-12-29,0.0,0.0,4.5604867419472514e-17,0.05999999999999984,0.05999999999999994,0.0,0.05999999999999988,0.05999999999999989,0.05999999999999993,0.0,0.0,0.0,0.0,6.873849603029553e-17,0.0,0.0,0.05999999999999994,1.0089714110181243e-18,0.0,0.0,0.00018277592381676905,0.05999999999999994,5.9406196867268895e-18,0.0,0.0,8.104193353967297e-18,2.0056510025003235e-17,0.05800105474636692,0.0,0.0,0.05999999999999994,0.0,0.0,0.0,2.186730211341385e-17,0.0,1.4299201788091075e-17,3.4036340944966784e-18,4.7806599347466495e-17,0.0,0.0,0.059999999999999894,0.05999999999999994,0.05999999999999994,5.822346512209801e-17,0.05999999999999994,0.0,0.05999999999999994,0.05999999999999994,4.8876847042762266e-17,5.7919809853160666e-18,0.04181616932981731,0.0,1.5951823895873823e-17,0.0,2.64429936358748e-17,6.850921011187513e-18,0.059999999999999845,6.8471096947563364e-18,2.7196246756444795e-17
2024-01-31,2.4471528474132308e-17,0.0,1.1293230425696826e-16,0.05999999999999993,0.0,0.0,0.05999999999999993,6.423206215401173e-17,0.05999999999999993,0.0,4.877406579757605e-17,0.0,0.0,0.05999999999999993,0.0,0.0,0.05999999999999993,0.0,0.0,1.0184258282839656e-16,3.916872371434216e-17,0.05999999999999993,0.0,4.2674197509029405e-16,0.0,0.0,0.0,0.05999999999999989,0.05999999999999993,2.87829984412099e-17,3.608391800677386e-17,0.0,0.0,0.05999999999999989,4.348568690910096e-18,0.0,0.0,0.044348208302564036,0.059999999999999894,0.0,2.35637222502417e-16,1.3562256513566603e-16,0.05999999999999986,0.05999999999999993,0.05999999999999988,0.0,1.867815863527241e-17,2.7348224464671365e-17,0.05999999999999985,1.2884333214421729e-17,8.559100512747778e-17,0.0556517916974357,1.0137015694903517e-16,4.301845861336733e-17,0.0,4.0031612465298594e-17,0.0,0.05999999999999993,7.214014331887693e-17,0.0
2024-02-29,3.707604860810177e-17,4.757917348677881e-17,6.646555512128127e-17,0.05999999999999994,0.05999999999999992,5.658562069627383e-17,0.05999999999999987,0.0,9.790117842973604e-17,0.0,0.0,2.468017368634894e-17,2.114243452003585e-17,0.0,0.0,0.013122352317174986,0.059999999999999935,0.0,4.526502656888149e-19,0.0,1.9595694612605602e-19,0.05999999999999976,0.0,0.05999999999999985,0.0,0.0,1.114229468467198e-16,0.0,0.0599999999999999,0.0,0.0,0.0,0.0,0.05999999999999987,0.0,0.0,0.0,0.00761803276622301,0.05999999999999994,0.00910347127430706,1.4414043539752743e-16,1.7022363306315294e-17,0.05999999999999991,0.05999999999999988,0.05999999999999994,0.0,0.0,0.0,0.05999999999999993,0.0,1.0957541665882883e-17,0.0,0.059999999999999915,0.0,0.05999999999999988,1.7001981976297105e-17,4.6225574072689103e-17,0.05999999999999994,0.010156143642295787,0.0
2024-03-29,0.0,0.0,5.868323302570718e-17,0.059999999999999894,0.05999999999999991,0.0,0.05999999999999991,0.0,0.0,1.047667985602669e-16,6.735685040559121e-17,0.0,0.0,1.520672590903851e-17,0.0,0.05999999999999991,0.05999999999999991,0.0,0.0,0.0,0.0,0.05999999999999991,0.0,0.05999999999999991,8.918353308622596e-18,0.0,0.0,5.3646666127575434e-17,0.0,0.0,6.757671146153464e-17,7.454680375767173e-18,0.0,0.05999999999999991,0.0,0.0,3.47253856352239e-17,0.023268082392180155,0.05999999999999991,0.0,0.0,0.0,0.059999999999999734,0.059999999999999894,0.05999999999999991,0.0,0.0,0.0,0.05999999999999991,0.0,1.1492543028346329e-17,3.90312782094781e-17,0.05999999999999991,4.88433078704719e-17,5.1553813301685656e-17,1.0625181290357927e-17,1.5222198501696458e-16,0.05999999999999991,0.01673191760782093,0.05999999999999991
2024-04-30,5.2334064925043065e-17,0.0,6.786292363141862e-17,0.0,0.05999999999999988,1.9883058285199337e-17,0.04591970749632293,3.14814875687153e-17,0.059999999999999956,2.318822025062813e-17,0.0,1.422542211632999e-17,0.05999999999999994,1.1892175836777869e-17,5.249109961328849e-17,0.0,0.059999999999999956,2.1799387304145075e-17,0.0,0.0,2.2204659671385145e-17,7.526822488955432e-17,5.551974764412794e-17,0.059999999999999935,2.261281134398287e-17,0.059999999999999935,0.05999999999999993,0.0,4.9911831698518556e-17,6.216101691932519e-17,0.0,1.941962098334442e-17,1.2741552400801674e-17,0.059999999999999956,0.059999999999999956,0.0,0.0,1.0415670636950605e-17,0.0540802925036772,0.0,2.046368206661524e-17,0.0,0.059999999999999894,7.362863565140035e-18,0.05999999999999986,9.20277164955833e-18,1.1426635215550548e-16,0.0,0.05999999999999989,1.059311874018541e-17,5.32295289351586e-17,1.0240764184365008e-16,0.05999999999999991,4.123992845035374e-17,1.4808651777025318e-18,0.0,0.0,0.059999999999999866,1.1612211747218002e-16,0.05999999999999988
2024-05-31,0.059999999999999894,3.06131538287458e-18,2.898433476628786e-16,6.535371925541243e-18,2.431155004961816e-16,0.0,1.269800736149947e-16,0.0,0.05999999999999979,0.0,0.0,0.0,0.0,4.273717089550367e-17,0.0,0.0,0.059999999999999894,0.0,0.0,0.059999999999999894,0.0,6.981741587036635e-18,0.05999999999999988,0.0,4.04918827042783e-17,0.059999999999999894,0.0599999999999998,0.0,6.6672090421319074e-18,0.0,1.1584797866807677e-17,1.065071525533261e-17,0.0,0.0,0.059999999999999894,0.055045199995571295,0.04495480000442951,4.182227089094551e-18,2.8458010254640404e-17,4.9014776982470655e-18,0.0,0.0,0.059999999999999894,3.710411296638846e-16,0.059999999999999894,0.0,3.3695628668898833e-17,0.0,0.05999999999999981,0.05999999999999982,6.4113251319442264e-18,3.133395755652421e-17,0.05999999999999973,0.0,1.0240762186910264e-17,0.0,6.18518211349285e-17,2.201472386178266e-16,0.05999999999999986,0.05999999999999972
2024-06-28,0.05999999999999979,0.05999999999999992,0.0,0.0,3.1918911957973236e-16,1.6072304908406263e-17,0.05999999999999997,7.36908047829153e-17,0.017065854368977253,1.1469909469758348e-16,1.6544733694851761e-18,0.0,1.87215089992507e-18,0.0,0.05999999999999997,2.0844817381272e-17,2.2665735121209937e-17,0.0,0.0,0.05999999999999997,0.0,2.135464508566186e-17,0.059999999999999956,2.635871084387362e-18,0.0,0.05999999999999997,0.05999999999999997,0.0,7.915836498226066e-17,1.0079666365208781e-16,5.667401355578765e-18,8.894006371132365e-18,0.0,1.2095748388885274e-17,0.013252925177679311,6.789027352863412e-17,0.05999999999999957,3.4206367038816445e-17,4.9355864620889665e-17,0.0,0.0,3.3330626918375026e-17,0.009681220453343542,0.05999999999999997,0.05999999999999997,1.8206624761714886e-17,1.1550727630845632e-17,0.0,0.05999999999999988,4.1799356463873696e-17,0.0,0.0,0.05999999999999997,0.05999999999999991,0.0,0.05999999999999997,4.025361368809359e-17,0.0,0.059999999999999915,7.874100341729847e-17
2024-07-31,0.05999999999999986,0.059999999999999915,0.05999999999999988,0.0,0.0,3.2814770703126157e-18,0.05999999999999997,2.9768842251195723e-17,0.05999999999999997,1.879975932939829e-18,9.647741455024222e-17,4.977635661685994e-17,7.845719641152696e-19,0.0,2.823611638412056e-17,0.05999999999999997,0.0,0.0,0.0,0.05999999999999988,4.292134717338037e-17,4.404959286249826e-17,0.05999999999999997,0.0,4.2149596653644465e-18,0.0,3.017935772967485e-17,7.48429744365556e-18,0.009636258278746155,1.8180597015075945e-17,0.0,0.0,0.0,0.05999999999999997,0.0,0.05999999999999997,0.05999999999999997,0.0,0.0,1.7736347445018923e-17,2.00393531373447e-18,0.0,0.0,0.030363741721254514,0.05999999999999994,3.329902444242176e-17,3.0558101017012977e-17,0.0,0.0,0.0,1.772058816184634e-17,0.0,0.059999999999999935,0.05999999999999994,4.854686173741594e-18,0.059999999999999915,1.5427745150567747e-17,0.0,0.05999999999999977,0.0
2024-08-30,0.05999999999999991,0.05999999999999993,0.05999999999999993,0.0,1.4470588267531394e-17,0.0,0.05999999999999993,7.151468340332901e-18,0.0,3.9477283920914165e-17,2.809663472866825e-16,8.10931165267623e-17,8.708756624462418e-17,0.0,2.4353838967134177e-16,0.05999999999999985,3.692957199188094e-18,4.404789861764837e-17,0.05999999999999991,0.05999999999999987,9.531327002966933e-17,3.956015580563439e-18,0.0599999999999999,3.5470067656157944e-17,5.7239129521429464e-18,5.251759204202369e-17,6.600345496441692e-18,4.4701891051726753e-17,0.0,0.0,0.0,0.0,0.011973187624649365,0.028026812375351026,0.05999999999999993,0.0,0.05999999999999985,0.0,0.0,0.0,0.0,1.0833821229983735e-16,2.609666819179744e-17,0.0,3.656495875820635e-18,0.05999999999999993,0.0,1.919558107592943e-17,0.0,0.0,1.3341880741021159e-17,0.0,0.05999999999999992,0.0599999999999999,0.059999999999999915,0.05999999999999986,0.0,0.0,0.059999999999999803,0.0
2024-09-30,4.115063049621318e-17,0.0,0.059999999999999935,0.0,0.0,4.943961906533898e-17,5.611607705819249e-17,2.907701649687602e-17,0.0,0.05999999999999997,0.04333165119346313,0.05999999999999997,1.9590183894831088e-16,0.0,0.0,0.0,0.0,0.05999999999999997,0.05999999999999997,0.0,0.05999999999999997,0.0,0.05999999999999996,0.0,0.0,6.564532901572326e-18,0.0,0.05999999999999997,5.195339603487292e-18,0.05999999999999997,3.102652116387921e-17,0.05999999999999997,1.3471971146265824e-16,0.0,0.05999999999999997,0.0,0.05999999999999997,8.631558280969038e-17,1.0222141074424867e-17,0.0,4.11604643506048e-17,0.05999999999999997,0.0,0.0,0.0,2.839468838543048e-17,2.2649086682540604e-18,0.0,0.0,0.05999999999999997,0.0,0.0,0.05999999999999997,3.7973341800132934e-17,0.05666834880653649,1.416475958951373e-17,0.0,6.293427367115256e-18,0.0,0.0
2024-10-31,0.0,1.5131833948424092e-17,0.05999999999999995,0.0,0.0,0.0,0.0,0.0,0.0,0.059999999999999956,1.0925375092357224e-16,0.0,2.0715894661101695e-17,0.0,0.0,0.0,0.0,0.059999999999999956,0.0,0.0,0.05384355049005878,0.04615644950994135,0.059999999999999956,0.0,0.059999999999999956,0.0,0.0,2.552115328580243e-18,0.0,0.05999999999999994,0.0,0.059999999999999956,0.0,0.0,1.8037087588176804e-16,0.0,0.059999999999999956,0.0,1.0226184836195283e-16,1.0228145724376745e-17,0.0,0.059999999999999956,0.0,0.059999999999999956,0.059999999999999956,0.0,0.0,0.0,0.0,0.059999999999999956,1.4664117791143583e-17,0.0,0.059999999999999956,0.059999999999999956,2.2938080969406524e-16,0.0,0.0,0.059999999999999956,0.0,0.0
2024-11-29,0.0,4.668295597579578e-17,0.05999999999999986,3.9478906836652025e-17,0.05999999999999981,2.1296177497658924e-16,5.1169384155272614e-17,6.938424444009746e-17,0.05999999999999991,5.62028846364066e-17,0.0,5.651354081322906e-17,4.113198589706307e-18,6.392042121321278e-17,0.0,1.6988487109089203e-16,0.059999999999999824,0.0,0.0,2.995906344131474e-17,3.722300677944308e-17,0.0599999999999999,0.05999999999999991,0.05999999999999987,1.56086068336656e-17,6.706007850381877e-17,3.6358111279060504e-17,9.585043608737588e-18,0.059999999999999845,3.0730766255591047e-18,0.05999999999999986,0.059999999999999845,5.473155948945051e-17,0.05999999999999987,0.0,5.599725408608966e-18,0.0,0.0,1.162264728904459e-15,1.0782423666284305e-17,5.3572867666156936e-17,0.0,0.0,0.05999999999999984,0.05999999999999981,2.858697825426054e-17,0.0,0.0,3.873418473753697e-17,6.60730235225776e-17,0.0,0.0,4.004973383542643e-17,0.05999999999999984,5.685847823876506e-17,0.0,0.03999999999999962,0.05999999999999991,0.05999999999999987,1.1889155137977692e-16
2024-12-31,0.04000000000000075,0.0,0.0,8.051571085654878e-17,0.05999999999999993,1.2396679241531515e-16,0.05999999999999993,0.05999999999999991,0.05999999999999984,0.0,0.0,0.0,0.0,8.559145085034649e-17,0.0,0.0,0.05999999999999987,2.271364765563588e-18,2.2102125237026923e-17,2.7714258607834192e-17,6.293319069100708e-17,0.05999999999999993,0.05999999999999993,0.05999999999999993,0.0,0.059999999999999915,0.05999999999999993,0.0,7.228541163694404e-17,0.0,0.0,0.0,0.0,0.059999999999999915,0.0,1.9445693493915147e-17,1.6335033742480998e-17,2.6962794691403854e-16,6.457365010990541e-17,0.0,7.211349133135046e-17,0.0,2.6608783232851482e-17,0.05999999999999982,0.0,0.0,7.826953316496422e-18,0.0,0.0,0.0,1.3073423385507967e-17,1.1534280730006217e-17,4.3576748542129485e-17,0.05999999999999989,3.772947250644302e-17,0.0,0.05999999999999993,0.05999999999999979,0.05999999999999979,7.419785302684705e-17
2025-01-31,4.6528996227250265e-17,0.0,8.232567265183508e-18,0.0,0.05999999999999994,4.650084119948547e-17,0.05999999999999991,0.05999999999999994,0.03736916162677866,0.0,0.0,0.0,2.214417182326412e-17,1.2989373392567614e-17,0.0,0.0,0.05999999999999994,0.0,0.0,0.0,1.0680310625560729e-16,0.05999999999999994,0.0,0.05999999999999994,8.766192578585792e-18,0.05999999999999994,0.0599999999999999,0.0,2.5838335004663806e-16,6.840391892405232e-17,1.1992976158907364e-16,6.8704238882461646e-18,1.4052502144128688e-16,0.05999999999999992,3.704718823382965e-16,0.0,0.0306004459882954,0.0,0.05999999999999994,8.649210073156391e-17,8.386395291317993e-17,0.0,3.081916107769893e-17,0.0599999999999998,0.0,0.0,9.600020803425525e-18,3.160684168986728e-17,9.884351620895632e-17,0.0,0.0,0.0,1.936874869643757e-17,0.05999999999999994,0.03203039238492546,2.875522616328611e-17,0.05999999999999994,0.05999999999999991,0.059999999999999776,0.0
2025-02-28,1.8431436932253556e-16,0.0,0.0,1.1748626649561019e-16,1.97146416603741e-16,0.0,0.05999999999999984,0.059999999999999894,3.264342077592714e-17,0.0,0.04000000000000079,5.324320089298391e-17,1.9266078529526927e-17,2.5646956853285085e-17,8.14640577405881e-18,0.05999999999999989,0.05999999999999992,0.0,0.0,0.05999999999999984,0.0,0.0,0.0,0.0,6.251525725397263e-17,0.0,0.0,0.0,1.9071364356735878e-17,0.0,5.372816553146221e-17,0.0,0.05999999999999993,0.059999999999999845,0.0,0.0,0.05999999999999993,0.05999999999999993,0.05999999999999992,0.05999999999999989,0.0,0.0,0.0,0.05999999999999993,3.0007353343495805e-17,4.5011544236323297e-17,0.0,4.237394860711562e-17,0.0,0.0,1.870429543694984e-17,0.0,0.0,1.8290577250769518e-17,0.05999999999999985,1.2477452142119177e-17,0.05999999999999993,0.059999999999999866,0.05999999999999993,0.0
2025-03-31,7.54498310278971e-17,0.0,0.0,0.0,0.0,0.0,1.4231636089434478e-17,1.0860847483266804e-16,0.0,1.753333319175053e-16,0.0,0.0,3.070048217044387e-17,8.222528042000285e-17,8.15599035667967e-17,0.059999999999999894,2.775520419846113e-16,7.407993796259433e-17,6.288124393908732e-17,0.05999999999999994,0.0,0.0,9.105151521708347e-17,0.0,4.697840910470171e-17,2.224400706867104e-17,0.0,0.0,6.268950610152614e-17,6.265758773072354e-17,0.059999999999999866,0.0,0.059999999999999915,0.03916940114362249,0.05999999999999993,0.0,0.059999999999999866,0.05999999999999989,0.0,3.1095919136802836e-16,2.360498615056037e-17,0.0,0.05974988710211518,0.05999999999999994,1.776651594357254e-17,0.059999999999999866,0.028657290681742702,1.8422623251160452e-17,0.0,1.1612626459385014e-16,0.0,0.0,0.059999999999999915,0.0,0.05999999999999982,0.059999999999999845,0.0599999999999999,0.032423421072519186,6.698134382807871e-17,0.0599999999999999
2025-04-30,0.0,4.466989863930661e-18,0.05999999999999993,5.946618553018678e-17,8.994606516159972e-17,3.009498593194232e-17,0.0,0.05999999999999993,0.0,0.0,2.1239107357440512e-16,0.059999999999999894,4.3114010373927155e-17,2.4698069131577887e-18,1.3438901109472768e-17,0.05999999999999989,0.0,5.0896084586310076e-17,3.3329705431455006e-17,0.0599999999999999,1.0236349208357212e-16,1.2031146284871741e-17,3.917364865198822e-17,0.0,0.0,0.0,8.264392365250214e-17,0.05999999999999986,1.3362851355411256e-17,0.0,0.05999999999999989,0.0,0.05999999999999993,0.0,0.0599999999999999,0.0,0.04000000000000033,4.822873151853695e-17,1.2405052989021127e-17,0.05999999999999986,0.0,0.05999999999999987,0.0,0.05999999999999985,1.9070884812026512e-17,0.05999999999999992,0.0,0.0,3.4516074651771894e-17,0.0,0.059999999999999894,0.05999999999999993,0.05999999999999993,0.0,5.0752509590699245e-17,0.0,0.0,1.1866434444233334e-16,2.102955969581633e-17,0.0
2025-05-30,4.214252693895526e-17,0.0,0.04000000000000002,0.0,8.596126210333334e-17,6.511215765144593e-17,0.05999999999999997,0.05999999999999997,3.8386678696265427e-17,0.059999999999999935,1.5575045880886451e-16,1.2338930135868693e-17,4.166659765042251e-18,2.7324549123637546e-17,7.17092420987954e-17,3.060582105464232e-17,0.0,0.0,3.3309751991500064e-17,2.3418766925686886e-16,0.0,6.747956084519114e-18,0.05999999999999993,3.2604047446646475e-18,0.05999999999999997,1.7541131662109978e-17,0.0,0.059999999999999956,7.178324988940668e-17,0.0,8.456669459059608e-18,0.05999999999999992,5.320699712512772e-17,0.0,0.05999999999999997,0.0,0.0,1.230716896511375e-16,6.944912760207898e-19,1.8163903967865748e-17,0.05999999999999979,1.7432915948379984e-17,0.0,0.059999999999999845,0.05999999999999984,3.882237536028184e-17,0.0,0.05999999999999991,0.0,2.2936402016959098e-17,0.059999999999999866,0.05999999999999997,0.059999999999999803,0.05999999999999996,6.914552673402374e-17,3.750551259842867e-17,1.6905560257316257e-17,1.0354494914938146e-17,1.0548108581243882e-16,0.0
2025-06-30,5.2883886741608445e-17,0.0,6.883397807282427e-17,0.0599999999999999,1.4354114024448898e-16,0.0,0.0599999999999999,0.059999999999999915,0.0,0.0,0.0,0.0,0.0,2.1997945535977897e-17,3.7582406807880525e-17,0.0,0.059999999999999915,0.0,0.0,0.0,6.381624493173566e-17,1.7285756024793862e-16,0.059999999999999915,0.059999999999999915,0.059999999999999915,0.0,0.0,0.059999999999999915,0.0,7.094927672867597e-18,4.490365115533458e-17,2.2705262214358368e-17,0.0,0.05371296067946604,8.410183813023227e-17,0.054949399350234414,0.0,0.0,0.059999999999999915,0.0,0.059999999999999915,0.0,0.059999999999999915,0.05999999999999981,0.059999999999999915,5.053880075115471e-17,0.0,0.05999999999999989,4.023816524125866e-17,2.60187707130704e-18,0.051337639970299664,3.773674368866382e-17,2.968926914834885e-17,0.0,0.0,4.2107378413123575e-17,0.0,1.594180124152829e-16,1.54814095067644e-17,2.409423453273974e-17
2025-07-31,2.4134736837120478e-17,0.0,0.0,0.05999999999999997,0.05999999999999993,1.5888976872215197e-16,0.059999999999999956,0.03999999999999936,1.1937524519036222e-16,2.781614231299505e-16,2.6354531423466023e-17,7.222684867543977e-17,2.3149736896259532e-17,0.0,3.530644124229935e-17,5.392062772127236e-18,0.05999999999999988,3.1982306164946264e-17,2.302335733631979e-17,0.0,0.0,0.0,0.05999999999999997,0.05999999999999997,0.0,2.774394935250522e-16,0.0,0.0,0.0,0.0,0.0,0.05999999999999997,1.0921466576819647e-18,0.0,4.138846238205965e-17,0.059999999999999956,0.0,3.2822673767128113e-17,0.05999999999999997,2.4826119429480398e-17,0.05999999999999997,0.0,0.05999999999999997,0.0,0.059999999999999894,0.0,0.05999999999999993,0.05999999999999997,3.6665438550886967e-17,4.466149097065812e-17,0.05999999999999997,0.05999999999999997,0.0,9.127762733164792e-18,4.418751523901861e-17,1.0407350990063824e-17,2.3179035372443897e-17,1.8883127357161633e-17,0.0,0.0
2025-08-29,0.0,0.0,5.3356711161355984e-17,0.05999999999999994,3.344733936230601e-17,1.2082636778704839e-17,0.03164841569479038,4.106109600696813e-17,7.025630077706063e-17,0.0,0.0,0.0,0.0,0.05999999999999994,0.05999999999999994,0.0,0.05999999999999994,0.0,0.0,0.0,0.0,0.0,0.059999999999999894,0.0,6.697840208125176e-18,0.05999999999999994,0.05999999999999994,0.05999999999999994,1.8902027906843923e-17,0.0,0.05999999999999994,0.0,0.02803861102203109,0.0,6.78585098367024e-17,0.05999999999999994,2.586223008074607e-17,0.0,0.0,0.0,0.0,4.627515860859851e-17,0.04031297328317896,0.0,0.05999999999999994,2.0773810476091282e-17,0.059999999999999915,0.05999999999999994,0.0,0.05999999999999994,0.05999999999999994,0.0,0.0,1.5742711423035569e-18,0.0,0.0,0.0,0.0,0.0,0.0
2025-09-30,0.025272421102641326,6.345483398902806e-17,1.7409111990964265e-17,0.0,7.828132327516314e-17,0.059999999999999956,0.059999999999999956,7.595506923623225e-17,1.0488361821638329e-16,7.848742333498435e-17,1.4586722580776018e-17,1.1466752913317091e-17,0.0,0.059999999999999935,0.05999999999999995,0.0,0.0,1.6641979603767584e-17,6.237868463460051e-17,8.179404029016387e-17,1.1453506965497917e-16,6.397081262497555e-18,0.059999999999999956,2.655762790249297e-17,0.059999999999999866,0.05999999999999994,0.0599999999999999,0.059999999999999894,2.679806926662607e-17,6.79849216965105e-17,0.05999999999999989,0.0,0.05957663572708068,6.501000143439556e-18,4.7867514381505187e-17,4.8808193341157937e-17,2.0119813479571708e-16,4.7259910155176804e-17,4.20334472030859e-17,0.0,0.0,0.0,0.059999999999999956,0.0,0.0,2.7314062241602123e-17,9.314295346776636e-19,0.015150943170277733,1.3955157726633214e-17,0.05999999999999989,0.059999999999999915,0.059999999999999956,1.2650608553223537e-17,0.05999999999999991,4.472077992009182e-17,2.6443736528838513e-17,0.0,2.3399014338056883e-17,3.620164333604783e-17,4.049580976613114e-18
2025-10-31,0.05999999999999994,0.0,1.3841614194028146e-16,0.05999999999999986,8.933825901280549e-17,1.038736402597273e-16,0.05999999999999979,1.3500196265292248e-17,0.059999999999999803,0.0,0.0,0.0,2.821027135073596e-17,0.05999999999999994,4.524099797005935e-17,1.663218606838772e-16,0.0,1.995552034551405e-17,1.6345882267675553e-17,3.5990314411860523e-17,0.0,0.0,0.05999999999999994,0.0,0.0,0.05999999999999988,0.059999999999999935,0.05999999999999994,0.0,3.186298654002092e-17,0.05999999999999993,7.766595682980117e-18,0.0,5.994096030863375e-17,0.04000000000000027,1.0456984534430669e-16,0.05999999999999994,3.200126130597966e-18,0.0,0.0,0.0,3.2819120436816437e-17,0.05999999999999994,0.0,0.0,1.6125647680907383e-17,0.0,0.0,0.05999999999999994,0.05999999999999994,2.0946706979001296e-18,1.256378187262346e-16,0.0,0.05999999999999989,6.386015447913018e-17,0.05999999999999994,2.8192904947060096e-17,0.0,5.319922857610115e-17,0.0
2025-11-28,0.059999999999999866,0.0,0.0,0.05999999999999985,3.0742290604045605e-16,0.059999999999999824,0.05999999999999985,0.0,0.0,1.0994694073406049e-16,2.936918935100347e-17,4.058916633285955e-17,0.0,0.059999999999999866,0.0,1.7806564482648602e-16,0.059999999999999866,8.269271803853283e-17,4.47985122161358e-17,0.0,0.0,0.0,0.059999999999999866,0.0,0.04000000000000082,0.059999999999999803,0.059999999999999845,0.0,0.0,0.0,0.059999999999999866,0.0,0.059999999999999866,1.509463937469845e-16,0.059999999999999824,0.0,0.059999999999999866,0.0,9.942968495523142e-19,0.0,0.0,0.0,0.059999999999999866,0.0,0.0,0.0,0.0,4.070682026315165e-17,0.0,4.887931026027191e-17,3.9153345085721374e-17,0.0,0.0,0.059999999999999866,1.2355814922804204e-16,0.0,0.0,0.0,0.059999999999999866,1.1780577077754502e-16
2025-12-31,0.0,4.431974942560981e-17,0.05999999999999987,0.059999999999999956,0.0,0.059999999999999935,1.8259261052323588e-16,3.320099176426205e-17,0.029059330279823985,0.059999999999999956,0.05999999999999991,0.0,0.0,0.0,0.0,2.1003091258862384e-17,0.059999999999999956,9.387279868153169e-18,1.162752564471367e-17,0.0,0.0,0.059999999999999845,3.139561338925852e-17,3.248912968524608e-17,3.1415092633847765e-17,0.059999999999999956,0.059999999999999956,4.94359164682569e-17,1.6358975405395507e-17,0.0,1.4509399718778813e-17,4.2085246510716633e-17,0.05999999999999989,0.0,0.059999999999999956,3.4496825734794965e-17,0.05999999999999986,3.971917327182621e-18,6.137802570845455e-17,0.030864528264422274,3.4393196207807132e-18,6.863988215410936e-18,0.05999999999999991,2.046355950035067e-17,3.149848774343537e-17,2.148112456017862e-17,3.906476089714337e-17,6.218143130596802e-18,9.723400727356598e-17,0.0,2.793957054129981e-17,3.5048946591281235e-17,1.8267423394758084e-17,0.0,0.05999999999999994,0.0,1.4355905570074652e-17,0.059999999999999956,0.040076141455753965,0.0
2026-01-30,0.0,0.0,0.059999999999999956,0.0,2.975779868531477e-17,0.059999999999999956,5.2225318441481164e-17,0.05798168869365199,0.0,0.0,1.329572171021968e-17,1.0726316141417102e-16,4.26207517023055e-18,0.0,0.0,0.0,0.04255741263788293,3.0848744233413478e-18,0.0,0.0,0.059999999999999956,0.0,0.0,2.0792497221508756e-17,2.5152807033870358e-17,0.059999999999999956,0.059999999999999956,1.153986645259458e-17,3.549637127665319e-17,0.05946089866846528,0.05999999999999989,0.05999999999999993,0.059999999999999956,5.027566840492549e-18,0.0,0.0,1.358354226316846e-16,3.1708767849738335e-17,0.0,0.0,0.0,0.0,0.059999999999999956,7.801906633805253e-18,3.367269677608964e-17,0.059999999999999956,0.05999999999999993,0.0,0.0,0.0,7.992439790054358e-17,0.059999999999999956,2.9436725179642914e-17,2.0926342177239324e-17,0.0,0.0,2.895054291941789e-17,0.0,0.0599999999999999,0.05999999999999994
2026-02-27,6.166624789517102e-17,7.323924705294219e-17,0.05999999999999975,1.592020711814181e-16,3.314223020691958e-17,0.05999999999999987,7.230363029588505e-17,0.011209910086899304,0.0,0.05999999999999984,0.0,1.272607895517885e-17,1.4464172301317766e-16,0.0,0.05999999999999977,5.560432991201037e-17,4.056140320050351e-17,5.1001073270791116e-17,1.2208318352829197e-16,1.5404539746097194e-16,0.05999999999999979,5.451280087634999e-17,0.059999999999999755,9.823369769366824e-17,0.0,1.4900895757657793e-16,1.1981367044561165e-17,0.059999999999999803,4.2554326865435283e-17,1.9372826936279613e-16,0.0,0.05999999999999978,1.1188966420050403e-16,8.215416815326053e-17,1.744557150256812e-16,5.304508915475985e-17,0.05999999999999981,0.0,4.711996686273661e-17,3.341242954955855e-16,1.11600714800108e-16,1.2506153003031442e-16,0.059999999999999706,9.300313300922097e-17,0.0,0.01939339853158439,0.05999999999999975,0.05999999999999983,8.810089262402226e-17,1.3849647672690833e-16,0.009396691381516376,0.05999999999999986,0.059999999999999824,5.786991419147284e-17,0.0599999999999998,0.0,4.7063375359492785e-18,0.0,1.5895968524686964e-16,0.05999999999999996
2026-03-31,0.0,0.0,0.05999999999999986,0.0,0.0,0.0,0.0,0.0,0.0,0.0599999999999999,0.0,5.449442668712212e-17,0.0,0.0,3.668385350212832e-17,6.794833876519044e-17,0.0,3.953785992694664e-17,0.0,0.0,0.0599999999999999,0.0,0.05999999999999993,0.0,0.0,5.5068016906221796e-17,2.164360642158321e-17,0.0,9.367235114165513e-18,6.548277958552142e-17,0.05999999999999993,0.05999999999999993,0.05999999999999993,0.0,0.0,0.059999999999999915,0.05999999999999993,1.7771987678678283e-17,2.624654686555966e-17,0.0,2.3781370808508868e-17,0.0,0.05999999999999993,0.0,0.0,0.020369871016578042,0.05999999999999993,0.05999999999999993,5.051715774843619e-17,0.0,6.78710559975925e-17,0.05999999999999993,0.059999999999999866,1.2940662852667115e-17,0.019630128983422587,0.0,0.0,0.0,0.05999999999999993,0.05999999999999993
